project_id,equipment_id,name,type,discipline,building,floor,space,status,equipment_supplier,location,manufacturer,model_number,serial_number,tranche,vendor,systems,no_tag_date,no_tag_person,l1_red_tag_date,l1_red_tag_person,conditional_yellow_tag_date,conditional_yellow_tag_person,l2_yellow_tag_date,l2_yellow_tag_person,energized_date,energized_person,l3_green_tag_date,l3_green_tag_person,l4_blue_tag_date,l4_blue_tag_person,l5_white_tag_date,l5_white_tag_person,current_stage,current_stage_date,current_stage_person,last_synced
42472,9940385,EDCAT11UPS-BATTERY EE,Skids,Electrical,,,3156,Cx Lvl 2 Complete,,,,,,,,UPS,2025-08-04 19:12:57,Najah Robertson,2026-03-06 13:02:10,Najah Robertson,,,2026-08-10 10:59:37,Najah Robertson,,,,,,,,,L2 Yellow Tag,2026-08-10 10:59:37,Najah Robertson,2026-09-09T00:25:35.989077+00:00
42472,9319597,EDCATL11ADC02900,ADC,Mechanical,,,3171,Cx Lvl 3 Complete,Mustang CAT,,Catalytic Combustion,1046325,WO230543,1,Kenimer & Knox Mechanical,Fuel Oil System,2025-04-25 11:16:32,Ben Reynolds,2025-08-08 12:06:07,Najah Robertson,,,2026-07-31 16:21:20,Najah Robertson,,,2026-08-05 19:10:39,Najah Robertson,,,,,L3 Green Tag,2026-08-05 19:10:39,Najah Robertson,2026-09-09T00:25:35.989077+00:00
42472,9319598,EDCATL11ADC03000,ADC,Mechanical,,,3172,Cx Lvl 3 Complete,Mustang CAT,,Catalytic Combustion,1046325,WO224260-1,1,Kenimer & Knox Mechanical,Fuel Oil System,2025-04-25 11:16:32,Ben Reynolds,2025-08-08 12:06:07,Najah Robertson,,,2026-07-31 16:21:20,Najah Robertson,,,2026-08-05 19:13:39,Najah Robertson,,,,,L3 Green Tag,2026-08-05 19:13:39,Najah Robertson,2026-09-09T00:25:35.989077+00:00
42472,9319599,EDCATL11ADC03100,ADC,Mechanical,,,3173,Cx Lvl 3 Complete,Mustang CAT,,Catalytic Combustion,1046325,WO224261-1,1,Kenimer & Knox Mechanical,Fuel Oil System,2025-04-25 11:16:32,Ben Reynolds,2025-08-08 12:06:07,Najah Robertson,,,2026-07-31 16:21:20,Najah Robertson,,,2026-08-05 19:17:39,Najah Robertson,,,,,L3 Green Tag,2026-08-05 19:17:39,Najah Robertson,2026-09-09T00:25:35.989077+00:00
42472,9319600,EDCATL11ADC03200,ADC,Mechanical,,,3174,Cx Lvl 3 Complete,Mustang CAT,,Catalytic Combustion,1046325,WO230828-1,1,Kenimer & Knox Mechanical,Fuel Oil System,2025-04-25 11:16:32,Ben Reynolds,2025-08-08 12:06:07,Najah Robertson,,,2026-07-31 16:21:20,Najah Robertson,,,2026-08-12 20:04:06,Najah Robertson,,,,,L3 Green Tag,2026-08-12 20:04:06,Najah Robertson,2026-09-09T00:25:35.989077+00:00
42472,9319601,EDCATL11ADC03300,ADC,Mechanical,,,3175,Cx Lvl 3 Complete,Mustang CAT,,Catalytic Combustion,1046325,WO232127-1,1,Kenimer Knox Mechanical,Fuel Oil System,2025-04-25 11:16:32,Ben Reynolds,2025-08-08 12:06:07,Najah Robertson,,,2026-07-31 16:21:20,Najah Robertson,,,2026-08-05 19:23:39,Najah Robertson,,,,,L3 Green Tag,2026-08-05 19:23:39,Najah Robertson,2026-09-09T00:25:35.989077+00:00
42472,9319602,EDCATL11ADC03400,ADC,Mechanical,,,3176,Cx Lvl 3 Complete,Mustang CAT,,Catalytic Combustion,1046325,WO232133-1,1,Kenimer Knox Mechanical,Fuel Oil System,2025-04-25 11:16:32,Ben Reynolds,2025-08-08 12:05:49,Najah Robertson,,,2026-07-31 16:21:20,Najah Robertson,,,2026-08-05 19:24:39,Najah Robertson,,,,,L3 Green Tag,2026-08-05 19:24:39,Najah Robertson,2026-09-09T00:25:35.989077+00:00
42472,9319603,EDCATL11ADC03500,ADC,Mechanical,,,3177,Cx Lvl 3 Complete,Mustang CAT,,Catalytic Combustion,1046325,WO234429-1,1,Kenimer Knox Mechanical,Fuel Oil System,2025-08-07 14:12:00,Frankie Botello,2025-08-08 12:06:07,Najah Robertson,,,2026-07-31 16:21:20,Najah Robertson,,,2026-08-05 19:28:40,Najah Robertson,,,,,L3 Green Tag,2026-08-05 19:28:40,Najah Robertson,2026-09-09T00:25:35.989077+00:00
42472,9323618,EDCATL11AHU00100,AHU,Mechanical,,,ROOF,Cx Lvl 2 Complete,Aaon,Roof,Aaon,RNA-070-D-B-3-HAB0B-00000,202507-BNCY28245,BH,Kenimer Knox Mechanical,Data Hall Pressurization,2025-07-21 19:47:31,Najah Robertson,2026-06-29 17:28:12,Najah Robertson,,,2026-07-31 16:24:18,Najah Robertson,,,,,,,,,L2 Yellow Tag,2026-07-31 16:24:18,Najah Robertson,2026-09-09T00:25:35.989077+00:00
42472,9323619,EDCATL11AHU00200,AHU,Mechanical,,,ROOF,Cx Lvl 2 Complete,Aaaon,,Aaon,RNA-070-D-B-3-HAB0B-00000,202507-BNCY28246,BH,Kenimer Knox Mechanical,Data Hall Pressurization,2025-07-21 19:47:31,Najah Robertson,2026-06-29 17:28:12,Najah Robertson,,,2026-07-31 16:24:18,Najah Robertson,,,,,,,,,L2 Yellow Tag,2026-07-31 16:24:18,Najah Robertson,2026-09-09T00:25:35.989077+00:00
42472,9323440,EDCATL11AHU00300,AHU,Mechanical,,,ROOF,Cx Lvl 2 Complete,Aaon,,Aaon,RNA-070-D-B-3-HAB0B-00000,202507-BNCY28247,AH,Kenimer Knox Mechanical,Data Hall Pressurization,2025-07-21 19:47:31,Najah Robertson,2025-11-24 14:47:02,Najah Robertson,,,2026-07-31 16:24:18,Najah Robertson,,,,,,,,,L2 Yellow Tag,2026-07-31 16:24:18,Najah Robertson,2026-09-09T00:25:35.989077+00:00
42472,9323441,EDCATL11AHU00400,AHU,Mechanical,,,ROOF,Cx Lvl 3 Complete,Aaon,Roof,Aaon,RNA-30-C-A-3-HJBOC,202507-BNCT28236,AH,Kenimer Knox Mechanical,Data Hall Pressurization,2025-07-21 19:47:31,Najah Robertson,2025-11-24 14:17:34,Najah Robertson,,,2026-07-31 16:24:18,Najah Robertson,,,2026-09-02 11:42:52,Najah Robertson,,,,,L3 Green Tag,2026-09-02 11:42:52,Najah Robertson,2026-09-09T00:25:35.989077+00:00
42472,9323620,EDCATL11AHU04100,AHU,Mechanical,,,ROOF,Cx Lvl 2 Complete,Aaon,,Aaon,RNA-40-D-A-3-HJBOB,202507-BNCV28238,BH,Kenimer Knox Mechanical,Data Hall Pressurization,2025-04-25 11:17:17,Ben Reynolds,2025-08-08 16:45:48,Najah Robertson,2026-03-03 19:03:23,Najah Robertson,2026-07-31 16:24:18,Najah Robertson,,,,,,,,,L2 Yellow Tag,2026-07-31 16:24:18,Najah Robertson,2026-09-09T00:25:35.989077+00:00
42472,9323442,EDCATL11AHU04200,AHU,Mechanical,,,ROOF,Cx Lvl 2 Complete,Aaon,,Aaon,RNA-40-D-A-3-HJBOB,202507-BNCV28237,AH,Kenimer Knox Mechancial,Data Hall Pressurization,2025-04-25 11:17:15,Ben Reynolds,2025-08-08 16:45:48,Najah Robertson,2026-03-03 19:03:23,Najah Robertson,2026-07-31 16:24:18,Najah Robertson,,,,,,,,,L2 Yellow Tag,2026-07-31 16:24:18,Najah Robertson,2026-09-09T00:25:35.989077+00:00
42472,9323621,EDCATL11AHU04300,AHU,Mechanical,,,ROOF,Cx Lvl 3 Complete,Aaon,,Aaon,RNA-40-D-A-3-HJBOB,202507-BNCV28239,BH,Kenimer & Knox,Data Hall Pressurization,2025-04-25 11:17:17,Ben Reynolds,2025-11-24 14:47:02,Najah Robertson,,,2026-07-31 16:24:18,Najah Robertson,,,2026-09-02 11:42:52,Najah Robertson,,,,,L3 Green Tag,2026-09-02 11:42:52,Najah Robertson,2026-09-09T00:25:35.989077+00:00
42472,9323443,EDCATL11AHU04400,AHU,Mechanical,,,ROOF,Cx Lvl 2 Complete,Aaon,,Aaon,RNA-40-D-A-3-HJBOB,202507-BNCV28240,AH,Kenimer & Knox,Data Hall Pressurization,2025-04-25 11:17:15,Ben Reynolds,2025-11-24 14:47:03,Najah Robertson,2026-03-03 19:03:23,Najah Robertson,2026-07-31 16:24:18,Najah Robertson,,,,,,,,,L2 Yellow Tag,2026-07-31 16:24:18,Najah Robertson,2026-09-09T00:25:35.989077+00:00
42472,9323444,EDCATL11AHU04500,AHU,Mechanical,,,ROOF,Cx Lvl 3 Complete,Aaon,,Aaon,RNA-40-D-A-3-HJBOB,Serial No: 202507-BNCV28241,AH,Kenimer & Knox,Data Hall Pressurization,2025-04-25 11:17:15,Ben Reynolds,2025-11-24 14:47:02,Najah Robertson,2026-03-03 19:03:23,Najah Robertson,2026-07-31 16:24:18,Najah Robertson,,,2026-09-02 11:42:52,Najah Robertson,,,,,L3 Green Tag,2026-09-02 11:42:52,Najah Robertson,2026-09-09T00:25:35.989077+00:00
42472,9323622,EDCATL11AHU04600,AHU,Mechanical,,,ROOF,Cx Lvl 2 Complete,Aaon,,Aaon,RNA-40-D-A-3-HJBOB,202507-BNCV28242,BH,Kenimer & Knox,Data Hall Pressurization,2025-04-25 11:17:17,Ben Reynolds,2025-11-24 14:47:03,Najah Robertson,,,2026-07-31 16:24:18,Najah Robertson,,,,,,,,,L2 Yellow Tag,2026-07-31 16:24:18,Najah Robertson,2026-09-09T00:25:35.989077+00:00
42472,9323445,EDCATL11AHU04700,AHU,Mechanical,,,ROOF,Cx Lvl 2 Complete,Aaon,,Aaon,RNA-040-D-A-3-HJB0B-00000,202507-BNCV28243,AH,Kenimer Knox Mechanical,Data Hall Pressurization,2025-07-21 19:47:31,Najah Robertson,2025-11-24 14:47:03,Najah Robertson,2026-03-03 19:03:23,Najah Robertson,2026-07-31 16:24:18,Najah Robertson,,,,,,,,,L2 Yellow Tag,2026-07-31 16:24:18,Najah Robertson,2026-09-09T00:25:35.989077+00:00
42472,9323623,EDCATL11AHU04800,AHU,Mechanical,,,ROOF,Cx Lvl 2 Complete,Aaaon,,Aaon,RNA-040-D-A-3-HJB0B-00000,202507-BNCV28244,BH,Kenimer Knox Mechanical,Data Hall Pressurization,2025-07-21 19:47:31,Najah Robertson,2025-11-24 14:47:03,Najah Robertson,2026-03-03 19:03:23,Najah Robertson,2026-07-31 16:24:18,Najah Robertson,,,,,,,,,L2 Yellow Tag,2026-07-31 16:24:18,Najah Robertson,2026-09-09T00:25:35.989077+00:00
42472,9648300,EDCATL11ATSAH110,ATS,,,,1061,Cx Lvl 3 Complete,ASCO Power Technologies,Electrical Room AH,ASCO Power Technologies,7000 Series Transfer Switch,2808242-001,,FTI,LV Switchgear System,2025-06-17 17:32:46,Najah Robertson,2026-03-06 15:49:19,Najah Robertson,,,2026-06-02 13:52:32,Najah Robertson,,,2026-08-05 19:36:42,Najah Robertson,,,,,L3 Green Tag,2026-08-05 19:36:42,Najah Robertson,2026-09-09T00:25:35.989077+00:00
42472,9648303,EDCATL11ATSBH110,ATS,,,,1064,Cx Lvl 3 Complete,ASCO Power Technologies,Electrical Rooms BH,ASCO Power Technologies,G7ADUSB32500N5XC,2808242-002,,FTI,LV Switchgear System,2025-06-17 17:35:06,Najah Robertson,2026-03-06 15:49:19,Najah Robertson,,,2026-06-02 13:34:31,Najah Robertson,,,2026-08-05 19:36:42,Najah Robertson,,,,,L3 Green Tag,2026-08-05 19:36:42,Najah Robertson,2026-09-09T00:25:35.989077+00:00
42472,9319604,EDCATL11ATSEA130,ATS,Electrical,,,3112,Cx Lvl 3 Complete,Bcei,PDU Gallery,ASCO,H7ADTS030800N5XC,2806215-005RE,1,Fti,LV Switchgear System,2025-04-25 11:16:32,Ben Reynolds,2026-01-13 14:26:22,Najah Robertson,,,2026-06-08 19:41:39,Najah Robertson,,,2026-08-05 19:36:42,Najah Robertson,,,,,L3 Green Tag,2026-08-05 19:36:42,Najah Robertson,2026-09-09T00:25:35.989077+00:00
42472,9319605,EDCATL11ATSEA230,ATS,Electrical,,,3112,Cx Lvl 3 Complete,Bcei,PDU Gallery,ASCO,H7ADTS030800N5XC,2806215-009RE,1,Fti,LV Switchgear System,2025-04-25 11:16:32,Ben Reynolds,2026-01-13 14:26:22,Najah Robertson,,,2026-06-08 19:42:39,Najah Robertson,,,2026-08-05 19:36:42,Najah Robertson,,,,,L3 Green Tag,2026-08-05 19:36:42,Najah Robertson,2026-09-09T00:25:35.989077+00:00
42472,9319606,EDCATL11ATSEA330,ATS,Electrical,,,3121,Cx Lvl 3 Complete,BCEI,PDU Gallery,ASCO,H7ADTS030800N5XC,2806215-006RE,1,Fti,LV Switchgear System,2025-04-25 11:16:32,Ben Reynolds,2025-11-17 20:51:47,Najah Robertson,,,2026-06-09 19:11:39,Najah Robertson,,,2026-08-05 19:36:42,Najah Robertson,,,,,L3 Green Tag,2026-08-05 19:36:42,Najah Robertson,2026-09-09T00:25:35.989077+00:00
42472,9319607,EDCATL11ATSEA430,ATS,Electrical,,,3121,Cx Lvl 3 Complete,BCEI,PDU Gallery,Asco,H7ADTS030800N5XC,2806215-007RE,1,Fti,LV Switchgear System,2025-04-25 11:16:32,Ben Reynolds,2025-11-17 20:51:47,Najah Robertson,,,2026-06-09 19:10:41,Najah Robertson,,,2026-08-05 19:36:42,Najah Robertson,,,,,L3 Green Tag,2026-08-05 19:36:42,Najah Robertson,2026-09-09T00:25:35.989077+00:00
42472,9319608,EDCATL11ATSEB130,ATS,Electrical,,,3112,Cx Lvl 3 Complete,Bcei,PDU Gallery,Asco,H2ADT5030800N5XC,2806215-010RE,1,Fti,LV Switchgear System,2025-04-25 11:16:32,Ben Reynolds,2026-01-13 14:26:22,Najah Robertson,,,2026-06-08 19:31:39,Najah Robertson,,,2026-08-05 19:36:42,Najah Robertson,,,,,L3 Green Tag,2026-08-05 19:36:42,Najah Robertson,2026-09-09T00:25:35.989077+00:00
42472,9319609,EDCATL11ATSEB230,ATS,Electrical,,,3112,Cx Lvl 3 Complete,Bcei,PDU Gallery,ASCO,H7ADTS030800N5XC,2806215-004RE,1,Fti,LV Switchgear System,2025-04-25 11:16:32,Ben Reynolds,2026-01-13 14:26:22,Najah Robertson,,,2026-08-27 19:05:30,Johnny Houston,,,2026-09-02 13:20:18,Najah Robertson,,,,,L3 Green Tag,2026-09-02 13:20:18,Najah Robertson,2026-09-09T00:25:35.989077+00:00
42472,9319610,EDCATL11ATSEB330,ATS,Electrical,,,3121,Cx Lvl 3 Complete,BCEI,PDU Gallery,ASCO,H7ADTS03008N5XC,2806215-008RE,1,Fti,LV Switchgear System,2025-04-25 11:16:32,Ben Reynolds,2025-11-17 20:51:47,Najah Robertson,,,2026-08-27 19:06:10,Johnny Houston,,,2026-09-02 13:20:18,Najah Robertson,,,,,L3 Green Tag,2026-09-02 13:20:18,Najah Robertson,2026-09-09T00:25:35.989077+00:00
42472,9319611,EDCATL11ATSEB430,ATS,Electrical,,,3121,Cx Lvl 3 Complete,BCEI,PDU Gallery,Asco,H7ADTS030800N5XC,2806215-001RE,1,Fti,LV Switchgear System,2025-04-25 11:16:32,Ben Reynolds,2025-11-17 20:51:47,Najah Robertson,,,2026-08-27 19:06:29,Johnny Houston,,,2026-09-02 13:20:18,Najah Robertson,,,,,L3 Green Tag,2026-09-02 13:20:18,Najah Robertson,2026-09-09T00:25:35.989077+00:00
42472,9319612,EDCATL11ATSEC130,ATS,Electrical,,,3112,Cx Lvl 3 Complete,Bcei,PDU Gallery,ASCO,H7ADTS030800N5XC,2806215-003RE,1,Fti,LV Switchgear System,2025-04-25 11:16:32,Ben Reynolds,2026-01-13 14:26:32,Najah Robertson,,,2026-06-08 19:18:39,Najah Robertson,,,2026-08-05 19:36:42,Najah Robertson,,,,,L3 Green Tag,2026-08-05 19:36:42,Najah Robertson,2026-09-09T00:25:35.989077+00:00
42472,9319613,EDCATL11ATSEC230,ATS,Electrical,,,3112,Cx Lvl 3 Complete,Bcei,PDU Gallery,Asco,H7ADTS030800N5XC,2806215-002RE,1,Fti,LV Switchgear System,2025-04-25 11:16:32,Ben Reynolds,2026-01-13 14:26:32,Najah Robertson,,,2026-06-08 19:16:39,Najah Robertson,,,2026-08-05 19:36:42,Najah Robertson,,,,,L3 Green Tag,2026-08-05 19:36:42,Najah Robertson,2026-09-09T00:25:35.989077+00:00
42472,9319614,EDCATL11ATSEC330,ATS,Electrical,,,3121,Cx Lvl 3 Complete,BCEI,PDU Gallery,Asco,H7ADTS030800N5XC,2806213-002RE,1,FTi,LV Switchgear System,2025-11-05 20:17:54,Ronald Thomas,2025-11-17 20:51:47,Najah Robertson,,,2026-08-27 19:06:46,Johnny Houston,,,2026-09-02 13:20:18,Najah Robertson,,,,,L3 Green Tag,2026-09-02 13:20:18,Najah Robertson,2026-09-09T00:25:35.989077+00:00
42472,9319615,EDCATL11ATSEC430,ATS,Electrical,,,3121,Cx Lvl 3 Complete,BCEI,PDU Gallery,Asco,H7ADTS030800N5XC,2806213 - 006RE,1,Fti,LV Switchgear System,2025-11-05 20:11:48,Ronald Thomas,2025-11-17 20:51:47,Najah Robertson,,,2026-08-27 19:04:39,Johnny Houston,,,2026-09-02 13:20:18,Najah Robertson,,,,,L3 Green Tag,2026-09-02 13:20:18,Najah Robertson,2026-09-09T00:25:35.989077+00:00
42472,9319616,EDCATL11ATSED130,ATS,Electrical,,,3112,Cx Lvl 3 Complete,BCEI,PDU Gallery,Asco,H7ADTS030800N5XC,2806213-007RE,1,FTI,LV Switchgear System,2025-04-25 11:16:32,Ben Reynolds,2025-11-17 20:51:47,Najah Robertson,,,2026-06-08 19:02:39,Najah Robertson,,,2026-08-05 19:36:42,Najah Robertson,,,,,L3 Green Tag,2026-08-05 19:36:42,Najah Robertson,2026-09-09T00:25:35.989077+00:00
42472,9319617,EDCATL11ATSED230,ATS,Electrical,,,3112,Cx Lvl 3 Complete,BCEI,PDU Gallery,Asco,H7ADTS030800N5XC,2806213 - 004RE,1,FTI,LV Switchgear System,2025-04-25 11:16:32,Ben Reynolds,2025-11-17 20:51:47,Najah Robertson,,,2026-06-08 18:55:40,Najah Robertson,,,2026-08-05 19:36:42,Najah Robertson,,,,,L3 Green Tag,2026-08-05 19:36:42,Najah Robertson,2026-09-09T00:25:35.989077+00:00
42472,9319618,EDCATL11ATSED330,ATS,Electrical,,,3121,Cx Lvl 3 Complete,BCEI,PDU Gallery,ASCO,H7ADTS030800N5XC,2806213-005RE,1,FTI,LV Switchgear System,2025-11-05 20:05:34,Ronald Thomas,2026-01-13 14:26:40,Najah Robertson,,,2026-08-27 19:07:06,Johnny Houston,,,2026-09-02 13:20:18,Najah Robertson,,,,,L3 Green Tag,2026-09-02 13:20:18,Najah Robertson,2026-09-09T00:25:35.989077+00:00
42472,9319619,EDCATL11ATSED430,ATS,Electrical,,,3121,Cx Lvl 3 Complete,BCEI,PDU Gallery,Asco,H7ADTS030800N5XC,2806213 - 003RE,1,FTI,LV Switchgear System,2025-11-05 20:06:07,Ronald Thomas,2026-01-13 14:26:40,Najah Robertson,,,2026-08-27 19:07:24,Johnny Houston,,,2026-09-02 13:20:18,Najah Robertson,,,,,L3 Green Tag,2026-09-02 13:20:18,Najah Robertson,2026-09-09T00:25:35.989077+00:00
42472,9319620,EDCATL11ATSEE130,ATS,Electrical,,,3112,Cx Lvl 3 Complete,BCEI,PDU Gallery,Asco,H7ADTS030800N5XC,2806213-009RE,1,FTI,LV Switchgear System,2025-04-25 11:16:33,Ben Reynolds,2025-11-17 20:51:47,Najah Robertson,,,2026-08-27 19:07:39,Johnny Houston,,,2026-09-02 13:20:18,Najah Robertson,,,,,L3 Green Tag,2026-09-02 13:20:18,Najah Robertson,2026-09-09T00:25:35.989077+00:00
42472,9319621,EDCATL11ATSEE230,ATS,Electrical,,,3112,Cx Lvl 3 Complete,BCEI,PDU Gallery,Asco,H7ADTS030800N5XC,2806213-008RE,1,FTI,LV Switchgear System,2025-04-25 11:16:33,Ben Reynolds,2025-11-17 20:51:47,Najah Robertson,,,2026-08-27 19:08:00,Johnny Houston,,,2026-09-02 13:20:18,Najah Robertson,,,,,L3 Green Tag,2026-09-02 13:20:18,Najah Robertson,2026-09-09T00:25:35.989077+00:00
42472,9319622,EDCATL11ATSEE330,ATS,Electrical,,,3121,Cx Lvl 3 Complete,BCEI,PDU Gallery,Asco,H7ADTS030800N5XC,2806213 - 010RE,1,FTI,LV Switchgear System,2025-11-05 20:11:48,Ronald Thomas,2026-01-08 22:14:39,Najah Robertson,,,2026-08-27 19:08:42,Johnny Houston,,,2026-09-02 13:20:18,Najah Robertson,,,,,L3 Green Tag,2026-09-02 13:20:18,Najah Robertson,2026-09-09T00:25:35.989077+00:00
42472,9319623,EDCATL11ATSEE430,ATS,Electrical,,,3121,Cx Lvl 3 Complete,BCEI,PDU Gallery,Asco,H7ADTS030800N5XC,2806213-001RE,1,FTI,LV Switchgear System,2025-11-05 20:11:48,Ronald Thomas,2026-01-08 22:14:39,Najah Robertson,,,2026-08-27 19:09:04,Johnny Houston,,,2026-09-02 13:20:18,Najah Robertson,,,,,L3 Green Tag,2026-09-02 13:20:18,Najah Robertson,2026-09-09T00:25:35.989077+00:00
42472,9319624,EDCATL11ATSEF130,ATS,Electrical,,,3112,Cx Lvl 3 Complete,BCEI,PDU Gallery,Asco,H7ADTS030800N5XC,2806217 - 002RE,1,FTI,LV Switchgear System,2025-04-25 11:16:33,Ben Reynolds,2026-03-31 20:30:55,Najah Robertson,,,2026-08-27 19:09:22,Johnny Houston,,,2026-09-02 13:20:18,Najah Robertson,,,,,L3 Green Tag,2026-09-02 13:20:18,Najah Robertson,2026-09-09T00:25:35.989077+00:00
42472,9319625,EDCATL11ATSEF230,ATS,Electrical,,,3112,Cx Lvl 3 Complete,BCEI,PDU Gallery,ASCO,H7ADTS030800N5XC,2806217-003RE,1,FTI,LV Switchgear System,2025-04-25 11:16:33,Ben Reynolds,2026-03-31 20:30:55,Najah Robertson,,,2026-08-27 19:09:35,Johnny Houston,,,2026-09-02 13:20:18,Najah Robertson,,,,,L3 Green Tag,2026-09-02 13:20:18,Najah Robertson,2026-09-09T00:25:35.989077+00:00
42472,9319626,EDCATL11ATSEF330,ATS,Electrical,,,3121,Cx Lvl 3 Complete,BCEI,PDU Gallery,ASCO,H7ADTS030800N5XC,2806217-001RE,1,FTI,LV Switchgear System,2025-04-25 11:16:33,Ben Reynolds,2026-01-13 14:26:51,Najah Robertson,,,2026-08-27 19:11:36,Johnny Houston,,,2026-09-02 13:20:18,Najah Robertson,,,,,L3 Green Tag,2026-09-02 13:20:18,Najah Robertson,2026-09-09T00:25:35.989077+00:00
42472,9319627,EDCATL11ATSEF430,ATS,Electrical,,,3121,Cx Lvl 3 Complete,BCEI,PDU Gallery,ASCO,H7ADTS030800N5XC,2806217-005RE,1,FTI,LV Switchgear System,2025-04-25 11:16:33,Ben Reynolds,2026-01-13 14:26:51,Najah Robertson,,,2026-08-27 19:12:39,Johnny Houston,,,2026-09-02 13:20:18,Najah Robertson,,,,,L3 Green Tag,2026-09-02 13:20:18,Najah Robertson,2026-09-09T00:25:35.989077+00:00
42472,9319628,EDCATL11BDT00100,BDT,Electrical,,,3154,Cx Lvl 2 Complete,BCEI,,ANORD mardix,AMX891-25-43-65-30-SQ-1,26308,1,FTI,LV Switchgear System,2025-04-25 11:16:33,Ben Reynolds,2026-03-04 19:19:50,Najah Robertson,,,2026-05-27 16:45:26,Najah Robertson,,,,,,,,,L2 Yellow Tag,2026-05-27 16:45:26,Najah Robertson,2026-09-09T00:25:35.989077+00:00
42472,9319630,EDCATL11BMP0010A,BMP,Controls,,,3121,Cx Lvl 2 Complete,DataSite,,Saginaw Control Engineering,SCE-36EL2412LP,6158191,1,MC Dean,BMS System,2025-04-25 11:16:33,Ben Reynolds,2025-11-17 20:52:18,Najah Robertson,,,2026-06-17 20:55:24,Najah Robertson,,,,,,,,,L2 Yellow Tag,2026-06-17 20:55:24,Najah Robertson,2026-09-09T00:25:35.989077+00:00
42472,9319629,EDCATL11BMP00109,BMP,Controls,,,3112,Cx Lvl 2 Complete,DataSite,,Saginaw Control Engineering,SCE-36EL2412LP,6158191,1,MC Dean,BMS System,2025-04-25 11:16:33,Ben Reynolds,2025-11-17 20:52:18,Najah Robertson,,,2026-06-17 20:56:03,Najah Robertson,,,,,,,,,L2 Yellow Tag,2026-06-17 20:56:03,Najah Robertson,2026-09-09T00:25:35.989077+00:00
42472,12543826,EDCATL11BMPAH100,BMP,Controls,,,,Cx Lvl 2 Complete,DataSite,,Saginaw Control Engineering,SCE-36EL2412LP,6110342,,MC DEAN,BMS System,2026-05-18 17:00:45,Najah Robertson,,,,,2026-06-02 14:02:32,Najah Robertson,,,,,,,,,L2 Yellow Tag,2026-06-02 14:02:32,Najah Robertson,2026-09-09T00:25:35.989077+00:00
42472,11577764,EDCATL11BMPBH100,BMP,Controls,,,,Cx Lvl 2 Complete,DataSite,,Saginaw Control Engineering,SCE-36EL2412LP,6110342,,MC Dean,BMS System,2026-03-06 14:48:56,Darshan Lunawat,2026-04-08 19:51:39,Najah Robertson,,,2026-05-26 13:11:34,Najah Robertson,,,,,,,,,L2 Yellow Tag,2026-05-26 13:11:34,Najah Robertson,2026-09-09T00:25:35.989077+00:00
42472,9319652,EDCATL11BMPEA100,BMP,Controls,,,3151,Cx Lvl 2 Complete,DataSite,,Saginaw Control Engineering,SEC-36EL2412LP,N/A,1,MC Dean,BMS System,2025-04-25 11:16:33,Ben Reynolds,2025-11-10 17:41:00,Najah Robertson,,,2026-05-18 19:56:32,Najah Robertson,,,,,,,,,L2 Yellow Tag,2026-05-18 19:56:32,Najah Robertson,2026-09-09T00:25:35.989077+00:00
42472,9319653,EDCATL11BMPEB100,BMP,Controls,,,3152,Cx Lvl 2 Complete,DataSite,,Saginaw Control Engineering,SEC-36EL2412LP,N/A,1,MC Dean,BMS System,2025-04-25 11:16:33,Ben Reynolds,2025-11-10 17:41:00,Najah Robertson,,,2026-05-18 19:56:33,Najah Robertson,,,,,,,,,L2 Yellow Tag,2026-05-18 19:56:33,Najah Robertson,2026-09-09T00:25:35.989077+00:00
42472,9319654,EDCATL11BMPEC100,BMP,Controls,,,3153,Cx Lvl 2 Complete,DataSite,,Saginaw Control Engineering,SEC-36EL2412LP,N/A,1,MC Dean,BMS System,2025-04-25 11:16:33,Ben Reynolds,2025-11-10 17:41:00,Najah Robertson,,,2026-05-18 19:56:33,Najah Robertson,,,,,,,,,L2 Yellow Tag,2026-05-18 19:56:33,Najah Robertson,2026-09-09T00:25:35.989077+00:00
42472,9319655,EDCATL11BMPED100,BMP,Controls,,,3155,Cx Lvl 2 Complete,DataSite,,Saginaw Control Engineering,SEC-36EL2412LP,N/A,1,MC Dean,BMS System,2025-04-25 11:16:33,Ben Reynolds,2025-11-10 17:41:00,Najah Robertson,,,2026-05-18 19:57:29,Najah Robertson,,,,,,,,,L2 Yellow Tag,2026-05-18 19:57:29,Najah Robertson,2026-09-09T00:25:35.989077+00:00
42472,9319656,EDCATL11BMPEE100,BMP,Controls,,,3156,Cx Lvl 2 Complete,DataSite,,Saginaw Control Engineering,SEC-36EL2412LP,N/A,1,MC Dean,BMS System,2025-04-25 11:16:33,Ben Reynolds,2025-11-10 17:41:00,Najah Robertson,,,2026-05-18 19:57:29,Najah Robertson,,,,,,,,,L2 Yellow Tag,2026-05-18 19:57:29,Najah Robertson,2026-09-09T00:25:35.989077+00:00
42472,9319657,EDCATL11BMPEF100,BMP,Controls,,,3157,Cx Lvl 2 Complete,DataSite,,Saginaw Control Engineering,SEC-36EL2412LP,N/A,1,MC Dean,BMS System,2025-04-25 11:16:33,Ben Reynolds,2025-11-10 17:41:00,Najah Robertson,,,2026-05-18 19:57:29,Najah Robertson,,,,,,,,,L2 Yellow Tag,2026-05-18 19:57:29,Najah Robertson,2026-09-09T00:25:35.989077+00:00
42472,9319658,EDCATL11BMPEZ100,BMP,Controls,,,3154,Cx Lvl 2 Complete,BGA,,Saginaw Control Engineering,CA606,6110342,1,KKM,BMS System,2025-04-25 11:16:33,Ben Reynolds,2026-01-07 20:33:39,Najah Robertson,,,2026-05-18 19:57:29,Najah Robertson,,,,,,,,,L2 Yellow Tag,2026-05-18 19:57:29,Najah Robertson,2026-09-09T00:25:35.989077+00:00
42472,9319659,EDCATL11BMPMPMAA,BMP,Controls,,,3111,Cx Lvl 2 Complete,Rovisys,,Saginaw Control Engineering,SCE-48EL4812WFLP,6093716,1,MC Dean,BMS System,2025-04-25 11:16:33,Ben Reynolds,2026-01-20 17:42:21,Najah Robertson,,,2026-05-18 19:03:24,Najah Robertson,,,,,,,,,L2 Yellow Tag,2026-05-18 19:03:24,Najah Robertson,2026-09-09T00:25:35.989077+00:00
42472,9319660,EDCATL11BMPMPMAB,BMP,Controls,,,3111,Cx Lvl 2 Complete,Rovisys,,Saginaw Control Engineering,SCE48EL4812WFLP,6036782,1,MC Dean,BMS System,2025-04-25 11:16:33,Ben Reynolds,2026-01-20 17:42:21,Najah Robertson,,,2026-05-18 19:00:41,Najah Robertson,,,,,,,,,L2 Yellow Tag,2026-05-18 19:00:41,Najah Robertson,2026-09-09T00:25:35.989077+00:00
42472,11567857,EDCATL11BMPMVA10,BMP,Controls,,,,Cx Lvl 2 Complete,DataSite,,Saginaw Control Engineering,SCE-30EL3012LPLG,6340274,,MC DEAN,BMS System,2026-03-05 22:04:36,Darshan Lunawat,2026-04-22 17:05:36,Najah Robertson,,,2026-05-27 19:26:12,Najah Robertson,,,,,,,,,L2 Yellow Tag,2026-05-27 19:26:12,Najah Robertson,2026-09-09T00:25:35.989077+00:00
42472,11567860,EDCATL11BMPMVA20,BMP,Controls,,,,Cx Lvl 2 Complete,DataSite,,Saginaw Control Engineering,SCE-30EL3012LPLG,6340274.2,,MC Dean,BMS System,2026-03-05 22:07:32,Darshan Lunawat,2026-05-07 13:26:29,Najah Robertson,,,2026-06-02 11:48:38,Najah Robertson,,,,,,,,,L2 Yellow Tag,2026-06-02 11:48:38,Najah Robertson,2026-09-09T00:25:35.989077+00:00
42472,11567859,EDCATL11BMPMVB10,BMP,Controls,,,,Cx Lvl 2 Complete,DataSite,,Saginaw Control Engineering,SCE-30EL3012LPLG,634027.2,,MC Dean,BMS System,2026-03-05 22:06:30,Darshan Lunawat,2026-04-22 17:05:36,Najah Robertson,,,2026-06-02 14:08:31,Najah Robertson,,,,,,,,,L2 Yellow Tag,2026-06-02 14:08:31,Najah Robertson,2026-09-09T00:25:35.989077+00:00
42472,11567861,EDCATL11BMPMVB20,BMP,Controls,,,,Cx Lvl 2 Complete,DataSite,,Saginaw Control Engineering,SCE-30EL2012LPLG,6406596.1,,MC Dean,BMS System,2026-03-05 22:08:03,Darshan Lunawat,2026-05-07 13:29:55,Najah Robertson,,,2026-06-02 14:29:44,Najah Robertson,,,,,,,,,L2 Yellow Tag,2026-06-02 14:29:44,Najah Robertson,2026-09-09T00:25:35.989077+00:00
42472,9323625,EDCATL11BOP00100,BOP,Fire Protection,,,1066,Cx Lvl 3 Complete,KKM,,Grundfos,Multi E CRE 20-4,100000010,BH,KKM,Fire Protection System,2025-04-25 11:17:17,Ben Reynolds,2026-03-04 15:42:17,Najah Robertson,,,2026-07-09 14:40:13,Najah Robertson,,,2026-08-20 13:05:12,Najah Robertson,,,,,L3 Green Tag,2026-08-20 13:05:12,Najah Robertson,2026-09-09T00:25:35.989077+00:00
42472,9319663,EDCATL11BSW00100,BSW,Electrical,,,ROOF,Cx Lvl 3 Complete,FTI,Roof,Schneider Electric,AOF2340GCTBL750,510153310370301,1,FTI,LV Switchgear System,2025-04-25 11:16:33,Ben Reynolds,2026-03-18 13:35:21,Najah Robertson,,,2026-05-29 11:38:58,Najah Robertson,,,2026-08-04 14:24:49,Najah Robertson,,,,,L3 Green Tag,2026-08-04 14:24:49,Najah Robertson,2026-09-09T00:25:35.989077+00:00
42472,9319664,EDCATL11BSW00200,BSW,Electrical,,,ROOF,Cx Lvl 2 Complete,FTI,,Schneider Electric,AOF2340GCTBL750,510153310370201,1,FTI,LV Switchgear System,2025-04-25 11:16:33,Ben Reynolds,2026-03-26 14:44:55,Najah Robertson,,,2026-08-04 14:28:49,Najah Robertson,,,,,,,,,L2 Yellow Tag,2026-08-04 14:28:49,Najah Robertson,2026-09-09T00:25:35.989077+00:00
42472,9319665,EDCATL11BSWEZ110,BSW,Electrical,,,3154,Cx Lvl 3 Complete,FTI,Electrical room,Schneider,,,1,FTI,LV Switchgear System,2026-03-10 15:39:24,Najah Robertson,2026-03-18 13:34:46,Najah Robertson,,,2026-05-29 11:43:03,Najah Robertson,,,2026-08-04 14:30:49,Najah Robertson,,,,,L3 Green Tag,2026-08-04 14:30:49,Najah Robertson,2026-09-09T00:25:35.989077+00:00
42472,9319666,EDCATL11BSWEZ210,BSW,Electrical,,,3112,Cx Lvl 3 Complete,FTI,,Schneider,,,1,FTI,LV Switchgear System,2025-04-25 11:16:33,Ben Reynolds,2026-03-18 13:35:27,Najah Robertson,,,2026-05-29 11:38:50,Najah Robertson,,,2026-08-04 14:31:49,Najah Robertson,,,,,L3 Green Tag,2026-08-04 14:31:49,Najah Robertson,2026-09-09T00:25:35.989077+00:00
42472,9319667,EDCATL11BSWEZ310,BSW,Electrical,,,3121,Cx Lvl 3 Complete,FTI,,Schneider,,26297-06,1,FTI,LV Switchgear System,2025-04-25 11:16:33,Ben Reynolds,2026-03-18 13:35:27,Najah Robertson,,,2026-05-29 11:38:50,Najah Robertson,,,2026-08-04 14:33:06,Najah Robertson,,,,,L3 Green Tag,2026-08-04 14:33:06,Najah Robertson,2026-09-09T00:25:35.989077+00:00
42472,9319668,EDCATL11CHLA0100,CHL,Mechanical,,,ROOF,Cx Lvl 2 Complete,TMI,Roof,Daikin,AWV,STNU250400137,1,Kenimer Knox Mechanical,Chilled Water System,2025-04-25 11:16:33,Ben Reynolds,2026-03-05 19:49:16,Najah Robertson,,,2026-07-31 16:26:36,Najah Robertson,,,,,,,,,L2 Yellow Tag,2026-07-31 16:26:36,Najah Robertson,2026-09-09T00:25:35.989077+00:00
42472,9319669,EDCATL11CHLA0200,CHL,Mechanical,,,ROOF,Cx Lvl 2 Complete,TMI,,Daikin,AWV028BRRNTTN0D,STNU250500048,1,Kenimer Knox Mechanical,Chilled Water System,2025-04-25 11:16:33,Ben Reynolds,2026-03-05 19:50:18,Najah Robertson,,,2026-07-31 16:26:36,Najah Robertson,,,,,,,,,L2 Yellow Tag,2026-07-31 16:26:36,Najah Robertson,2026-09-09T00:25:35.989077+00:00
42472,9319670,EDCATL11CHLA0300,CHL,Mechanical,,,ROOF,Cx Lvl 2 Complete,TMI,,Daikin,AWV028BRRNTTN0D,STNU250500047,1,Kenimer Knox Mechanical,Chilled Water System,2025-04-25 11:16:33,Ben Reynolds,2026-03-05 19:50:18,Najah Robertson,,,2026-07-31 16:26:36,Najah Robertson,,,,,,,,,L2 Yellow Tag,2026-07-31 16:26:36,Najah Robertson,2026-09-09T00:25:35.989077+00:00
42472,9319671,EDCATL11CHLA0400,CHL,Mechanical,,,ROOF,Cx Lvl 2 Complete,TMI,,Daikin,AWV028BRRNTTN0D,STNU250600106,1,Kenimer Knox Mechanical,Chilled Water System,2025-04-25 11:16:33,Ben Reynolds,2026-03-05 19:50:18,Najah Robertson,,,2026-07-31 16:26:36,Najah Robertson,,,,,,,,,L2 Yellow Tag,2026-07-31 16:26:36,Najah Robertson,2026-09-09T00:25:35.989077+00:00
42472,9319672,EDCATL11CHLA0500,CHL,Mechanical,,,ROOF,Cx Lvl 2 Complete,TMI,,Daikin,AWV028BRRNTTN0D,STNU250500051,1,Kenimer Knox Mechanical,Chilled Water System,2025-04-25 11:16:33,Ben Reynolds,2026-03-05 19:51:16,Najah Robertson,,,2026-07-31 16:26:36,Najah Robertson,,,,,,,,,L2 Yellow Tag,2026-07-31 16:26:36,Najah Robertson,2026-09-09T00:25:35.989077+00:00
42472,9319673,EDCATL11CHLA0600,CHL,Mechanical,,,ROOF,Cx Lvl 2 Complete,TMI,,Daikin,AWV028BRRNTTN0D,STNU250500050,1,Kenimer Knox Mechanical,Chilled Water System,2025-04-25 11:16:33,Ben Reynolds,2026-03-05 19:51:16,Najah Robertson,,,2026-07-31 16:26:36,Najah Robertson,,,,,,,,,L2 Yellow Tag,2026-07-31 16:26:36,Najah Robertson,2026-09-09T00:25:35.989077+00:00
42472,9319674,EDCATL11CHLA0700,CHL,Mechanical,,,ROOF,Cx Lvl 2 Complete,TMI,,Daikin,AWV028BRRNTT0D,STNU250500114,1,Kenimer Knox Mechanical,Chilled Water System,2025-04-25 11:16:33,Ben Reynolds,2026-03-05 19:51:16,Najah Robertson,,,2026-07-31 16:26:36,Najah Robertson,,,,,,,,,L2 Yellow Tag,2026-07-31 16:26:36,Najah Robertson,2026-09-09T00:25:35.989077+00:00
42472,9319675,EDCATL11CHPA0100,CHP,Mechanical,,,ROOF,Cx Lvl 2 Complete,TMI,,Armstrong,DE IVS Sensorless,,1,Kenimer Knox Mechanical,Chilled Water System,2025-04-25 11:16:33,Ben Reynolds,2026-03-05 19:52:16,Najah Robertson,,,2026-07-31 16:26:43,Najah Robertson,,,,,,,,,L2 Yellow Tag,2026-07-31 16:26:43,Najah Robertson,2026-09-09T00:25:35.989077+00:00
42472,9319676,EDCATL11CHPA0200,CHP,Mechanical,,,ROOF,Cx Lvl 2 Complete,Daikin,,Armstrong,Design Envelope,,1,Kenimer Knox Mechanical,Chilled Water System,2025-04-25 11:16:33,Ben Reynolds,2026-03-05 19:52:16,Najah Robertson,,,2026-07-31 16:26:43,Najah Robertson,,,,,,,,,L2 Yellow Tag,2026-07-31 16:26:43,Najah Robertson,2026-09-09T00:25:35.989077+00:00
42472,9319677,EDCATL11CHPA0300,CHP,Mechanical,,,ROOF,Cx Lvl 2 Complete,Daikin,,Armstrong,4200H,,1,Kenimer Knox Mechanical,Chilled Water System,2025-04-25 11:16:33,Ben Reynolds,2026-03-05 19:52:16,Najah Robertson,,,2026-07-31 16:26:43,Najah Robertson,,,,,,,,,L2 Yellow Tag,2026-07-31 16:26:43,Najah Robertson,2026-09-09T00:25:35.989077+00:00
42472,9319678,EDCATL11CHPA0400,CHP,Mechanical,,,ROOF,Cx Lvl 2 Complete,Daikin,,Armstrong,4200H,,1,Kenimer Knox Mechanical,Chilled Water System,2025-04-25 11:16:33,Ben Reynolds,2026-03-05 19:52:16,Najah Robertson,,,2026-07-31 16:26:43,Najah Robertson,,,,,,,,,L2 Yellow Tag,2026-07-31 16:26:43,Najah Robertson,2026-09-09T00:25:35.989077+00:00
42472,9319679,EDCATL11CHPA0500,CHP,Mechanical,,,ROOF,Cx Lvl 2 Complete,Daikin,,Armstrong,4200H,,1,Kenimer Knox Mechanical,Chilled Water System,2025-04-25 11:16:33,Ben Reynolds,2026-03-05 19:52:17,Najah Robertson,,,2026-07-31 16:26:43,Najah Robertson,,,,,,,,,L2 Yellow Tag,2026-07-31 16:26:43,Najah Robertson,2026-09-09T00:25:35.989077+00:00
42472,9319680,EDCATL11CHPA0600,CHP,Mechanical,,,ROOF,Cx Lvl 2 Complete,Daikin,,Armstrong,4200H,,1,Kenimer Knox Mechanical,Chilled Water System,2025-04-25 11:16:33,Ben Reynolds,2026-03-05 19:53:15,Najah Robertson,,,2026-07-31 16:26:43,Najah Robertson,,,,,,,,,L2 Yellow Tag,2026-07-31 16:26:43,Najah Robertson,2026-09-09T00:25:35.989077+00:00
42472,9319681,EDCATL11CHPA0700,CHP,Mechanical,,,ROOF,Cx Lvl 2 Complete,Daikin,,Armstrong,4200H,,1,Kenimer Knox Mechanical,Chilled Water System,2025-04-25 11:16:33,Ben Reynolds,2026-03-05 19:53:15,Najah Robertson,,,2026-07-31 16:26:43,Najah Robertson,,,,,,,,,L2 Yellow Tag,2026-07-31 16:26:43,Najah Robertson,2026-09-09T00:25:35.989077+00:00
42472,9323447,EDCATL11CON00100,CON,Mechanical,,,ROOF,Cx Lvl 2 Complete,BGA,,Vertiv,MCL110,R25K001524,AH,Kenimer Knox Mechanical,Air Cooled System,2025-04-25 11:17:15,Ben Reynolds,2026-03-03 16:54:19,Najah Robertson,,,2026-07-31 16:28:32,Najah Robertson,,,,,,,,,L2 Yellow Tag,2026-07-31 16:28:32,Najah Robertson,2026-09-09T00:25:35.989077+00:00
42472,9323448,EDCATL11CON00200,CON,Mechanical,,,ROOF,Cx Lvl 2 Complete,BGA,,Vertiv,MCL110,Y25H004446,AH,KKM,Air Cooled System,2025-04-25 11:17:15,Ben Reynolds,2026-03-03 16:56:28,Najah Robertson,,,2026-07-31 16:28:32,Najah Robertson,,,,,,,,,L2 Yellow Tag,2026-07-31 16:28:32,Najah Robertson,2026-09-09T00:25:35.989077+00:00
42472,9323626,EDCATL11CON00300,CON,Mechanical,,,ROOF,Cx Lvl 2 Complete,BGA,,Vertiv,MCL110,R25M003652,BH,KKM,Chilled Water System,2025-04-25 11:17:17,Ben Reynolds,2026-03-03 16:59:11,Najah Robertson,,,2026-07-31 16:28:32,Najah Robertson,,,,,,,,,L2 Yellow Tag,2026-07-31 16:28:32,Najah Robertson,2026-09-09T00:25:35.989077+00:00
42472,9323449,EDCATL11CRA00100,CRA,Mechanical,,,3033,Cx Lvl 2 Complete,Vertiv,,Vertiv,DS053,N26A007030,AH,Kenimer Knox Mechanical,Air Cooled System,2025-04-25 11:17:15,Ben Reynolds,2026-03-18 18:07:01,Najah Robertson,,,2026-07-31 16:27:03,Najah Robertson,,,,,,,,,L2 Yellow Tag,2026-07-31 16:27:03,Najah Robertson,2026-09-09T00:25:35.989077+00:00
42472,9323627,EDCATL11CRA00200,CRA,Mechanical,,,3033,Cx Lvl 2 Complete,Vertiv,,Vertiv,Liebert DS/ DSE,N26A007028,BH,Kenimer Knox Mechanical,Air Cooled System,2025-04-25 11:17:17,Ben Reynolds,2026-03-18 18:10:07,Najah Robertson,,,2026-07-31 16:27:03,Najah Robertson,,,,,,,,,L2 Yellow Tag,2026-07-31 16:27:03,Najah Robertson,2026-09-09T00:25:35.989077+00:00
42472,9323628,EDCATL11CRA00300,CRA,Mechanical,,,3033,Cx Lvl 2 Complete,Vertiv,,Vertiv,DS053,N26A007029,BH,Kenimer Knox Mechanical,Air Cooled System,2025-04-25 11:17:17,Ben Reynolds,2026-07-08 14:16:21,Najah Robertson,,,2026-07-31 16:27:03,Najah Robertson,,,,,,,,,L2 Yellow Tag,2026-07-31 16:27:03,Najah Robertson,2026-09-09T00:25:35.989077+00:00
42472,9319683,EDCATL11CRAA010A,CRAH,Mechanical,,,3122,Cx Lvl 2 Complete,BGA,,Vertiv,CA606,T25H004528,1,Kenimer Knox Mechanical,Chilled Water System,2025-04-25 11:16:33,Ben Reynolds,2026-03-31 20:30:55,Najah Robertson,,,2026-07-31 16:27:11,Najah Robertson,,,,,,,,,L2 Yellow Tag,2026-07-31 16:27:11,Najah Robertson,2026-09-09T00:25:35.989077+00:00
42472,9319685,EDCATL11CRAA020A,CRAH,Mechanical,,,3122,Cx Lvl 2 Complete,BGA,,Vertiv,CA606,T25J005310,1,Kenimer Knox Mechanical,Chilled Water System,2025-04-25 11:16:33,Ben Reynolds,2026-03-31 20:30:55,Najah Robertson,,,2026-07-31 16:27:11,Najah Robertson,,,,,,,,,L2 Yellow Tag,2026-07-31 16:27:11,Najah Robertson,2026-09-09T00:25:35.989077+00:00
42472,9319687,EDCATL11CRAA030A,CRAH,Mechanical,,,3122,Cx Lvl 2 Complete,BGA,,Vertiv,CA606,T25J005304,1,Kenimer Knox Mechanical,Chilled Water System,2025-04-25 11:16:33,Ben Reynolds,2025-11-24 13:43:49,Najah Robertson,,,2026-07-31 16:27:11,Najah Robertson,,,,,,,,,L2 Yellow Tag,2026-07-31 16:27:11,Najah Robertson,2026-09-09T00:25:35.989077+00:00
42472,9319689,EDCATL11CRAA040A,CRAH,Mechanical,,,3122,Cx Lvl 2 Complete,BGA,,Vertiv,CA606,T25G004366,1,Kenimer Knox Mechanical,Chilled Water System,2025-04-25 11:16:33,Ben Reynolds,2026-03-31 20:30:55,Najah Robertson,,,2026-07-31 16:27:11,Najah Robertson,,,,,,,,,L2 Yellow Tag,2026-07-31 16:27:11,Najah Robertson,2026-09-09T00:25:35.989077+00:00
42472,9319691,EDCATL11CRAA050A,CRAH,Mechanical,,,3122,Cx Lvl 2 Complete,BGA,,Vertiv,CA606,T25J005301,1,Kenimer Knox Mechanical,Chilled Water System,2025-04-25 11:16:33,Ben Reynolds,2026-03-26 18:42:17,Malcom Carter,,,2026-07-31 16:27:11,Najah Robertson,,,,,,,,,L2 Yellow Tag,2026-07-31 16:27:11,Najah Robertson,2026-09-09T00:25:35.989077+00:00
42472,9319693,EDCATL11CRAA060A,CRAH,Mechanical,,,3122,Cx Lvl 2 Complete,BGA,,Vertiv,CA606,T25H002095,1,Kenimer Knox Mechanical,Chilled Water System,2025-04-25 11:16:33,Ben Reynolds,2026-03-26 19:03:53,Malcom Carter,,,2026-07-31 16:27:11,Najah Robertson,,,,,,,,,L2 Yellow Tag,2026-07-31 16:27:11,Najah Robertson,2026-09-09T00:25:35.989077+00:00
42472,9319695,EDCATL11CRAA070A,CRAH,Mechanical,,,3122,Cx Lvl 2 Complete,BGA,,Vertiv,CA606,T25H002098,1,Kenimer Knox Mechanical,Chilled Water System,2025-04-25 11:16:33,Ben Reynolds,2026-03-31 20:30:55,Najah Robertson,,,2026-07-31 16:27:11,Najah Robertson,,,,,,,,,L2 Yellow Tag,2026-07-31 16:27:11,Najah Robertson,2026-09-09T00:25:35.989077+00:00
42472,9319697,EDCATL11CRAA080A,CRAH,Mechanical,,,3122,Cx Lvl 2 Complete,BGA,,Vertiv,CA606,T25G004519,1,Kenimer Knox Mechanical,Chilled Water System,2025-04-25 11:16:33,Ben Reynolds,2026-03-31 20:30:55,Najah Robertson,,,2026-07-31 16:27:11,Najah Robertson,,,,,,,,,L2 Yellow Tag,2026-07-31 16:27:11,Najah Robertson,2026-09-09T00:25:35.989077+00:00
42472,9319698,EDCATL11CRAA090A,CRAH,Mechanical,,,3122,Cx Lvl 2 Complete,BGA,,Vertiv,CA606,T25J005308,1,Kenimer Knox Mechanical,Chilled Water System,2025-04-25 11:16:33,Ben Reynolds,2026-03-31 20:30:55,Najah Robertson,,,2026-07-31 16:27:11,Najah Robertson,,,,,,,,,L2 Yellow Tag,2026-07-31 16:27:11,Najah Robertson,2026-09-09T00:25:35.989077+00:00
42472,9319700,EDCATL11CRAA100A,CRAH,Mechanical,,,3122,Cx Lvl 2 Complete,BGA,,Vertiv,CA606,T25J005306,1,Kenimer Knox Mechanical,Chilled Water System,2025-04-25 11:16:33,Ben Reynolds,2026-03-31 20:30:55,Najah Robertson,,,2026-07-31 16:27:11,Najah Robertson,,,,,,,,,L2 Yellow Tag,2026-07-31 16:27:11,Najah Robertson,2026-09-09T00:25:35.989077+00:00
42472,9319682,EDCATL11CRAA0109,CRAH,Mechanical,,,3111,Cx Lvl 2 Complete,BGA,,Vertiv,Liebert CWA,T25F004668,1,Kenimer Knox Mechanical,Chilled Water System,2025-04-25 11:16:33,Ben Reynolds,2026-03-31 20:30:55,Najah Robertson,,,2026-07-31 16:27:11,Najah Robertson,,,,,,,,,L2 Yellow Tag,2026-07-31 16:27:11,Najah Robertson,2026-09-09T00:25:35.989077+00:00
42472,9319702,EDCATL11CRAA110A,CRAH,Mechanical,,,3122,Cx Lvl 2 Complete,BGA,Mech 9,Vertiv,CA606,T25J005307,1,Kenimer Knox Mechanical,Chilled Water System,2025-04-25 11:16:33,Ben Reynolds,2026-03-31 20:30:55,Najah Robertson,,,2026-07-31 16:27:11,Najah Robertson,,,,,,,,,L2 Yellow Tag,2026-07-31 16:27:11,Najah Robertson,2026-09-09T00:25:35.989077+00:00
42472,9319704,EDCATL11CRAA120A,CRAH,Mechanical,,,3122,Cx Lvl 2 Complete,BGA,,Vertiv,CA606,T25G004370,1,Kenimer Knox Mechanical,Chilled Water System,2025-04-25 11:16:33,Ben Reynolds,2026-03-31 20:30:55,Najah Robertson,,,2026-07-31 16:27:11,Najah Robertson,,,,,,,,,L2 Yellow Tag,2026-07-31 16:27:11,Najah Robertson,2026-09-09T00:25:35.989077+00:00
42472,9319707,EDCATL11CRAA130A,CRAH,Mechanical,,,3122,Cx Lvl 2 Complete,BGA,,Vertiv,CA606,T25J005309,1,Kenimer Knox Mechanical,Chilled Water System,2025-04-25 11:16:34,Ben Reynolds,2026-03-31 20:30:55,Najah Robertson,,,2026-07-31 16:27:11,Najah Robertson,,,,,,,,,L2 Yellow Tag,2026-07-31 16:27:11,Najah Robertson,2026-09-09T00:25:35.989077+00:00
42472,9319710,EDCATL11CRAA140A,CRAH,Mechanical,,,3122,Cx Lvl 2 Complete,BGA,,Vertiv,CA606,T25J005305,1,Kenimer Knox Mechanical,Chilled Water System,2025-04-25 11:16:34,Ben Reynolds,2026-03-31 20:30:55,Najah Robertson,,,2026-07-31 16:27:11,Najah Robertson,,,,,,,,,L2 Yellow Tag,2026-07-31 16:27:11,Najah Robertson,2026-09-09T00:25:35.989077+00:00
42472,9319713,EDCATL11CRAA150A,CRAH,Mechanical,,,3122,Cx Lvl 2 Complete,BGA,,Vertiv,CA606,T25J005302,1,Kenimer Knox Mechanical,Chilled Water System,2025-04-25 11:16:34,Ben Reynolds,2026-03-25 13:52:21,Najah Robertson,,,2026-07-31 16:27:11,Najah Robertson,,,,,,,,,L2 Yellow Tag,2026-07-31 16:27:11,Najah Robertson,2026-09-09T00:25:35.989077+00:00
42472,9319716,EDCATL11CRAA160A,CRAH,Mechanical,,,3122,Cx Lvl 2 Complete,BGA,,Vertiv,CA606,T25J005303,1,Kenimer Knox Mechanical,Chilled Water System,2025-04-25 11:16:34,Ben Reynolds,2026-03-31 20:30:55,Najah Robertson,,,2026-07-31 16:27:11,Najah Robertson,,,,,,,,,L2 Yellow Tag,2026-07-31 16:27:11,Najah Robertson,2026-09-09T00:25:35.989077+00:00
42472,9319684,EDCATL11CRAA0209,CRAH,Mechanical,,,3111,Cx Lvl 2 Complete,BGA,Mech 9,Vertiv,CA606,T25F004667,1,Kenimer Knox Mechanical,Chilled Water System,2025-04-25 11:16:33,Ben Reynolds,2026-03-31 20:30:55,Najah Robertson,,,2026-07-31 16:27:11,Najah Robertson,,,,,,,,,L2 Yellow Tag,2026-07-31 16:27:11,Najah Robertson,2026-09-09T00:25:35.989077+00:00
42472,9319686,EDCATL11CRAA0309,CRAH,Mechanical,,,3111,Cx Lvl 2 Complete,BGA,Mech 9,Vertiv,CA606,T25F004670,1,Kenimer Knox Mechanical,Chilled Water System,2025-04-25 11:16:33,Ben Reynolds,2026-03-31 20:30:55,Najah Robertson,,,2026-07-31 16:27:11,Najah Robertson,,,,,,,,,L2 Yellow Tag,2026-07-31 16:27:11,Najah Robertson,2026-09-09T00:25:35.989077+00:00
42472,9319688,EDCATL11CRAA0409,CRAH,Mechanical,,,3111,Cx Lvl 2 Complete,BGA,,Vertiv,CA606,T25F004657,1,Kenimer Knox Mechanical,Chilled Water System,2025-04-25 11:16:33,Ben Reynolds,2026-03-31 20:30:55,Najah Robertson,,,2026-07-31 16:27:11,Najah Robertson,,,,,,,,,L2 Yellow Tag,2026-07-31 16:27:11,Najah Robertson,2026-09-09T00:25:35.989077+00:00
42472,9319690,EDCATL11CRAA0509,CRAH,Mechanical,,,3111,Cx Lvl 2 Complete,BGA,,Vertiv,CA606,T25F004672,1,Kenimer Knox Mechanical,Chilled Water System,2025-04-25 11:16:33,Ben Reynolds,2026-03-31 20:30:55,Najah Robertson,,,2026-07-31 16:27:11,Najah Robertson,,,,,,,,,L2 Yellow Tag,2026-07-31 16:27:11,Najah Robertson,2026-09-09T00:25:35.989077+00:00
42472,9319692,EDCATL11CRAA0609,CRAH,Mechanical,,,3111,Cx Lvl 2 Complete,BGA,Mech 9,Vertiv,CA606,T25G004108,1,Kenimer Knox Mechanical,Chilled Water System,2025-04-25 11:16:33,Ben Reynolds,2026-03-31 20:30:55,Najah Robertson,,,2026-07-31 16:27:11,Najah Robertson,,,,,,,,,L2 Yellow Tag,2026-07-31 16:27:11,Najah Robertson,2026-09-09T00:25:35.989077+00:00
42472,9319694,EDCATL11CRAA0709,CRAH,Mechanical,,,3111,Cx Lvl 2 Complete,BGA,Mech 9,Vertiv,CA606,T25F004666,1,Kenimer Knox Mechanical,Chilled Water System,2025-04-25 11:16:33,Ben Reynolds,2026-03-31 20:30:55,Najah Robertson,,,2026-07-31 16:27:11,Najah Robertson,,,,,,,,,L2 Yellow Tag,2026-07-31 16:27:11,Najah Robertson,2026-09-09T00:25:35.989077+00:00
42472,9319696,EDCATL11CRAA0809,CRAH,Mechanical,,,3111,Cx Lvl 2 Complete,BGA,Mech 9,Vertiv,CA606,T25F004661,1,Kenimer Knox Mechanical,Chilled Water System,2025-04-25 11:16:33,Ben Reynolds,2026-03-31 20:30:55,Najah Robertson,,,2026-07-31 16:27:11,Najah Robertson,,,,,,,,,L2 Yellow Tag,2026-07-31 16:27:11,Najah Robertson,2026-09-09T00:25:35.989077+00:00
42472,10283472,EDCATL11CRAA0909,CRAH,Mechanical,,,3111,Cx Lvl 2 Complete,BGA,Mech 9,Vertiv,CA606,T25F004662,,Kenimer Knox Mechanical,Chilled Water System,2025-09-10 14:53:23,Najah Robertson,2026-03-31 20:30:55,Najah Robertson,,,2026-07-31 16:27:11,Najah Robertson,,,,,,,,,L2 Yellow Tag,2026-07-31 16:27:11,Najah Robertson,2026-09-09T00:25:35.989077+00:00
42472,9319699,EDCATL11CRAA1009,CRAH,Mechanical,,,3111,Cx Lvl 2 Complete,BGA,Mech 9,Vertiv,CA606,T25F004658,1,Kenimer Knox Mechanical,Chilled Water System,2025-04-25 11:16:33,Ben Reynolds,2026-03-31 20:30:55,Najah Robertson,,,2026-07-31 16:27:11,Najah Robertson,,,,,,,,,L2 Yellow Tag,2026-07-31 16:27:11,Najah Robertson,2026-09-09T00:25:35.989077+00:00
42472,9319701,EDCATL11CRAA1109,CRAH,Mechanical,,,3111,Cx Lvl 2 Complete,BGA,Mech 9,Vertiv,CA606,T25F004669,1,Kenimer Knox Mechanical,Chilled Water System,2025-04-25 11:16:33,Ben Reynolds,2026-03-31 20:30:55,Najah Robertson,,,2026-07-31 16:27:11,Najah Robertson,,,,,,,,,L2 Yellow Tag,2026-07-31 16:27:11,Najah Robertson,2026-09-09T00:25:35.989077+00:00
42472,9319703,EDCATL11CRAA1209,CRAH,Mechanical,,,3111,Cx Lvl 2 Complete,BGA,Mech 9,Vertiv,CA606,T25F004665,1,Kenimer Knox Mechanical,Chilled Water System,2025-04-25 11:16:33,Ben Reynolds,2026-03-31 20:30:55,Najah Robertson,,,2026-07-31 16:27:11,Najah Robertson,,,,,,,,,L2 Yellow Tag,2026-07-31 16:27:11,Najah Robertson,2026-09-09T00:25:35.989077+00:00
42472,9319705,EDCATL11CRAA1300,CRAH,Mechanical,,,3112,Cx Lvl 2 Complete,BGA,,Vertiv,CW106,N25L002069,1,KKM,Chilled Water System,2025-04-25 11:16:33,Ben Reynolds,2026-03-02 20:05:03,Najah Robertson,,,2026-07-31 16:27:11,Najah Robertson,,,,,,,,,L2 Yellow Tag,2026-07-31 16:27:11,Najah Robertson,2026-09-09T00:25:35.989077+00:00
42472,9319706,EDCATL11CRAA1309,CRAH,Mechanical,,,3111,Cx Lvl 2 Complete,BGA,Mech 9,Vertiv,CA606,T25F004656,1,Kenimer Knox Mechanical,Chilled Water System,2025-04-25 11:16:33,Ben Reynolds,2026-03-31 20:30:55,Najah Robertson,,,2026-07-31 16:27:11,Najah Robertson,,,,,,,,,L2 Yellow Tag,2026-07-31 16:27:11,Najah Robertson,2026-09-09T00:25:35.989077+00:00
42472,9319708,EDCATL11CRAA1400,CRAH,Mechanical,,,3112,Cx Lvl 2 Complete,BGA,,Vertiv,CW106,N25L002672,1,KKM,Chilled Water System,2025-04-25 11:16:34,Ben Reynolds,2026-03-02 20:05:03,Najah Robertson,,,2026-07-31 16:27:11,Najah Robertson,,,,,,,,,L2 Yellow Tag,2026-07-31 16:27:11,Najah Robertson,2026-09-09T00:25:35.989077+00:00
42472,9319709,EDCATL11CRAA1409,CRAH,Mechanical,,,3111,Cx Lvl 2 Complete,BGA,Mech 9,Vertiv,CA606,T25F004663,1,Kenimer Knox Mechanical,Chilled Water System,2025-04-25 11:16:34,Ben Reynolds,2026-03-31 20:30:55,Najah Robertson,,,2026-07-31 16:27:11,Najah Robertson,,,,,,,,,L2 Yellow Tag,2026-07-31 16:27:11,Najah Robertson,2026-09-09T00:25:35.989077+00:00
42472,9319711,EDCATL11CRAA1500,CRAH,Mechanical,,,3112,Cx Lvl 2 Complete,BGA,,Vertiv,CW106,N25L002673,1,KKM,Chilled Water System,2025-04-25 11:16:34,Ben Reynolds,2026-03-03 13:34:13,Najah Robertson,,,2026-07-31 16:27:11,Najah Robertson,,,,,,,,,L2 Yellow Tag,2026-07-31 16:27:11,Najah Robertson,2026-09-09T00:25:35.989077+00:00
42472,9319712,EDCATL11CRAA1509,CRAH,Mechanical,,,3111,Cx Lvl 2 Complete,BGA,Mech 9,Vertiv,CA606,T25F004664,1,Kenimer Knox Mechanical,Chilled Water System,2025-04-25 11:16:34,Ben Reynolds,2026-03-31 20:30:55,Najah Robertson,,,2026-07-31 16:27:11,Najah Robertson,,,,,,,,,L2 Yellow Tag,2026-07-31 16:27:11,Najah Robertson,2026-09-09T00:25:35.989077+00:00
42472,9319714,EDCATL11CRAA1600,CRAH,Mechanical,,,3121,Cx Lvl 2 Complete,BGA,,Vertiv,CW106,N25L002068,1,KKM,Chilled Water System,2025-04-25 11:16:34,Ben Reynolds,2026-03-02 19:56:21,Najah Robertson,,,2026-07-31 16:27:11,Najah Robertson,,,,,,,,,L2 Yellow Tag,2026-07-31 16:27:11,Najah Robertson,2026-09-09T00:25:35.989077+00:00
42472,9319715,EDCATL11CRAA1609,CRAH,Mechanical,,,3111,Cx Lvl 2 Complete,BGA,Mech 9,Veritv,CA606,T25F004671,1,Kenimer Knox Mechanical,Chilled Water System,2025-04-25 11:16:34,Ben Reynolds,2026-03-31 20:30:55,Najah Robertson,,,2026-07-31 16:27:11,Najah Robertson,,,,,,,,,L2 Yellow Tag,2026-07-31 16:27:11,Najah Robertson,2026-09-09T00:25:35.989077+00:00
42472,9319717,EDCATL11CRAA1700,CRAH,Mechanical,,,3121,Cx Lvl 2 Complete,BGA,,Vertiv,CW106,N25K014461,1,KKM,Chilled Water System,2025-04-25 11:16:34,Ben Reynolds,2026-03-02 19:50:26,Najah Robertson,,,2026-07-31 16:27:11,Najah Robertson,,,,,,,,,L2 Yellow Tag,2026-07-31 16:27:11,Najah Robertson,2026-09-09T00:25:35.989077+00:00
42472,9319718,EDCATL11CRAA1800,CRAH,Mechanical,,,3121,Cx Lvl 2 Complete,BGA,,Vertiv,CW106,N25L002070,1,KKM,Chilled Water System,2025-04-25 11:16:34,Ben Reynolds,2026-03-02 19:46:48,Najah Robertson,,,2026-07-31 16:27:11,Najah Robertson,,,,,,,,,L2 Yellow Tag,2026-07-31 16:27:11,Najah Robertson,2026-09-09T00:25:35.989077+00:00
42472,9319719,EDCATL11CRAA4700,CRAH,Mechanical,,,3151,Cx Lvl 2 Complete,BGA,,Vertiv,CW114,N25M004576,1,KKM,Chilled Water System,2025-04-25 11:16:34,Ben Reynolds,2026-03-31 20:30:55,Najah Robertson,,,2026-07-31 16:27:11,Najah Robertson,,,,,,,,,L2 Yellow Tag,2026-07-31 16:27:11,Najah Robertson,2026-09-09T00:25:35.989077+00:00
42472,9319720,EDCATL11CRAA4800,CRAH,Mechanical,,,3151,Cx Lvl 2 Complete,BGA,,Vertiv,CW114,N25M004575,1,KKM,Chilled Water System,2025-04-25 11:16:34,Ben Reynolds,2026-03-31 20:30:55,Najah Robertson,,,2026-07-31 16:27:11,Najah Robertson,,,,,,,,,L2 Yellow Tag,2026-07-31 16:27:11,Najah Robertson,2026-09-09T00:25:35.989077+00:00
42472,9319721,EDCATL11CRAA4900,CRAH,Mechanical,,,3152,Cx Lvl 2 Complete,BGA,,Vertiv,CW114,N26A006016,1,KKM,Chilled Water System,2025-04-25 11:16:34,Ben Reynolds,2026-03-31 20:30:55,Najah Robertson,,,2026-07-31 16:27:11,Najah Robertson,,,,,,,,,L2 Yellow Tag,2026-07-31 16:27:11,Najah Robertson,2026-09-09T00:25:35.989077+00:00
42472,9319722,EDCATL11CRAA5000,CRAH,Mechanical,,,3152,Cx Lvl 2 Complete,BGA,,Vertiv,CW114,N26A004056,1,KKM,Chilled Water System,2025-04-25 11:16:34,Ben Reynolds,2026-03-31 20:30:55,Najah Robertson,,,2026-07-31 16:27:11,Najah Robertson,,,,,,,,,L2 Yellow Tag,2026-07-31 16:27:11,Najah Robertson,2026-09-09T00:25:35.989077+00:00
42472,9319723,EDCATL11CRAA5100,CRAH,Mechanical,,,3153,Cx Lvl 2 Complete,BGA,,Vertiv,CW114,N26A004057,1,KKM,Chilled Water System,2025-04-25 11:16:34,Ben Reynolds,2026-03-31 20:30:55,Najah Robertson,,,2026-07-31 16:27:11,Najah Robertson,,,,,,,,,L2 Yellow Tag,2026-07-31 16:27:11,Najah Robertson,2026-09-09T00:25:35.989077+00:00
42472,9319724,EDCATL11CRAA5200,CRAH,Mechanical,,,3153,Cx Lvl 2 Complete,BGA,,Vertiv,CW114,N26A006015,1,KKM,Chilled Water System,2025-04-25 11:16:34,Ben Reynolds,2026-03-31 20:30:55,Najah Robertson,,,2026-07-31 16:27:11,Najah Robertson,,,,,,,,,L2 Yellow Tag,2026-07-31 16:27:11,Najah Robertson,2026-09-09T00:25:35.989077+00:00
42472,9319725,EDCATL11CRAA5300,CRAH,Mechanical,,,3154,Cx Lvl 2 Complete,BGA,,Vertiv,CW114,N26A006017,1,KKM,Chilled Water System,2025-04-25 11:16:34,Ben Reynolds,2026-03-31 20:30:55,Najah Robertson,,,2026-07-31 16:27:11,Najah Robertson,,,,,,,,,L2 Yellow Tag,2026-07-31 16:27:11,Najah Robertson,2026-09-09T00:25:35.989077+00:00
42472,9319726,EDCATL11CRAA5400,CRAH,Mechanical,,,3154,Cx Lvl 2 Complete,BGA,,Vertiv,CW114,N25M001320,1,KKM,Chilled Water System,2025-04-25 11:16:34,Ben Reynolds,2026-03-31 20:30:55,Najah Robertson,,,2026-07-31 16:27:11,Najah Robertson,,,,,,,,,L2 Yellow Tag,2026-07-31 16:27:11,Najah Robertson,2026-09-09T00:25:35.989077+00:00
42472,9319727,EDCATL11CRAA5500,CRAH,Mechanical,,,3155,Cx Lvl 2 Complete,BGA,,Vertiv,CW114,N25M004615,1,KKM,Chilled Water System,2025-04-25 11:16:34,Ben Reynolds,2026-03-31 20:30:55,Najah Robertson,,,2026-07-31 16:27:11,Najah Robertson,,,,,,,,,L2 Yellow Tag,2026-07-31 16:27:11,Najah Robertson,2026-09-09T00:25:35.989077+00:00
42472,9319728,EDCATL11CRAA5600,CRAH,Mechanical,,,3155,Cx Lvl 2 Complete,BGA,,Vertiv,CW114,N26A006018,1,KKM,Chilled Water System,2025-04-25 11:16:34,Ben Reynolds,2026-03-31 20:30:55,Najah Robertson,,,2026-07-31 16:27:11,Najah Robertson,,,,,,,,,L2 Yellow Tag,2026-07-31 16:27:11,Najah Robertson,2026-09-09T00:25:35.989077+00:00
42472,9319729,EDCATL11CRAA5700,CRAH,Mechanical,,,3156,Cx Lvl 2 Complete,BGA,,Vertiv,CW114,N26A007047,1,KKM,Chilled Water System,2025-04-25 11:16:34,Ben Reynolds,2026-03-31 20:30:55,Najah Robertson,,,2026-07-31 16:27:11,Najah Robertson,,,,,,,,,L2 Yellow Tag,2026-07-31 16:27:11,Najah Robertson,2026-09-09T00:25:35.989077+00:00
42472,9319730,EDCATL11CRAA5800,CRAH,Mechanical,,,3156,Cx Lvl 2 Complete,BGA,,Vertiv,CW114,N26A007046,1,KKM,Chilled Water System,2025-04-25 11:16:34,Ben Reynolds,2026-03-31 20:30:55,Najah Robertson,,,2026-07-31 16:27:11,Najah Robertson,,,,,,,,,L2 Yellow Tag,2026-07-31 16:27:11,Najah Robertson,2026-09-09T00:25:35.989077+00:00
42472,9319731,EDCATL11CRAA5900,CRAH,Mechanical,,,3157,Cx Lvl 2 Complete,BGA,,Vertiv,CW114,N25M001752,1,KKM,Chilled Water System,2025-04-25 11:16:34,Ben Reynolds,2026-03-31 20:30:55,Najah Robertson,,,2026-07-31 16:27:11,Najah Robertson,,,,,,,,,L2 Yellow Tag,2026-07-31 16:27:11,Najah Robertson,2026-09-09T00:25:35.989077+00:00
42472,9319732,EDCATL11CRAA6000,CRAH,Mechanical,,,3157,Cx Lvl 2 Complete,BGA,,Vertiv,CW114,N25M001322,1,KKM,Chilled Water System,2025-04-25 11:16:34,Ben Reynolds,2026-03-31 20:30:55,Najah Robertson,,,2026-07-31 16:27:11,Najah Robertson,,,,,,,,,L2 Yellow Tag,2026-07-31 16:27:11,Najah Robertson,2026-09-09T00:25:35.989077+00:00
42472,12071566,EDCATL11CRAA6100,CRAH,Mechanical,,,1057,Cx Lvl 2 Complete,KKM,,Vertiv,PW017,Y25K014781,,KKM,Chilled Water System,2026-04-08 18:26:12,Najah Robertson,2026-07-31 16:27:26,Najah Robertson,,,2026-08-18 15:31:06,Najah Robertson,,,,,,,,,L2 Yellow Tag,2026-08-18 15:31:06,Najah Robertson,2026-09-09T00:25:35.989077+00:00
42472,9323629,EDCATL11CRAA6200,CRAH,Mechanical,,,1059,Cx Lvl 2 Complete,BGA,,Vertiv,PW017,Y25K014776,BH,KKM,Chilled Water System,2025-04-25 11:17:17,Ben Reynolds,2026-07-31 16:27:26,Najah Robertson,,,2026-08-26 19:26:25,Najah Robertson,,,,,,,,,L2 Yellow Tag,2026-08-26 19:26:25,Najah Robertson,2026-09-09T00:25:35.989077+00:00
42472,9323451,EDCATL11CRAB6300,CRAH,Mechanical,,,1067,Cx Lvl 1 Complete,BGA,,Vertiv,PW017,Y25K014872,AH,KKM,Chilled Water System,2025-04-25 11:17:15,Ben Reynolds,2026-07-31 16:27:26,Najah Robertson,,,,,,,,,,,,,L1 Red Tag,2026-07-31 16:27:26,Najah Robertson,2026-09-09T00:25:35.989077+00:00
42472,9323450,EDCATL11CRAB6400,CRAH,Mechanical,,,1069,Cx Lvl 1 Complete,BGA,,Vertiv,PW017,Y25K014897,AH,KKM,Chilled Water System,2025-04-25 11:17:15,Ben Reynolds,2026-07-31 16:27:26,Najah Robertson,,,,,,,,,,,,,L1 Red Tag,2026-07-31 16:27:26,Najah Robertson,2026-09-09T00:25:35.989077+00:00
42472,9323452,EDCATL11CTS00100,CTS,Mechanical,,,3111,Cx Lvl 3 Complete,Art Plumbing,,Neptune,DBF-5HP,N/a,AH,Art Plumbing,Chemical Feeder System,2025-04-25 11:17:15,Ben Reynolds,2026-03-05 16:38:41,Najah Robertson,,,2026-07-31 16:28:13,Najah Robertson,,,2026-08-17 12:52:37,Najah Robertson,,,,,L3 Green Tag,2026-08-17 12:52:37,Najah Robertson,2026-09-09T00:25:35.989077+00:00
42472,9323630,EDCATL11CTS00200,CTS,Mechanical,,,3122,Cx Lvl 3 Complete,Art plumbing,,Neptune,DBF-5HP,N/a,BH,Art plumbing,Chemical Feeder System,2025-04-25 11:17:17,Ben Reynolds,2026-03-05 16:38:41,Najah Robertson,,,2026-07-31 16:28:13,Najah Robertson,,,2026-08-17 12:52:37,Najah Robertson,,,,,L3 Green Tag,2026-08-17 12:52:37,Najah Robertson,2026-09-09T00:25:35.989077+00:00
42472,9323631,EDCATL11CTS00400,CTS,Mechanical,,,3142,Cx Lvl 3 Complete,Art plumbing,,Neptune,DBF-5HP,N/a,BH,Art plumbing,Chemical Feeder System,2025-04-25 11:17:17,Ben Reynolds,2026-07-31 16:28:18,Najah Robertson,,,2026-08-11 16:14:04,Najah Robertson,,,2026-08-17 12:52:37,Najah Robertson,,,,,L3 Green Tag,2026-08-17 12:52:37,Najah Robertson,2026-09-09T00:25:35.989077+00:00
42472,9323632,EDCATL11CTSB0100,CTS,Mechanical,,,3131,Cx Lvl 3 Complete,Art plumbing,,Neptune,DBF-5HP,N/a,BH,Art plumbing,Chemical Feeder System,2025-04-25 11:17:17,Ben Reynolds,2026-07-31 16:28:18,Najah Robertson,,,2026-08-11 16:15:29,Najah Robertson,,,2026-08-17 12:52:37,Najah Robertson,,,,,L3 Green Tag,2026-08-17 12:52:37,Najah Robertson,2026-09-09T00:25:35.989077+00:00
42472,9323453,EDCATL11DSGAH110,DSG,Electrical,,,LEVEL 1 GANTRY,Cx Lvl 3 Complete,Siemens,Gantry,Siemens,8DHJ36RRL,CV58898-000140/002,AH,FTI,MV Switchgear System,2026-04-01 14:38:47,Najah Robertson,2026-04-01 18:22:47,Najah Robertson,,,2026-05-29 15:50:17,Najah Robertson,,,2026-08-17 12:56:10,Najah Robertson,,,,,L3 Green Tag,2026-08-17 12:56:10,Najah Robertson,2026-09-09T00:25:35.989077+00:00
42472,10734427,EDCATL11DSGBH110,DSG,Electrical,,,LEVEL 1 GANTRY,Cx Lvl 3 Complete,Siemens,,Siemens,8DJH36RRL,CV588958-000180/001,,FTI,MV Switchgear System,2025-11-17 19:15:17,Ben Reynolds,2026-04-14 17:23:30,Najah Robertson,,,2026-06-01 12:36:26,Najah Robertson,,,2026-08-17 12:56:10,Najah Robertson,,,,,L3 Green Tag,2026-08-17 12:56:10,Najah Robertson,2026-09-09T00:25:35.989077+00:00
42472,9319733,EDCATL11DSGEA110,DSG,Electrical,,,LEVEL 3 GANTRY,Cx Lvl 3 Complete,SIEMENS,3rd floor tranche 1 gantry,SIEMENS,8DJH 36 RRL,CV 588958-000080/003,1,FTI,MV Switchgear System,2025-04-25 11:16:34,Ben Reynolds,2025-08-19 19:01:34,Ben Reynolds,,,2026-05-27 19:37:39,Najah Robertson,,,2026-08-17 12:56:10,Najah Robertson,,,,,L3 Green Tag,2026-08-17 12:56:10,Najah Robertson,2026-09-09T00:25:35.989077+00:00
42472,9319734,EDCATL11DSGEB110,DSG,Electrical,,,LEVEL 3 GANTRY,Cx Lvl 3 Complete,SIEMIENS,3rd floor tranche 1 gantry,SIEMENS,8DJH 36 RRL,CV 588958-000080/005,1,FIT,MV Switchgear System,2025-04-25 11:16:34,Ben Reynolds,2025-08-19 19:01:34,Ben Reynolds,,,2026-05-27 19:36:39,Najah Robertson,,,2026-08-17 12:56:10,Najah Robertson,,,,,L3 Green Tag,2026-08-17 12:56:10,Najah Robertson,2026-09-09T00:25:35.989077+00:00
42472,9319735,EDCATL11DSGEC110,DSG,Electrical,,,LEVEL 3 GANTRY,Cx Lvl 3 Complete,SIEMENS,3rd floor tranche 1 gantry,SIEMENS,8DJH 36 RRL,CV 588958-000070/002,1,FIT,MV Switchgear System,2025-04-25 11:16:34,Ben Reynolds,2025-08-19 19:01:34,Ben Reynolds,,,2026-05-27 19:35:39,Najah Robertson,,,2026-08-17 12:56:10,Najah Robertson,,,,,L3 Green Tag,2026-08-17 12:56:10,Najah Robertson,2026-09-09T00:25:35.989077+00:00
42472,9319736,EDCATL11DSGED110,DSG,Electrical,,,LEVEL 3 GANTRY,Cx Lvl 3 Complete,SIEMENS,3rd floor tranche 1 gantry,SIEMENS,Type: 8DJH 36 RRL,CV 588958-000070/003,1,FIT,MV Switchgear System,2025-04-25 11:16:34,Ben Reynolds,2025-08-19 19:01:34,Ben Reynolds,,,2026-05-27 19:33:38,Najah Robertson,,,2026-08-17 12:56:10,Najah Robertson,,,,,L3 Green Tag,2026-08-17 12:56:10,Najah Robertson,2026-09-09T00:25:35.989077+00:00
42472,9319737,EDCATL11DSGEE110,DSG,Electrical,,,LEVEL 3 GANTRY,Cx Lvl 3 Complete,SIEMIENS,3rd floor tranche 1 gantry,SIEMENS,8DJH36RRL,CV 588958000080/001,1,FIT,MV Switchgear System,2025-04-25 11:16:34,Ben Reynolds,2025-08-19 19:01:34,Ben Reynolds,,,2026-05-27 19:32:39,Najah Robertson,,,2026-08-17 12:56:10,Najah Robertson,,,,,L3 Green Tag,2026-08-17 12:56:10,Najah Robertson,2026-09-09T00:25:35.989077+00:00
42472,9319738,EDCATL11DSGEF110,DSG,Electrical,,,LEVEL 3 GANTRY,Cx Lvl 3 Complete,SIEMENS,3rd floor tranche 1 gantry,SIEMENS,8DJH 36 RRL,CV 588958-000070/001,1,FIT,MV Switchgear System,2025-04-25 11:16:34,Ben Reynolds,2025-08-19 19:01:34,Ben Reynolds,,,2026-05-27 19:31:38,Najah Robertson,,,2026-08-17 12:56:10,Najah Robertson,,,,,L3 Green Tag,2026-08-17 12:56:10,Najah Robertson,2026-09-09T00:25:35.989077+00:00
42472,9319739,EDCATL11DSGEZ110,DSG,Electrical,,,LEVEL 3 GANTRY,Cx Lvl 3 Complete,SIEMENS,3rd floor tranche 1 gantry,SIEMENS,8DJH 36 RRL,CV 588958-000080/004,1,FIT,MV Switchgear System,2025-04-25 11:16:34,Ben Reynolds,2025-08-19 19:01:34,Ben Reynolds,,,2026-05-27 19:34:39,Najah Robertson,,,2026-08-17 12:56:10,Najah Robertson,,,,,L3 Green Tag,2026-08-17 12:56:10,Najah Robertson,2026-09-09T00:25:35.989077+00:00
42472,9323454,EDCATL11ELPAH110,ELP,Electrical,,,1061,Cx Lvl 3 Complete,Bcei,,schneider electric,460051326135000020,020254255108,AH,Rodgers,LV Distribution Panel,2025-04-25 11:17:15,Ben Reynolds,2026-01-06 21:27:44,Najah Robertson,,,2026-06-02 13:59:31,Najah Robertson,,,2026-09-08 11:42:06,Najah Robertson,,,,,L3 Green Tag,2026-09-08 11:42:06,Najah Robertson,2026-09-09T00:25:35.989077+00:00
42472,9323455,EDCATL11ELPAH210,ELP,Electrical,,,1061,Cx Lvl 3 Complete,Bcei,,schneider electric,460051326135000030,020254326246,AH,Rodgers,LV Distribution Panel,2025-04-25 11:17:15,Ben Reynolds,2026-01-06 21:27:44,Najah Robertson,,,2026-06-02 14:00:31,Najah Robertson,,,2026-09-08 11:42:06,Najah Robertson,,,,,L3 Green Tag,2026-09-08 11:42:06,Najah Robertson,2026-09-09T00:25:35.989077+00:00
42472,9323456,EDCATL11ELPAH320,ELP,Electrical,,,1111,Cx Lvl 3 Complete,FTI,,schneider electric,460051326135000040,29252150NF00014,AH,FTI,LV Distribution Panel,2025-04-25 11:17:15,Ben Reynolds,2026-05-11 19:30:24,Najah Robertson,,,2026-06-17 13:23:46,Najah Robertson,,,2026-09-08 11:42:06,Najah Robertson,,,,,L3 Green Tag,2026-09-08 11:42:06,Najah Robertson,2026-09-09T00:25:35.989077+00:00
42472,9323457,EDCATL11ELPAH410,ELP,Electrical,,,1087,Cx Lvl 3 Complete,Rodgers,,schneider electric,460051326135000050,020254444443,AH,Fti,LV Distribution Panel,2025-04-25 11:17:15,Ben Reynolds,2026-03-05 20:38:52,Najah Robertson,,,2026-06-17 13:24:04,Najah Robertson,,,2026-09-08 11:42:06,Najah Robertson,,,,,L3 Green Tag,2026-09-08 11:42:06,Najah Robertson,2026-09-09T00:25:35.989077+00:00
42472,9323458,EDCATL11ELPAH510,ELP,Electrical,,,2061,Cx Lvl 3 Complete,BCEI,,schneider electric,460051326135000060,020254255104,AH,ROGERS,LV Distribution Panel,2025-04-25 11:17:15,Ben Reynolds,2025-12-30 21:11:24,Najah Robertson,,,2026-06-17 13:25:50,Najah Robertson,,,2026-09-08 11:42:06,Najah Robertson,,,,,L3 Green Tag,2026-09-08 11:42:06,Najah Robertson,2026-09-09T00:25:35.989077+00:00
42472,9323459,EDCATL11ELPAH650,ELP,Electrical,,,2111,Cx Lvl 3 Complete,BCEI,,schneider electric,460051326135000070,29253140NF00180,AH,FTI,LV Distribution Panel,2025-04-25 11:17:15,Ben Reynolds,2026-01-22 15:59:53,Najah Robertson,,,2026-06-17 13:28:45,Najah Robertson,,,2026-09-08 11:42:06,Najah Robertson,,,,,L3 Green Tag,2026-09-08 11:42:06,Najah Robertson,2026-09-09T00:25:35.989077+00:00
42472,9323460,EDCATL11ELPAH710,ELP,Electrical,,,2061,Cx Lvl 3 Complete,BCEI,,schneider electric,460051326135000060,020254255101,AH,ROGERS,LV Distribution Panel,2025-04-25 11:17:15,Ben Reynolds,2025-12-30 21:11:24,Najah Robertson,,,2026-06-17 13:32:17,Najah Robertson,,,2026-09-08 11:42:06,Najah Robertson,,,,,L3 Green Tag,2026-09-08 11:42:06,Najah Robertson,2026-09-09T00:25:35.989077+00:00
42472,9323461,EDCATL11ELPAH810,ELP,Electrical,,,2087,Cx Lvl 3 Complete,BCEI,,schneider electric,460051326135000090,020254495979,AH,ROGERS,LV Distribution Panel,2025-04-25 11:17:15,Ben Reynolds,2026-02-04 21:23:59,Najah Robertson,,,2026-06-17 13:33:33,Najah Robertson,,,2026-09-08 11:42:06,Najah Robertson,,,,,L3 Green Tag,2026-09-08 11:42:06,Najah Robertson,2026-09-09T00:25:35.989077+00:00
42472,9323462,EDCATL11ELPAH910,ELP,Electrical,,,2014,Cx Lvl 3 Complete,Bcei,,schneider electric,460051326135000100,020254326236,AH,Rodgers,LV Distribution Panel,2025-04-25 11:17:15,Ben Reynolds,2026-03-05 20:38:51,Najah Robertson,,,2026-06-17 13:34:47,Najah Robertson,,,2026-09-08 11:42:06,Najah Robertson,,,,,L3 Green Tag,2026-09-08 11:42:06,Najah Robertson,2026-09-09T00:25:35.989077+00:00
42472,9323463,EDCATL11ELPAHA90,ELP,Electrical,,,2087,Cx Lvl 3 Complete,BCEI,,schneider electric,460051326135000110,29253440NF00181,AH,ROGERS,LV Distribution Panel,2025-04-25 11:17:15,Ben Reynolds,2026-02-04 21:23:59,Najah Robertson,,,2026-07-09 15:13:40,Najah Robertson,,,2026-09-08 11:42:06,Najah Robertson,,,,,L3 Green Tag,2026-09-08 11:42:06,Najah Robertson,2026-09-09T00:25:35.989077+00:00
42472,9323464,EDCATL11ELPAHB10,ELP,Electrical,,,3061,Cx Lvl 3 Complete,BCEI,,Schneider Electric,460051326135000120,020254321449,AH,ROGERS,LV Distribution Panel,2025-04-25 11:17:15,Ben Reynolds,2025-12-29 20:52:25,Najah Robertson,,,2026-06-17 13:36:41,Najah Robertson,,,2026-09-08 11:42:06,Najah Robertson,,,,,L3 Green Tag,2026-09-08 11:42:06,Najah Robertson,2026-09-09T00:25:35.989077+00:00
42472,9323465,EDCATL11ELPAHCB0,ELP,Electrical,,,3111,Cx Lvl 3 Complete,BCEI,,schneider electric,460051326135000130,29252150NF00010,AH,FTI,LV Distribution Panel,2025-04-25 11:17:15,Ben Reynolds,2026-01-20 17:42:20,Najah Robertson,,,2026-06-17 13:38:28,Najah Robertson,,,2026-09-08 11:42:06,Najah Robertson,,,,,L3 Green Tag,2026-09-08 11:42:06,Najah Robertson,2026-09-09T00:25:35.989077+00:00
42472,9323466,EDCATL11ELPAHD10,ELP,Electrical,,,3061,Cx Lvl 3 Complete,BCEI,,schneider electric,460051326135000149,020254255091,AH,RODGERS ELECTRIC,LV Distribution Panel,2025-04-25 11:17:15,Ben Reynolds,2025-12-29 20:52:26,Najah Robertson,,,2026-06-17 13:39:48,Najah Robertson,,,2026-09-08 11:42:06,Najah Robertson,,,,,L3 Green Tag,2026-09-08 11:42:06,Najah Robertson,2026-09-09T00:25:35.989077+00:00
42472,9323467,EDCATL11ELPAHE10,ELP,Electrical,,,3087,Cx Lvl 3 Complete,BCEI,,schneider electric,460051326135000150,020254495984,AH,FTI,LV Distribution Panel,2025-04-25 11:17:15,Ben Reynolds,2026-01-09 14:30:43,Najah Robertson,,,2026-06-17 13:41:24,Najah Robertson,,,2026-09-08 11:42:06,Najah Robertson,,,,,L3 Green Tag,2026-09-08 11:42:06,Najah Robertson,2026-09-09T00:25:35.989077+00:00
42472,9323633,EDCATL11ELPBH110,ELP,Electrical,,,1064,Cx Lvl 3 Complete,BCEI,,schneider electric,460051326135000160,020254255092,BH,FTI,LV Distribution Panel,2025-04-25 11:17:17,Ben Reynolds,2026-01-06 21:27:46,Najah Robertson,,,2026-06-02 13:43:32,Najah Robertson,,,2026-09-08 11:42:06,Najah Robertson,,,,,L3 Green Tag,2026-09-08 11:42:06,Najah Robertson,2026-09-09T00:25:35.989077+00:00
42472,9323634,EDCATL11ELPBH210,ELP,Electrical,,,1064,Cx Lvl 3 Complete,BCEI,,schneider electric,460051326135000170,020254254649,BH,FTI,LV Distribution Panel,2025-04-25 11:17:17,Ben Reynolds,2026-01-06 21:27:45,Najah Robertson,,,2026-06-02 13:42:32,Najah Robertson,,,2026-09-08 11:42:06,Najah Robertson,,,,,L3 Green Tag,2026-09-08 11:42:06,Najah Robertson,2026-09-09T00:25:35.989077+00:00
42472,9323635,EDCATL11ELPBH320,ELP,Electrical,,,1142,Cx Lvl 3 Complete,Schneider,,schneider electric,460051326135000180,29252150NF00015,BH,Fti,LV Distribution Panel,2025-04-25 11:17:17,Ben Reynolds,2026-03-06 14:19:15,Najah Robertson,,,2026-06-17 13:45:03,Najah Robertson,,,2026-09-08 11:42:06,Najah Robertson,,,,,L3 Green Tag,2026-09-08 11:42:06,Najah Robertson,2026-09-09T00:25:35.989077+00:00
42472,9323636,EDCATL11ELPBH410,ELP,Electrical,,,1014,Cx Lvl 3 Complete,Rodger’s,,schneider electric,460051326135000190,020254496007,BH,Fti,LV Distribution Panel,2025-04-25 11:17:17,Ben Reynolds,2026-03-04 19:37:50,Najah Robertson,,,2026-06-17 13:47:51,Najah Robertson,,,2026-09-08 11:42:06,Najah Robertson,,,,,L3 Green Tag,2026-09-08 11:42:06,Najah Robertson,2026-09-09T00:25:35.989077+00:00
42472,9323637,EDCATL11ELPBH510,ELP,Electrical,,,1014,Cx Lvl 3 Complete,Rodgers,,schneider electric,460051326135000200,020254326247,BH,Fti,LV Distribution Panel,2025-04-25 11:17:17,Ben Reynolds,2026-03-04 19:37:49,Najah Robertson,,,2026-06-17 13:49:44,Najah Robertson,,,2026-09-08 11:42:06,Najah Robertson,,,,,L3 Green Tag,2026-09-08 11:42:06,Najah Robertson,2026-09-09T00:25:35.989077+00:00
42472,9323638,EDCATL11ELPBH650,ELP,Electrical,,,1087,Cx Lvl 3 Complete,Rodgers,,schneider,290051326135002720,020254685637,BH,Fti,LV Distribution Panel,2025-04-25 11:17:17,Ben Reynolds,2026-06-17 13:57:22,Najah Robertson,,,2026-08-10 10:58:56,Najah Robertson,,,2026-09-08 11:42:06,Najah Robertson,,,,,L3 Green Tag,2026-09-08 11:42:06,Najah Robertson,2026-09-09T00:25:35.989077+00:00
42472,9323639,EDCATL11ELPBH710,ELP,Electrical,,,2064,Cx Lvl 3 Complete,Square D,,schneider electric,290051326135003730,020254837628,BH,Rodgers,LV Distribution Panel,2025-04-25 11:17:17,Ben Reynolds,2026-03-17 18:59:03,Najah Robertson,,,2026-06-17 13:58:07,Najah Robertson,,,2026-09-08 11:42:06,Najah Robertson,,,,,L3 Green Tag,2026-09-08 11:42:06,Najah Robertson,2026-09-09T00:25:35.989077+00:00
42472,9323640,EDCATL11ELPBH810,ELP,Electrical,,,2064,Cx Lvl 3 Complete,Sqaure d,,schnieder,290051326135002730,020254685841,BH,Rodgers,LV Distribution Panel,2025-04-25 11:17:17,Ben Reynolds,2026-03-17 18:58:02,Najah Robertson,,,2026-06-17 14:02:36,Najah Robertson,,,2026-09-08 11:42:06,Najah Robertson,,,,,L3 Green Tag,2026-09-08 11:42:06,Najah Robertson,2026-09-09T00:25:35.989077+00:00
42472,9323641,EDCATL11ELPBH980,ELP,Electrical,,,2142,Cx Lvl 3 Complete,Schneider,,schneider,290051326135002740,020254685842,BH,Fti,LV Distribution Panel,2025-04-25 11:17:17,Ben Reynolds,2026-04-08 14:35:05,Najah Robertson,,,2026-06-17 14:04:57,Najah Robertson,,,2026-09-08 11:42:06,Najah Robertson,,,,,L3 Green Tag,2026-09-08 11:42:06,Najah Robertson,2026-09-09T00:25:35.989077+00:00
42472,9323642,EDCATL11ELPBHA10,ELP,Electrical,,,2014,Cx Lvl 3 Complete,BCEI,,schneider electric,290051326135003740,020254837634,BH,FTI,LV Distribution Panel,2025-04-25 11:17:17,Ben Reynolds,2026-03-05 20:38:51,Najah Robertson,,,2026-06-17 14:06:08,Najah Robertson,,,2026-09-08 11:42:06,Najah Robertson,,,,,L3 Green Tag,2026-09-08 11:42:06,Najah Robertson,2026-09-09T00:25:35.989077+00:00
42472,9323643,EDCATL11ELPBHB10,ELP,Electrical,,,3064,Cx Lvl 3 Complete,BCEI,,schneider electric,290051326135003750,020254837636,BH,Rogers,LV Distribution Panel,2025-04-25 11:17:17,Ben Reynolds,2026-03-24 18:42:01,Najah Robertson,,,2026-06-17 14:07:50,Najah Robertson,,,2026-09-08 11:42:06,Najah Robertson,,,,,L3 Green Tag,2026-09-08 11:42:06,Najah Robertson,2026-09-09T00:25:35.989077+00:00
42472,9323644,EDCATL11ELPBHC10,ELP,Electrical,,,3064,Cx Lvl 3 Complete,BCEI,,schneider,290051326135003760,020254837638,BH,ROGERS,LV Distribution Panel,2025-04-25 11:17:17,Ben Reynolds,2026-03-24 18:36:58,Najah Robertson,,,2026-06-17 14:09:26,Najah Robertson,,,2026-09-08 11:42:06,Najah Robertson,,,,,L3 Green Tag,2026-09-08 11:42:06,Najah Robertson,2026-09-09T00:25:35.989077+00:00
42472,9323645,EDCATL11ELPBHDC0,ELP,Electrical,,,3142,Cx Lvl 3 Complete,Schneider,,schneider electric,460051326135000010,29253140NF00185,BH,Fti,LV Distribution Panel,2025-04-25 11:17:17,Ben Reynolds,2026-03-04 16:01:18,Najah Robertson,,,2026-06-17 14:13:45,Najah Robertson,,,2026-09-08 11:42:06,Najah Robertson,,,,,L3 Green Tag,2026-09-08 11:42:06,Najah Robertson,2026-09-09T00:25:35.989077+00:00
42472,9323646,EDCATL11ELPBHE10,ELP,Electrical,,,3014,Cx Lvl 3 Complete,BCEI,,schneider,290051326135003770,020254837640,BH,FTI,LV Distribution Panel,2025-04-25 11:17:17,Ben Reynolds,2026-03-05 20:19:38,Najah Robertson,,,2026-06-17 14:16:19,Najah Robertson,,,2026-09-08 11:42:06,Najah Robertson,,,,,L3 Green Tag,2026-09-08 11:42:06,Najah Robertson,2026-09-09T00:25:35.989077+00:00
42472,9323647,EDCATL11ELPBHF10,ELP,Electrical,,,3014,Cx Lvl 3 Complete,BCEI,,schneider,290051326135003780,020254837641,BH,FTI,LV Distribution Panel,2025-04-25 11:17:17,Ben Reynolds,2026-03-05 20:19:38,Najah Robertson,2026-06-17 14:17:27,Najah Robertson,2026-06-17 14:17:30,Najah Robertson,,,2026-09-08 11:42:06,Najah Robertson,,,,,L3 Green Tag,2026-09-08 11:42:06,Najah Robertson,2026-09-09T00:25:35.989077+00:00
42472,9323648,EDCATL11ELPBHGF0,ELP,Electrical,,,3087,Cx Lvl 3 Complete,BCEI,,schneider,290051326135002750,020254686005,BH,FTI,LV Distribution Panel,2025-04-25 11:17:17,Ben Reynolds,2026-06-17 14:20:16,Najah Robertson,,,2026-08-18 13:32:02,Najah Robertson,,,2026-09-08 11:42:06,Najah Robertson,,,,,L3 Green Tag,2026-09-08 11:42:06,Najah Robertson,2026-09-09T00:25:35.989077+00:00
42472,9323650,EDCATL11ELPBHI10,ELP,Electrical,,,SB1,Cx Lvl 3 Complete,schneider,,schneider,290051326135002760,020254686262,BH,FTI,LV Distribution Panel,2025-04-25 11:17:17,Ben Reynolds,2026-05-14 15:20:56,Najah Robertson,,,2026-08-18 13:32:02,Najah Robertson,,,2026-09-08 11:42:06,Najah Robertson,,,,,L3 Green Tag,2026-09-08 11:42:06,Najah Robertson,2026-09-09T00:25:35.989077+00:00
42472,9319740,EDCATL11ELPEA110,ELP,Electrical,,,3171,Cx Lvl 3 Complete,Square D,GEN RM EA,SQUARE D,460051326135000860,29253440NF00197,1,FTI,LV Distribution Panel,2025-04-25 11:16:34,Ben Reynolds,2025-11-12 19:04:32,Najah Robertson,2026-04-14 12:47:56,Najah Robertson,2026-06-17 14:15:49,Najah Robertson,,,2026-08-03 11:05:13,Najah Robertson,,,,,L3 Green Tag,2026-08-03 11:05:13,Najah Robertson,2026-09-09T00:25:35.989077+00:00
42472,9319741,EDCATL11ELPEB110,ELP,Electrical,,,3172,Cx Lvl 3 Complete,Square D,GEN RM EB,SQUARE D,460051326135000870,29253460NF00050,1,FTI,LV Distribution Panel,2025-04-25 11:16:34,Ben Reynolds,2025-11-12 19:31:24,Najah Robertson,2026-04-14 12:47:56,Najah Robertson,2026-06-17 14:15:49,Najah Robertson,,,2026-08-03 11:05:13,Najah Robertson,,,,,L3 Green Tag,2026-08-03 11:05:13,Najah Robertson,2026-09-09T00:25:35.989077+00:00
42472,9319742,EDCATL11ELPEB240,ELP,Electrical,,,3121,Cx Lvl 3 Complete,BCEI,PDU A1,SQUARE D,460051326135000500,29253440NF00097,1,FTI,LV Distribution Panel,2025-04-25 11:16:34,Ben Reynolds,2025-12-15 17:58:16,Najah Robertson,,,2026-06-09 13:37:39,Najah Robertson,,,2026-08-03 11:05:13,Najah Robertson,,,,,L3 Green Tag,2026-08-03 11:05:13,Najah Robertson,2026-09-09T00:25:35.989077+00:00
42472,9319743,EDCATL11ELPEC110,ELP,Electrical,,,3173,Cx Lvl 3 Complete,Square D,GEN RM EC,SQUARE D,460051326135000880,29233460NF00099,1,FTI,LV Distribution Panel,2025-04-25 11:16:34,Ben Reynolds,2025-11-12 19:31:24,Najah Robertson,2026-04-14 14:55:36,Najah Robertson,2026-06-17 14:15:49,Najah Robertson,,,2026-08-03 11:05:13,Najah Robertson,,,,,L3 Green Tag,2026-08-03 11:05:13,Najah Robertson,2026-09-09T00:25:35.989077+00:00
42472,9319744,EDCATL11ELPEC230,ELP,Electrical,,,3112,Cx Lvl 3 Complete,BCEI,PDU 92,SQUARE D,460051326135000510,29253230NF00026,1,FTI,LV Distribution Panel,2025-04-25 11:16:34,Ben Reynolds,2025-12-29 20:52:25,Najah Robertson,,,2026-06-09 13:20:39,Najah Robertson,,,2026-08-03 11:05:13,Najah Robertson,,,,,L3 Green Tag,2026-08-03 11:05:13,Najah Robertson,2026-09-09T00:25:35.989077+00:00
42472,9319745,EDCATL11ELPED110,ELP,Electrical,,,3175,Cx Lvl 3 Complete,Square D,GEN RM ED,SQUARE D,460051326135000890,29253460NF00062,1,FTI,LV Distribution Panel,2025-04-25 11:16:34,Ben Reynolds,2025-11-12 19:31:24,Najah Robertson,2026-04-14 14:55:36,Najah Robertson,2026-06-17 14:15:49,Najah Robertson,,,2026-08-03 11:05:13,Najah Robertson,,,,,L3 Green Tag,2026-08-03 11:05:13,Najah Robertson,2026-09-09T00:25:35.989077+00:00
42472,9319746,EDCATL11ELPED230,ELP,Electrical,,,3121,Cx Lvl 3 Complete,BCEI,PDU A1,SQUARE D,460051326135000520,29253440NF00101,1,FTI,LV Distribution Panel,2025-04-25 11:16:34,Ben Reynolds,2025-12-17 17:19:39,Najah Robertson,,,2026-06-09 13:58:39,Najah Robertson,,,2026-08-03 11:05:13,Najah Robertson,,,,,L3 Green Tag,2026-08-03 11:05:13,Najah Robertson,2026-09-09T00:25:35.989077+00:00
42472,9319747,EDCATL11ELPEE110,ELP,Electrical,,,3176,Cx Lvl 3 Complete,Square D,GEN RM EE,SQUARE D,460051326135000900,29253460NF00051,1,FTI,LV Distribution Panel,2025-04-25 11:16:34,Ben Reynolds,2025-11-12 19:31:24,Najah Robertson,2026-04-14 14:55:36,Najah Robertson,2026-06-17 14:15:49,Najah Robertson,,,2026-08-03 11:05:13,Najah Robertson,,,,,L3 Green Tag,2026-08-03 11:05:13,Najah Robertson,2026-09-09T00:25:35.989077+00:00
42472,9319748,EDCATL11ELPEE230,ELP,Electrical,,,3112,Cx Lvl 3 Complete,BCEI,PDU 92,SQUARE D,460051326135000530,29253440nf00098,1,FTI,LV Distribution Panel,2025-04-25 11:16:34,Ben Reynolds,2025-12-15 17:54:09,Najah Robertson,,,2026-06-09 13:14:39,Najah Robertson,,,2026-08-03 11:05:13,Najah Robertson,,,,,L3 Green Tag,2026-08-03 11:05:13,Najah Robertson,2026-09-09T00:25:35.989077+00:00
42472,9319749,EDCATL11ELPEF110,ELP,Electrical,,,3177,Cx Lvl 3 Complete,Square D,GEN RM EF,SQUARE D,460051326135000910,29253460NF00045,1,FTI,LV Distribution Panel,2025-04-25 11:16:34,Ben Reynolds,2025-11-12 19:31:24,Najah Robertson,2026-04-14 14:55:36,Najah Robertson,2026-06-17 14:15:49,Najah Robertson,,,2026-08-03 11:05:13,Najah Robertson,,,,,L3 Green Tag,2026-08-03 11:05:13,Najah Robertson,2026-09-09T00:25:35.989077+00:00
42472,9319750,EDCATL11ELPEZ110,ELP,Electrical,,,3174,Cx Lvl 3 Complete,Square D,GEN RM EZ,SQUARE D,460051326135000920,29253460NF00048,1,FTI,LV Distribution Panel,2025-04-25 11:16:34,Ben Reynolds,2025-11-12 19:31:24,Najah Robertson,2026-04-14 14:55:36,Najah Robertson,2026-06-17 14:15:49,Najah Robertson,,,2026-08-03 11:05:13,Najah Robertson,,,,,L3 Green Tag,2026-08-03 11:05:13,Najah Robertson,2026-09-09T00:25:35.989077+00:00
42472,9323468,EDCATL11EPPAH120,EPP,Electrical,,,1061,Cx Lvl 3 Complete,Bcei,,schneider electric,460051326135001000,2925153NQ200428,AH,Rodgers,LV Distribution Panel,2025-04-25 11:17:15,Ben Reynolds,2026-01-06 21:27:44,Najah Robertson,,,2026-06-02 13:58:32,Najah Robertson,,,2026-09-08 11:42:06,Najah Robertson,,,,,L3 Green Tag,2026-09-08 11:42:06,Najah Robertson,2026-09-09T00:25:35.989077+00:00
42472,9323469,EDCATL11EPPAH230,EPP,Electrical,,,1061,Cx Lvl 3 Complete,Square d,,schneider electric,460051326135001610,2925153NQ200427,AH,Rodgers,LV Distribution Panel,2025-04-25 11:17:15,Ben Reynolds,2026-01-20 17:42:22,Najah Robertson,,,2026-06-02 13:57:31,Najah Robertson,,,2026-09-08 11:42:06,Najah Robertson,,,,,L3 Green Tag,2026-09-08 11:42:06,Najah Robertson,2026-09-09T00:25:35.989077+00:00
42472,9323470,EDCATL11EPPAH320,EPP,Electrical,,,1111,Cx Lvl 3 Complete,Bcei,,schneider electric,460051326135001020,2925194NQ200179,AH,Fti,LV Distribution Panel,2025-04-25 11:17:15,Ben Reynolds,2026-05-11 19:30:23,Najah Robertson,,,2026-06-17 18:12:12,Najah Robertson,,,2026-09-08 11:42:06,Najah Robertson,,,,,L3 Green Tag,2026-09-08 11:42:06,Najah Robertson,2026-09-09T00:25:35.989077+00:00
42472,9323471,EDCATL11EPPAH440,EPP,Electrical,,,1087,Cx Lvl 3 Complete,Rodgers,,schneider electric,460051326135001030,2925293NQ200094,AH,Fti,LV Distribution Panel,2025-04-25 11:17:15,Ben Reynolds,2026-03-05 20:38:52,Najah Robertson,,,2026-06-17 18:18:50,Najah Robertson,,,2026-09-08 11:42:06,Najah Robertson,,,,,L3 Green Tag,2026-09-08 11:42:06,Najah Robertson,2026-09-09T00:25:35.989077+00:00
42472,9323472,EDCATL11EPPAH550,EPP,Electrical,,,1087,Cx Lvl 3 Complete,Rodgers,,schneider electric,460051326135001040,2925293NQ200093,AH,Fti,LV Distribution Panel,2025-04-25 11:17:15,Ben Reynolds,2026-03-05 20:38:52,Najah Robertson,,,2026-06-17 18:19:44,Najah Robertson,,,2026-09-08 11:42:06,Najah Robertson,,,,,L3 Green Tag,2026-09-08 11:42:06,Najah Robertson,2026-09-09T00:25:35.989077+00:00
42472,9323473,EDCATL11EPPAH660,EPP,Electrical,,,2061,Cx Lvl 3 Complete,Bcei,,schneider electric,460051326135001050,2925293NQ200087,AH,Fti,LV Distribution Panel,2025-04-25 11:17:15,Ben Reynolds,2025-12-30 21:11:24,Najah Robertson,,,2026-06-17 18:21:43,Najah Robertson,,,2026-09-08 11:42:06,Najah Robertson,,,,,L3 Green Tag,2026-09-08 11:42:06,Najah Robertson,2026-09-09T00:25:35.989077+00:00
42472,9323474,EDCATL11EPPAH770,EPP,Electrical,,,2061,Cx Lvl 3 Complete,Bcei,,Schneider,460051326135001060,2925194NQ200187,AH,Rodgers,LV Distribution Panel,2025-04-25 11:17:15,Ben Reynolds,2026-02-09 19:50:42,Najah Robertson,,,2026-06-17 20:49:45,Najah Robertson,,,2026-09-08 11:42:06,Najah Robertson,,,,,L3 Green Tag,2026-09-08 11:42:06,Najah Robertson,2026-09-09T00:25:35.989077+00:00
42472,9323475,EDCATL11EPPAH870,EPP,Electrical,,,2111,Cx Lvl 3 Complete,BCEI,,schneider electric,460051326135001070,2925194NQ200185,AH,FTI,LV Distribution Panel,2025-04-25 11:17:15,Ben Reynolds,2026-06-17 20:50:28,Najah Robertson,,,2026-08-18 13:31:49,Najah Robertson,,,2026-09-08 11:42:06,Najah Robertson,,,,,L3 Green Tag,2026-09-08 11:42:06,Najah Robertson,2026-09-09T00:25:35.989077+00:00
42472,9323476,EDCATL11EPPAH980,EPP,Electrical,,,2087,Cx Lvl 3 Complete,BCEI,,schneider electric,460051326135001080,2925194NQ200172,AH,ROGERS,LV Distribution Panel,2025-04-25 11:17:15,Ben Reynolds,2026-06-17 20:52:08,Najah Robertson,,,2026-08-18 13:31:49,Najah Robertson,,,2026-09-08 11:42:06,Najah Robertson,,,,,L3 Green Tag,2026-09-08 11:42:06,Najah Robertson,2026-09-09T00:25:35.989077+00:00
42472,9323477,EDCATL11EPPAHA90,EPP,Electrical,,,2087,Cx Lvl 3 Complete,BCEI,,schneider electric,460051326135001090,2925214NQ100448,AH,Rogers,LV Distribution Panel,2025-04-25 11:17:15,Ben Reynolds,2026-02-04 21:23:59,Najah Robertson,,,2026-08-18 13:31:49,Najah Robertson,,,2026-09-08 11:42:06,Najah Robertson,,,,,L3 Green Tag,2026-09-08 11:42:06,Najah Robertson,2026-09-09T00:25:35.989077+00:00
42472,9323478,EDCATL11EPPAHBA0,EPP,Electrical,,,3061,Cx Lvl 3 Complete,BCEI,,schneider electric,460051326135001100,2925293NQ200100,AH,RODGERS ELECTRIC,LV Distribution Panel,2025-04-25 11:17:15,Ben Reynolds,2025-12-29 20:52:26,Najah Robertson,,,2026-07-06 18:49:28,Najah Robertson,,,2026-09-08 11:42:06,Najah Robertson,,,,,L3 Green Tag,2026-09-08 11:42:06,Najah Robertson,2026-09-09T00:25:35.989077+00:00
42472,9323479,EDCATL11EPPAHCB0,EPP,Electrical,,,3061,Cx Lvl 3 Complete,BCEI,,schneider electric,460051326135001110,2925293NQ200088,AH,FTI,LV Distribution Panel,2025-04-25 11:17:15,Ben Reynolds,2026-01-06 17:24:00,Najah Robertson,,,2026-08-18 13:31:49,Najah Robertson,,,2026-09-08 11:42:06,Najah Robertson,,,,,L3 Green Tag,2026-09-08 11:42:06,Najah Robertson,2026-09-09T00:25:35.989077+00:00
42472,9323480,EDCATL11EPPAHDC0,EPP,Electrical,,,3111,Cx Lvl 3 Complete,BCEI,,schneider electric,460051326135001120,2925194NQ200184,AH,FTI,LV Distribution Panel,2025-04-25 11:17:15,Ben Reynolds,2026-01-20 17:42:20,Najah Robertson,,,2026-08-18 13:31:49,Najah Robertson,,,2026-09-08 11:42:06,Najah Robertson,,,,,L3 Green Tag,2026-09-08 11:42:06,Najah Robertson,2026-09-09T00:25:35.989077+00:00
42472,9323481,EDCATL11EPPAHEC0,EPP,Electrical,,,3088,Cx Lvl 3 Complete,BCEI,,schneider electric,460051326135001140,2925293NQ200089,AH,FTI,LV Distribution Panel,2025-04-25 11:17:15,Ben Reynolds,2026-01-09 14:30:43,Najah Robertson,,,2026-08-18 13:31:49,Najah Robertson,,,2026-09-08 11:42:06,Najah Robertson,,,,,L3 Green Tag,2026-09-08 11:42:06,Najah Robertson,2026-09-09T00:25:35.989077+00:00
42472,9323482,EDCATL11EPPAHFD0,EPP,Electrical,,,3088,Cx Lvl 3 Complete,BCEI,,schneider electric,460051326135001130,2925293NQ200091,AH,FTI,LV Distribution Panel,2025-04-25 11:17:15,Ben Reynolds,2026-01-09 14:30:43,Najah Robertson,,,2026-08-18 13:31:49,Najah Robertson,,,2026-09-08 11:42:06,Najah Robertson,,,,,L3 Green Tag,2026-09-08 11:42:06,Najah Robertson,2026-09-09T00:25:35.989077+00:00
42472,9323483,EDCATL11EPPAHGE0,EPP,Electrical,,,,Cx Lvl 3 Complete,Mustang CAT,,SQUARE D,NQ418L 1C,2925123NQ200293,AH,Coastline,LV Distribution Panel,2025-04-25 11:17:15,Ben Reynolds,2025-10-03 11:33:49,Darshan Lunawat,,,2026-08-18 13:31:49,Najah Robertson,,,2026-09-08 11:42:06,Najah Robertson,,,,,L3 Green Tag,2026-09-08 11:42:06,Najah Robertson,2026-09-09T00:25:35.989077+00:00
42472,9323484,EDCATL11EPPAZ110,EPP,Electrical,,,1111,Cx Lvl 3 Complete,,,schneider,290051326135003620,020254686266,AH,,LV Distribution Panel,2025-04-25 11:17:15,Ben Reynolds,,,,,,,,,2026-09-08 11:42:06,Najah Robertson,,,,,L3 Green Tag,2026-09-08 11:42:06,Najah Robertson,2026-09-09T00:25:35.989077+00:00
42472,9323651,EDCATL11EPPBH120,EPP,Electrical,,,1064,Cx Lvl 3 Complete,BCEI,,Schneider Electric,460051326135001160,2925194NQ200188,BH,FTI,LV Distribution System,2025-04-25 11:17:17,Ben Reynolds,2026-01-06 21:27:45,Najah Robertson,,,2026-06-02 13:41:31,Najah Robertson,,,2026-09-08 11:42:06,Najah Robertson,,,,,L3 Green Tag,2026-09-08 11:42:06,Najah Robertson,2026-09-09T00:25:35.989077+00:00
42472,9323652,EDCATL11EPPBH230,EPP,Electrical,,,1064,Cx Lvl 3 Complete,BCEI,,schneider electric,460051326135001170,2925194NQ200186,BH,FTI,LV Distribution System,2025-04-25 11:17:17,Ben Reynolds,2026-01-06 21:27:45,Najah Robertson,,,2026-06-02 13:40:31,Najah Robertson,,,2026-09-08 11:42:06,Najah Robertson,,,,,L3 Green Tag,2026-09-08 11:42:06,Najah Robertson,2026-09-09T00:25:35.989077+00:00
42472,9323653,EDCATL11EPPBH320,EPP,Electrical,,,1142,Cx Lvl 3 Complete,Schneider,,schneider electric,460051326135001180,2925194NQ200183,BH,Fti,LV Distribution System,2025-04-25 11:17:17,Ben Reynolds,2026-03-06 14:19:26,Najah Robertson,,,2026-08-18 13:31:49,Najah Robertson,,,2026-09-08 11:42:06,Najah Robertson,,,,,L3 Green Tag,2026-09-08 11:42:06,Najah Robertson,2026-09-09T00:25:35.989077+00:00
42472,9323654,EDCATL11EPPBH440,EPP,Electrical,,,1014,Cx Lvl 3 Complete,FTI,,schneider electric,460051326135001190,2925293NQ200092,BH,FTI,LV Distribution System,2025-04-25 11:17:17,Ben Reynolds,2026-03-04 19:36:08,Najah Robertson,,,2026-08-18 13:31:49,Najah Robertson,,,2026-09-08 11:42:06,Najah Robertson,,,,,L3 Green Tag,2026-09-08 11:42:06,Najah Robertson,2026-09-09T00:25:35.989077+00:00
42472,9323655,EDCATL11EPPBH550,EPP,Electrical,,,1014,Cx Lvl 3 Complete,Rodgers,,schneider electric,460051326135001200,2925214NQ100444,BH,Fti,LV Distribution System,2025-04-25 11:17:17,Ben Reynolds,2026-03-04 19:33:54,Najah Robertson,,,2026-08-18 13:31:49,Najah Robertson,,,2026-09-08 11:42:06,Najah Robertson,,,,,L3 Green Tag,2026-09-08 11:42:06,Najah Robertson,2026-09-09T00:25:35.989077+00:00
42472,9323656,EDCATL11EPPBH660,EPP,Electrical,,,2064,Cx Lvl 3 Complete,Square d,,schneider,290051326135002810,020254688155,BH,Rodger’s,LV Distribution System,2025-04-25 11:17:17,Ben Reynolds,2026-03-17 18:58:02,Najah Robertson,,,2026-08-18 13:31:49,Najah Robertson,,,2026-09-08 11:42:06,Najah Robertson,,,,,L3 Green Tag,2026-09-08 11:42:06,Najah Robertson,2026-09-09T00:25:35.989077+00:00
42472,9323657,EDCATL11EPPBH770,EPP,Electrical,,,2064,Cx Lvl 3 Complete,BCEI,,schneider,290051326135002820,020254688156,BH,FTI,LV Distribution System,2025-04-25 11:17:17,Ben Reynolds,2026-03-17 18:57:01,Najah Robertson,,,2026-08-18 13:31:49,Najah Robertson,,,2026-09-08 11:42:06,Najah Robertson,,,,,L3 Green Tag,2026-09-08 11:42:06,Najah Robertson,2026-09-09T00:25:35.989077+00:00
42472,9323658,EDCATL11EPPBH870,EPP,Electrical,,,2142,Cx Lvl 3 Complete,BCEI,,schneider,290051326135002830,020254688157,BH,FTI,LV Distribution System,2025-04-25 11:17:17,Ben Reynolds,2026-01-22 15:59:53,Najah Robertson,,,2026-08-18 13:31:49,Najah Robertson,,,2026-09-08 11:42:06,Najah Robertson,,,,,L3 Green Tag,2026-09-08 11:42:06,Najah Robertson,2026-09-09T00:25:35.989077+00:00
42472,9323659,EDCATL11EPPBH980,EPP,Electrical,,,2014,Cx Lvl 3 Complete,BCEI,,schneider,290051326135002840,020254688158,BH,FTI,LV Distribution System,2025-04-25 11:17:17,Ben Reynolds,2026-03-05 20:38:51,Najah Robertson,,,2026-08-18 13:31:49,Najah Robertson,,,2026-09-08 11:42:06,Najah Robertson,,,,,L3 Green Tag,2026-09-08 11:42:06,Najah Robertson,2026-09-09T00:25:35.989077+00:00
42472,9323660,EDCATL11EPPBHA90,EPP,Electrical,,,2014,Cx Lvl 3 Complete,Bcei,,schnieder,290051326135002850,020254688159,BH,Rodgers,LV Distribution System,2025-04-25 11:17:17,Ben Reynolds,2026-03-05 20:38:51,Najah Robertson,,,2026-08-18 13:31:49,Najah Robertson,,,2026-09-08 11:42:06,Najah Robertson,,,,,L3 Green Tag,2026-09-08 11:42:06,Najah Robertson,2026-09-09T00:25:35.989077+00:00
42472,9323661,EDCATL11EPPBHBA0,EPP,Electrical,,,3064,Cx Lvl 3 Complete,BCEI,,schneider electric,290051326135002860,020254688160,BH,FTI,LV Distribution System,2025-04-25 11:17:17,Ben Reynolds,2026-03-24 18:37:59,Najah Robertson,,,2026-08-18 13:31:49,Najah Robertson,,,2026-09-08 11:42:06,Najah Robertson,,,,,L3 Green Tag,2026-09-08 11:42:06,Najah Robertson,2026-09-09T00:25:35.989077+00:00
42472,9323662,EDCATL11EPPBHCB0,EPP,Electrical,,,3064,Cx Lvl 3 Complete,BCEI,,schneider,290051326135002870,020254688161,BH,ROGERS,LV Distribution System,2025-04-25 11:17:17,Ben Reynolds,2026-03-24 18:37:57,Najah Robertson,,,2026-08-18 13:31:49,Najah Robertson,,,2026-09-08 11:42:06,Najah Robertson,,,,,L3 Green Tag,2026-09-08 11:42:06,Najah Robertson,2026-09-09T00:25:35.989077+00:00
42472,9323663,EDCATL11EPPBHDC0,EPP,Electrical,,,3142,Cx Lvl 3 Complete,Schneider,,schneider,290051326135002880,020254688162,BH,Fti,LV Distribution System,2025-04-25 11:17:17,Ben Reynolds,2026-03-04 16:02:20,Najah Robertson,,,2026-08-18 13:31:49,Najah Robertson,,,2026-09-08 11:42:06,Najah Robertson,,,,,L3 Green Tag,2026-09-08 11:42:06,Najah Robertson,2026-09-09T00:25:35.989077+00:00
42472,9323664,EDCATL11EPPBHEC0,EPP,Electrical,,,3014,Cx Lvl 3 Complete,BCEI,,schneider,290051326135002890,020254688163,BH,FTI,LV Distribution System,2025-04-25 11:17:17,Ben Reynolds,2026-03-05 20:19:37,Najah Robertson,,,2026-08-18 13:31:49,Najah Robertson,,,2026-09-08 11:42:06,Najah Robertson,,,,,L3 Green Tag,2026-09-08 11:42:06,Najah Robertson,2026-09-09T00:25:35.989077+00:00
42472,9323665,EDCATL11EPPBHFD0,EPP,Electrical,,,3014,Cx Lvl 3 Complete,BCEI,,schneider,290051326135002900,020254688164,BH,FTI,LV Distribution System,2025-04-25 11:17:17,Ben Reynolds,2026-03-05 20:19:38,Najah Robertson,,,2026-08-18 13:31:49,Najah Robertson,,,2026-09-08 11:42:06,Najah Robertson,,,,,L3 Green Tag,2026-09-08 11:42:06,Najah Robertson,2026-09-09T00:25:35.989077+00:00
42472,9323666,EDCATL11EPPBHGE0,EPP,Electrical,,,1014,Cx Lvl 3 Complete,Mustang CAT,,Square D,NQ418L1C,PNL SN: 020254688165,BH,FTI,LV Distribution System,2025-04-25 11:17:17,Ben Reynolds,2025-11-12 16:09:27,Najah Robertson,,,2026-08-18 13:31:49,Najah Robertson,,,2026-09-08 11:42:06,Najah Robertson,,,,,L3 Green Tag,2026-09-08 11:42:06,Najah Robertson,2026-09-09T00:25:35.989077+00:00
42472,9323667,EDCATL11EPPBHHE0,EPP,Electrical,,,,Cx Lvl 3 Complete,,,,,,BH,,LV Distribution System,2025-04-25 11:17:17,Ben Reynolds,,,,,,,,,2026-09-08 11:42:06,Najah Robertson,,,,,L3 Green Tag,2026-09-08 11:42:06,Najah Robertson,2026-09-09T00:25:35.989077+00:00
42472,9323669,EDCATL11EPPBHJH0,EPP,Electrical,,,SB1,Cx Lvl 3 Complete,Schneider,,schneider,290051326135002920,020254688166,BH,FTI,LV Distribution System,2025-04-25 11:17:17,Ben Reynolds,2026-05-14 15:25:14,Najah Robertson,,,2026-08-18 13:31:49,Najah Robertson,,,2026-09-08 11:42:06,Najah Robertson,,,,,L3 Green Tag,2026-09-08 11:42:06,Najah Robertson,2026-09-09T00:25:35.989077+00:00
42472,9319751,EDCATL11EPPEA120,EPP,Electrical,,,3171,Cx Lvl 3 Complete,Square D,GEN RM EA,SQUARE D,290051326135003300,020254680034,1,FTI,LV Distribution Panel,2025-04-25 11:16:34,Ben Reynolds,2025-11-12 19:31:24,Najah Robertson,2026-04-14 14:49:30,Najah Robertson,2026-06-17 14:23:58,Najah Robertson,,,2026-08-03 11:05:41,Najah Robertson,,,,,L3 Green Tag,2026-08-03 11:05:41,Najah Robertson,2026-09-09T00:25:35.989077+00:00
42472,9319752,EDCATL11EPPEA230,EPP,Electrical,,,3121,Cx Lvl 3 Complete,BCEI,PDU A1,SQUARE D,290051326135003130,020254688192,1,FTI,LV Distribution Panel,2025-04-25 11:16:34,Ben Reynolds,2026-01-21 21:08:17,Najah Robertson,,,2026-06-09 13:21:39,Najah Robertson,,,2026-08-03 11:05:41,Najah Robertson,,,,,L3 Green Tag,2026-08-03 11:05:41,Najah Robertson,2026-09-09T00:25:35.989077+00:00
42472,9319753,EDCATL11EPPEA320,EPP,Electrical,,,3112,Cx Lvl 3 Complete,BCEI,PDU 92,SQUARE D,290051326135003140,020254680065,1,FTI,LV Distribution Panel,2025-04-25 11:16:34,Ben Reynolds,2025-12-29 20:52:25,Najah Robertson,,,2026-06-09 13:37:39,Najah Robertson,,,2026-08-03 11:05:41,Najah Robertson,,,,,L3 Green Tag,2026-08-03 11:05:41,Najah Robertson,2026-09-09T00:25:35.989077+00:00
42472,9319754,EDCATL11EPPEB120,EPP,Electrical,,,3172,Cx Lvl 3 Complete,Sqaure D,GEN RM EB,SQUARE D,290051326135003310,020254680035,1,FTI,LV Distribution Panel,2025-04-25 11:16:34,Ben Reynolds,2025-11-12 19:31:24,Najah Robertson,2026-04-14 14:49:30,Najah Robertson,2026-06-17 14:23:51,Najah Robertson,,,2026-08-03 11:05:41,Najah Robertson,,,,,L3 Green Tag,2026-08-03 11:05:41,Najah Robertson,2026-09-09T00:25:35.989077+00:00
42472,9319755,EDCATL11EPPEB230,EPP,Electrical,,,3152,Cx Lvl 3 Complete,Schneider,ELE RM EB,SQUARE D,290051326135003110,020254680063,1,Fti,LV Distribution Panel,2025-04-25 11:16:34,Ben Reynolds,2026-03-02 17:09:00,Najah Robertson,,,2026-05-27 17:04:42,Najah Robertson,,,2026-08-03 11:05:41,Najah Robertson,,,,,L3 Green Tag,2026-08-03 11:05:41,Najah Robertson,2026-09-09T00:25:35.989077+00:00
42472,9319756,EDCATL11EPPEC120,EPP,Electrical,,,3173,Cx Lvl 3 Complete,Square D,GEN RM EC,SQUARE D,290051326135003320,020254680036,1,FTI,LV Distribution Panel,2025-04-25 11:16:34,Ben Reynolds,2025-11-17 21:30:58,Najah Robertson,2026-04-14 14:49:30,Najah Robertson,2026-06-17 14:23:51,Najah Robertson,,,2026-08-03 11:05:41,Najah Robertson,,,,,L3 Green Tag,2026-08-03 11:05:41,Najah Robertson,2026-09-09T00:25:35.989077+00:00
42472,9319757,EDCATL11EPPED120,EPP,Electrical,,,3175,Cx Lvl 3 Complete,Square D,GEN RM ED,SQUARE D,290051326135003330,020254680037,1,FTI,LV Distribution Panel,2025-04-25 11:16:34,Ben Reynolds,2025-11-12 19:31:24,Najah Robertson,2026-04-14 14:49:30,Najah Robertson,2026-06-17 14:23:51,Najah Robertson,,,2026-08-03 11:05:41,Najah Robertson,,,,,L3 Green Tag,2026-08-03 11:05:41,Najah Robertson,2026-09-09T00:25:35.989077+00:00
42472,9319758,EDCATL11EPPEE120,EPP,Electrical,,,3176,Cx Lvl 3 Complete,Square D,GEN RM EE,SQUARE D,2900513261355003340,020254680038,1,FTI,LV Distribution Panel,2025-04-25 11:16:34,Ben Reynolds,2025-11-12 19:31:24,Najah Robertson,2026-04-14 14:49:30,Najah Robertson,2026-06-17 14:23:51,Najah Robertson,,,2026-08-03 11:05:41,Najah Robertson,,,,,L3 Green Tag,2026-08-03 11:05:41,Najah Robertson,2026-09-09T00:25:35.989077+00:00
42472,9319759,EDCATL11EPPEF120,EPP,Electrical,,,3177,Cx Lvl 3 Complete,Square D,GEN RM EF,SQUARE D,290051326135003350,020254680039,1,FTI,LV Distribution Panel,2025-04-25 11:16:34,Ben Reynolds,2026-01-12 18:17:05,Najah Robertson,2026-04-14 14:49:30,Najah Robertson,2026-06-17 14:23:51,Najah Robertson,,,2026-08-03 11:05:41,Najah Robertson,,,,,L3 Green Tag,2026-08-03 11:05:41,Najah Robertson,2026-09-09T00:25:35.989077+00:00
42472,9319760,EDCATL11EPPEF230,EPP,Electrical,,,3112,Cx Lvl 3 Complete,BCEI,PDU 92,SQUARE D,290051326135003150,020254688193,1,FTI,LV Distribution Panel,2025-04-25 11:16:34,Ben Reynolds,2026-01-09 14:30:44,Najah Robertson,,,2026-06-09 13:15:39,Najah Robertson,,,2026-08-03 11:05:41,Najah Robertson,,,,,L3 Green Tag,2026-08-03 11:05:41,Najah Robertson,2026-09-09T00:25:35.989077+00:00
42472,9319761,EDCATL11EPPEF320,EPP,Electrical,,,3121,Cx Lvl 3 Complete,BCEI,PDU A1,SQUARE D,290051326135003160,020254680066,1,FTI,LV Distribution Panel,2025-04-25 11:16:34,Ben Reynolds,2025-12-17 17:19:40,Najah Robertson,,,2026-06-09 14:30:07,Najah Robertson,,,2026-08-03 11:05:41,Najah Robertson,,,,,L3 Green Tag,2026-08-03 11:05:41,Najah Robertson,2026-09-09T00:25:35.989077+00:00
42472,9319762,EDCATL11EPPEZ110,EPP,Electrical,,,3111,Cx Lvl 3 Complete,BCEI,MECH 91,SQUARE D,290051326135003690,020254686749,1,FTI,LV Distribution Panel,2025-04-25 11:16:34,Ben Reynolds,2026-01-20 17:42:21,Najah Robertson,,,2026-06-10 16:40:41,Najah Robertson,,,2026-08-03 11:05:41,Najah Robertson,,,,,L3 Green Tag,2026-08-03 11:05:41,Najah Robertson,2026-09-09T00:25:35.989077+00:00
42472,9319763,EDCATL11EPPEZ120,EPP,Electrical,,,3174,Cx Lvl 3 Complete,Square D,GEN RM EZ,SQUARE D,290051326135003360,020254680040,1,FTI,LV Distribution Panel,2025-04-25 11:16:34,Ben Reynolds,2026-01-12 18:16:52,Najah Robertson,2026-04-14 14:49:30,Najah Robertson,2026-06-17 14:23:51,Najah Robertson,,,2026-08-03 11:05:41,Najah Robertson,,,,,L3 Green Tag,2026-08-03 11:05:41,Najah Robertson,2026-09-09T00:25:35.989077+00:00
42472,9319764,EDCATL11EPPEZ210,EPP,Electrical,,,3122,Cx Lvl 3 Complete,BCEI,MECH A2,SQUARE D,290051326135003700,020254686812,1,FTI,LV Distribution Panel,2025-04-25 11:16:34,Ben Reynolds,2026-02-05 17:45:57,Najah Robertson,,,2026-06-16 13:26:46,Najah Robertson,,,2026-08-03 11:05:41,Najah Robertson,,,,,L3 Green Tag,2026-08-03 11:05:41,Najah Robertson,2026-09-09T00:25:35.989077+00:00
42472,9319765,EDCATL11EUH02900,EUH,Mechanical,,,3171,Cx Lvl 3 Complete,Catapiller,,MARLEY ENGINEERED PRODUCTS,1548,IUH154810564,1,Kenimer Knox Mechanical,Generator System,2025-04-25 11:16:34,Ben Reynolds,2025-10-01 18:57:33,Najah Robertson,,,2026-04-22 12:54:25,Najah Robertson,,,2026-07-31 12:36:28,Eric Harrison,,,,,L3 Green Tag,2026-07-31 12:36:28,Eric Harrison,2026-09-09T00:25:35.989077+00:00
42472,9319766,EDCATL11EUH03000,EUH,Mechanical,,,3171,Cx Lvl 3 Complete,Catapiller,,MARLEY ENGINEERED PRODUCTS,1548,IUH154810564,1,Kenimer Knox Mechanical,Generator System,2025-04-25 11:16:34,Ben Reynolds,2025-10-01 18:57:33,Najah Robertson,,,2026-04-22 12:55:24,Najah Robertson,,,2026-07-31 12:36:28,Eric Harrison,,,,,L3 Green Tag,2026-07-31 12:36:28,Eric Harrison,2026-09-09T00:25:35.989077+00:00
42472,9319767,EDCATL11EUH03100,EUH,Mechanical,,,3172,Cx Lvl 3 Complete,Catapiller,,MARLEY ENGINEERED PRODUCTS,1548,UH15481564,1,Kenimer Knox Mechanical,Generator System,2025-04-25 11:16:34,Ben Reynolds,2025-10-01 18:57:33,Najah Robertson,,,2026-04-22 13:00:24,Najah Robertson,,,2026-07-31 12:36:28,Eric Harrison,,,,,L3 Green Tag,2026-07-31 12:36:28,Eric Harrison,2026-09-09T00:25:35.989077+00:00
42472,9319768,EDCATL11EUH03200,EUH,Mechanical,,,3172,Cx Lvl 3 Complete,Catapiller,,MARLEY ENGINEERED PRODUCTS,IUH,IUH154810564,1,Kenimer Knox Mechanical,Generator System,2025-04-25 11:16:34,Ben Reynolds,2025-10-01 18:57:33,Najah Robertson,,,2026-04-22 13:01:24,Najah Robertson,,,2026-07-31 12:36:28,Eric Harrison,,,,,L3 Green Tag,2026-07-31 12:36:28,Eric Harrison,2026-09-09T00:25:35.989077+00:00
42472,9319769,EDCATL11EUH03300,EUH,Mechanical,,,3173,Cx Lvl 3 Complete,Catapiller,,MARLEY ENGINEERED PRODUCTS ,1548,IUH154810564,1,Kenimer Knox Mechanical,Generator System,2025-04-25 11:16:34,Ben Reynolds,2025-10-01 18:57:33,Najah Robertson,,,2026-04-22 13:09:24,Najah Robertson,,,2026-07-31 12:36:28,Eric Harrison,,,,,L3 Green Tag,2026-07-31 12:36:28,Eric Harrison,2026-09-09T00:25:35.989077+00:00
42472,9319770,EDCATL11EUH03400,EUH,Mechanical,,,3173,Cx Lvl 3 Complete,Catapiller,,MARLEY ENGINEERED PRODUCTS,1548,IUH154810564,1,Kenimer Knox Mechanical,Generator System,2025-04-25 11:16:34,Ben Reynolds,2025-10-01 18:57:33,Najah Robertson,,,2026-04-22 13:20:25,Najah Robertson,,,2026-07-31 12:36:28,Eric Harrison,,,,,L3 Green Tag,2026-07-31 12:36:28,Eric Harrison,2026-09-09T00:25:35.989077+00:00
42472,9319771,EDCATL11EUH03500,EUH,Mechanical,,,3174,Cx Lvl 3 Complete,Catapiller,,MARLEY ENGINEERED PRODUCTS,1548,No seriel #,1,Kenimer Knox Mechanical,Generator System,2025-04-25 11:16:34,Ben Reynolds,2025-10-01 18:57:33,Najah Robertson,,,2026-04-22 13:20:25,Najah Robertson,,,2026-07-31 12:36:28,Eric Harrison,,,,,L3 Green Tag,2026-07-31 12:36:28,Eric Harrison,2026-09-09T00:25:35.989077+00:00
42472,9319772,EDCATL11EUH03600,EUH,Mechanical,,,3174,Cx Lvl 3 Complete,Catapiller,,MARLEY ENGINEERED PRODUCTS,1548,No serial #,1,Kenimer Knox Mechanical,Generator System,2025-04-25 11:16:34,Ben Reynolds,2025-10-01 18:57:33,Najah Robertson,,,2026-07-21 16:08:11,Najah Robertson,,,2026-07-31 12:36:28,Eric Harrison,,,,,L3 Green Tag,2026-07-31 12:36:28,Eric Harrison,2026-09-09T00:25:35.989077+00:00
42472,9319773,EDCATL11EUH03700,EUH,Mechanical,,,3175,Cx Lvl 3 Complete,Catapiller,,MARLEY ENGINEERED PRODUCTS,IUH,No serial#,1,Kenimer Knox Mechanical,Generator System,2025-04-25 11:16:34,Ben Reynolds,2025-10-01 18:57:33,Najah Robertson,,,2026-07-21 16:08:11,Najah Robertson,,,2026-07-31 12:36:28,Eric Harrison,,,,,L3 Green Tag,2026-07-31 12:36:28,Eric Harrison,2026-09-09T00:25:35.989077+00:00
42472,9319774,EDCATL11EUH03800,EUH,Mechanical,,,3175,Cx Lvl 3 Complete,Catapiller,,MARLEY ENGINEERED PRODUCTS,1548,No serial#,1,Kenimer Knox Mechanical,Generator System,2025-04-25 11:16:34,Ben Reynolds,2025-10-01 18:57:33,Najah Robertson,,,2026-07-21 16:08:11,Najah Robertson,,,2026-07-31 12:36:28,Eric Harrison,,,,,L3 Green Tag,2026-07-31 12:36:28,Eric Harrison,2026-09-09T00:25:35.989077+00:00
42472,9319775,EDCATL11EUH03900,EUH,Mechanical,,,3176,Cx Lvl 3 Complete,Catapiller,,MARLEY ENGINEERED PRODUCTS,IUH,IUH154810564,1,Kenimer Knox Mechanical,Generator System,2025-04-25 11:16:34,Ben Reynolds,2025-10-01 18:57:33,Najah Robertson,,,2026-07-21 16:08:11,Najah Robertson,,,2026-07-31 12:36:28,Eric Harrison,,,,,L3 Green Tag,2026-07-31 12:36:28,Eric Harrison,2026-09-09T00:25:35.989077+00:00
42472,9319776,EDCATL11EUH04000,EUH,Mechanical,,,3176,Cx Lvl 3 Complete,Catapiller,,MARLEY ENGINEERED PRODUCTS,1548,No serial#,1,Kenimer Knox Mechanical,Generator System,2025-04-25 11:16:34,Ben Reynolds,2025-10-01 18:57:33,Najah Robertson,,,2026-07-21 16:08:11,Najah Robertson,,,2026-07-31 12:36:28,Eric Harrison,,,,,L3 Green Tag,2026-07-31 12:36:28,Eric Harrison,2026-09-09T00:25:35.989077+00:00
42472,9319777,EDCATL11EUH04100,EUH,Mechanical,,,3177,Cx Lvl 3 Complete,Catapiller,,MARLEY ENGINEERED PRODUCTS ,1548,IUH154810564,1,Kenimer Knox Mechanical,Generator System,2025-04-25 11:16:34,Ben Reynolds,2025-10-01 18:57:33,Najah Robertson,,,2026-07-21 16:08:11,Najah Robertson,,,2026-07-31 12:36:28,Eric Harrison,,,,,L3 Green Tag,2026-07-31 12:36:28,Eric Harrison,2026-09-09T00:25:35.989077+00:00
42472,9319778,EDCATL11EUH04200,EUH,Mechanical,,,3177,Cx Lvl 3 Complete,Catapiller,,MARLEY ENGINEERED PRODUCTS,1548,IUH154810564,1,Kenimer Knox Mechanical,Generator System,2025-04-25 11:16:34,Ben Reynolds,2025-10-01 18:57:33,Najah Robertson,,,2026-07-21 16:08:11,Najah Robertson,,,2026-07-31 12:36:28,Eric Harrison,,,,,L3 Green Tag,2026-07-31 12:36:28,Eric Harrison,2026-09-09T00:25:35.989077+00:00
42472,9323485,EDCATL11EUH08500,EUH,Mechanical,,,1033,Cx Lvl 3 Complete,,,Q Mark,,No Serial,AH,KKM,,2025-04-25 11:17:15,Ben Reynolds,2026-06-16 11:52:48,Najah Robertson,,,,,,,2026-07-31 12:36:28,Eric Harrison,,,,,L3 Green Tag,2026-07-31 12:36:28,Eric Harrison,2026-09-09T00:25:35.989077+00:00
42472,9323486,EDCATL11EUH08600,EUH,Mechanical,,,1033,Cx Lvl 3 Complete,,,Q Mark,,No Serial,AH,KKM,,2025-04-25 11:17:15,Ben Reynolds,2026-06-16 11:52:48,Najah Robertson,,,,,,,2026-07-31 12:36:28,Eric Harrison,,,,,L3 Green Tag,2026-07-31 12:36:28,Eric Harrison,2026-09-09T00:25:35.989077+00:00
42472,9323487,EDCATL11EUH10000,EUH,Mechanical,,,,Cx Lvl 3 Complete,,,Q MArk,,4104 11099-013,AH,KKM',,2025-04-25 11:17:15,Ben Reynolds,2026-06-16 11:52:48,Najah Robertson,,,,,,,2026-07-31 12:36:28,Eric Harrison,,,,,L3 Green Tag,2026-07-31 12:36:28,Eric Harrison,2026-09-09T00:25:35.989077+00:00
42472,9323488,EDCATL11EUH10100,EUH,Mechanical,,,,Cx Lvl 3 Complete,,,Q Mark,,No Serial,AH,KKM,,2025-04-25 11:17:15,Ben Reynolds,2026-06-16 11:52:48,Najah Robertson,,,,,,,2026-07-31 12:36:28,Eric Harrison,,,,,L3 Green Tag,2026-07-31 12:36:28,Eric Harrison,2026-09-09T00:25:35.989077+00:00
42472,9323489,EDCATL11EUH10200,EUH,Mechanical,,,,Cx Lvl 3 Complete,,,Q Mark,,No Serial,AH,KKM,,2025-04-25 11:17:15,Ben Reynolds,2026-06-16 11:52:48,Najah Robertson,,,,,,,2026-07-31 12:36:28,Eric Harrison,,,,,L3 Green Tag,2026-07-31 12:36:28,Eric Harrison,2026-09-09T00:25:35.989077+00:00
42472,9323490,EDCATL11EUH10300,EUH,Mechanical,,,,Cx Lvl 3 Complete,,,Q Mark,,410411099-013,AH,KKM,,2025-04-25 11:17:15,Ben Reynolds,2026-06-16 11:52:48,Najah Robertson,,,,,,,2026-07-31 12:36:28,Eric Harrison,,,,,L3 Green Tag,2026-07-31 12:36:28,Eric Harrison,2026-09-09T00:25:35.989077+00:00
42472,9323491,EDCATL11EUH10400,EUH,Mechanical,,,,Cx Lvl 3 Complete,,,Q Mark,,410411099-013,AH,KKM,,2025-04-25 11:17:15,Ben Reynolds,2026-06-16 11:52:48,Najah Robertson,,,,,,,2026-07-31 12:36:28,Eric Harrison,,,,,L3 Green Tag,2026-07-31 12:36:28,Eric Harrison,2026-09-09T00:25:35.989077+00:00
42472,9323492,EDCATL11EUH10500,EUH,Mechanical,,,,Cx Lvl 3 Complete,,,Q MArk,,No Serial,AH,KKM,,2025-04-25 11:17:15,Ben Reynolds,2026-06-16 11:52:48,Najah Robertson,,,,,,,2026-07-31 12:36:28,Eric Harrison,,,,,L3 Green Tag,2026-07-31 12:36:28,Eric Harrison,2026-09-09T00:25:35.989077+00:00
42472,9323670,EDCATL11EUH10600,EUH,Mechanical,,,,Cx Lvl 3 Complete,,,Q MArk,,No Serial,BH,KKM,,2025-04-25 11:17:17,Ben Reynolds,2026-06-16 11:52:48,Najah Robertson,,,,,,,2026-07-31 12:36:28,Eric Harrison,,,,,L3 Green Tag,2026-07-31 12:36:28,Eric Harrison,2026-09-09T00:25:35.989077+00:00
42472,9323671,EDCATL11EUH10700,EUH,Mechanical,,,,Cx Lvl 3 Complete,,,Q Mark,,No Serial,BH,KKM,,2025-04-25 11:17:17,Ben Reynolds,2026-06-16 11:52:48,Najah Robertson,,,,,,,2026-07-31 12:36:28,Eric Harrison,,,,,L3 Green Tag,2026-07-31 12:36:28,Eric Harrison,2026-09-09T00:25:35.989077+00:00
42472,9323672,EDCATL11EUH10800,EUH,Mechanical,,,,Cx Lvl 3 Complete,KKM,,QMark,WHB1208FC,No seral,BH,KKM,,2025-04-25 11:17:17,Ben Reynolds,2026-03-24 19:15:55,Najah Robertson,,,2026-07-21 16:08:11,Najah Robertson,,,2026-07-31 12:36:28,Eric Harrison,,,,,L3 Green Tag,2026-07-31 12:36:28,Eric Harrison,2026-09-09T00:25:35.989077+00:00
42472,9323673,EDCATL11EUH10900,EUH,Mechanical,,,,Cx Lvl 3 Complete,KKM,,Q Mark,WHB1208FC,No serial,BH,KKM,,2025-04-25 11:17:17,Ben Reynolds,2026-03-24 19:09:57,Najah Robertson,,,2026-07-21 16:08:11,Najah Robertson,,,2026-07-31 12:36:28,Eric Harrison,,,,,L3 Green Tag,2026-07-31 12:36:28,Eric Harrison,2026-09-09T00:25:35.989077+00:00
42472,9323674,EDCATL11EUH11000,EUH,Mechanical,,,,Cx Lvl 3 Complete,KKM,,Q Mark,WHB1208FC,No serial,BH,KKM,,2025-04-25 11:17:17,Ben Reynolds,2026-03-24 19:19:58,Najah Robertson,,,2026-07-21 16:08:11,Najah Robertson,,,2026-07-31 12:36:28,Eric Harrison,,,,,L3 Green Tag,2026-07-31 12:36:28,Eric Harrison,2026-09-09T00:25:35.989077+00:00
42472,9323675,EDCATL11EUH11100,EUH,Mechanical,,,,Cx Lvl 3 Complete,KKM,,Q Mark,WHB1208FC,No serial,BH,KKM,,2025-04-25 11:17:17,Ben Reynolds,2026-03-24 19:09:57,Najah Robertson,,,2026-07-21 16:08:11,Najah Robertson,,,2026-07-31 12:36:28,Eric Harrison,,,,,L3 Green Tag,2026-07-31 12:36:28,Eric Harrison,2026-09-09T00:25:35.989077+00:00
42472,9323676,EDCATL11EUH11200,EUH,Mechanical,,,,Cx Lvl 3 Complete,,,Q Mark,,No Serial,BH,KKM,,2025-04-25 11:17:17,Ben Reynolds,2026-06-16 11:52:48,Najah Robertson,,,,,,,2026-07-31 12:36:28,Eric Harrison,,,,,L3 Green Tag,2026-07-31 12:36:28,Eric Harrison,2026-09-09T00:25:35.989077+00:00
42472,9323677,EDCATL11EUH11300,EUH,Mechanical,,,,Cx Lvl 3 Complete,,,Q Mark,,No Serial,BH,KKM,,2025-04-25 11:17:17,Ben Reynolds,2026-06-16 11:52:48,Najah Robertson,,,,,,,2026-07-31 12:36:28,Eric Harrison,,,,,L3 Green Tag,2026-07-31 12:36:28,Eric Harrison,2026-09-09T00:25:35.989077+00:00
42472,9319779,EDCATL11EXF00100,EXF,Mechanical,,,ROOF,Cx Lvl 3 Complete,Tom Barrow Company,,Cook,225RH17D VF2 225 ACRUH2,050SL60722-00 / 0000701,1,R.F.Knox,Pressurization System,2025-04-25 11:16:34,Ben Reynolds,2025-08-08 12:09:21,Najah Robertson,,,2026-04-22 12:45:24,Najah Robertson,,,2026-07-31 12:36:28,Eric Harrison,,,,,L3 Green Tag,2026-07-31 12:36:28,Eric Harrison,2026-09-09T00:25:35.989077+00:00
42472,9319780,EDCATL11EXF00200,EXF,Mechanical,,,ROOF,Cx Lvl 3 Complete,Tom Barrow Company,,Cook,225RH17D VF2 225 ACRUH2,050SL60722-00 / 0000702,1,R.F.Knox,Pressurization System,2025-04-25 11:16:34,Ben Reynolds,2025-08-08 12:09:21,Najah Robertson,,,2026-04-22 12:45:24,Najah Robertson,,,2026-07-31 12:36:28,Eric Harrison,,,,,L3 Green Tag,2026-07-31 12:36:28,Eric Harrison,2026-09-09T00:25:35.989077+00:00
42472,9319781,EDCATL11EXF00300,EXF,Mechanical,,,ROOF,Cx Lvl 3 Complete,Tom Barrow Company,,Cook,EXF0010001400 272904 EDG - 3,050SL60722-00 / 0000703,1,R.F.Knox,Pressurization System,2025-04-25 11:16:34,Ben Reynolds,2025-08-08 12:09:21,Najah Robertson,,,2026-04-22 12:46:24,Najah Robertson,,,2026-07-31 12:36:28,Eric Harrison,,,,,L3 Green Tag,2026-07-31 12:36:28,Eric Harrison,2026-09-09T00:25:35.989077+00:00
42472,9319782,EDCATL11EXF00400,EXF,Mechanical,,,ROOF,Cx Lvl 3 Complete,Tom Barrow Company,,Cook,225RH17D VF2 225 ACRUH2,050SL60722-00 / 0000704,1,R.F.Knox,Pressurization System,2025-04-25 11:16:34,Ben Reynolds,2025-08-08 12:09:21,Najah Robertson,,,2026-04-22 12:50:24,Najah Robertson,,,2026-07-31 12:36:28,Eric Harrison,,,,,L3 Green Tag,2026-07-31 12:36:28,Eric Harrison,2026-09-09T00:25:35.989077+00:00
42472,9319783,EDCATL11EXF00500,EXF,Mechanical,,,ROOF,Cx Lvl 3 Complete,Tom Barrow Company,,Cook,225RH17D VF2 225 ACRUH2,050SL60722-00 / 0000705,1,R.F.Knox,Pressurization System,2025-04-25 11:16:34,Ben Reynolds,2025-08-08 12:09:21,Najah Robertson,,,2026-04-22 12:50:24,Najah Robertson,,,2026-07-31 12:36:28,Eric Harrison,,,,,L3 Green Tag,2026-07-31 12:36:28,Eric Harrison,2026-09-09T00:25:35.989077+00:00
42472,9319784,EDCATL11EXF00600,EXF,Mechanical,,,ROOF,Cx Lvl 3 Complete,Tom Barrow Company,,Cook,225RH17D VF2 225 ACRUH 2,050SL60722-00 / 0000706,1,R.F.Knox,Pressurization System,2025-04-25 11:16:34,Ben Reynolds,2025-08-08 12:09:21,Najah Robertson,,,2026-04-22 12:50:24,Najah Robertson,,,2026-07-31 12:36:28,Eric Harrison,,,,,L3 Green Tag,2026-07-31 12:36:28,Eric Harrison,2026-09-09T00:25:35.989077+00:00
42472,9319785,EDCATL11EXF00700,EXF,Mechanical,,,ROOF,Cx Lvl 3 Complete,Tom Barrow Company,,Cook,225RH17D VF2 225 ACRUH2,050SL60722-00 / 0000707,1,R.F.Knox,Pressurization System,2025-04-25 11:16:34,Ben Reynolds,2025-08-08 12:09:21,Najah Robertson,,,2026-04-22 12:50:24,Najah Robertson,,,2026-07-31 12:36:28,Eric Harrison,,,,,L3 Green Tag,2026-07-31 12:36:28,Eric Harrison,2026-09-09T00:25:35.989077+00:00
42472,9323681,EDCATL11EXF01500,EXF,Mechanical,,,ROOF,Cx Lvl 3 Complete,Tom Barrow Company,,Cook,101C17D VF 101 ACE,050PL60722-01 / 0000701,BH,R.F.Knox,Pressurization System,2025-04-25 11:17:17,Ben Reynolds,2025-08-08 12:09:21,Najah Robertson,,,,,,,2026-07-31 12:36:28,Eric Harrison,,,,,L3 Green Tag,2026-07-31 12:36:28,Eric Harrison,2026-09-09T00:25:35.989077+00:00
42472,9323682,EDCATL11EXF01600,EXF,Mechanical,,,ROOF,Cx Lvl 3 Complete,Tom Barrow Company,,Cook,101C17D VF 101 ACE,050PL60722-01 / 0000702,BH,R.F.Knox,Pressurization System,2025-04-25 11:17:17,Ben Reynolds,2025-08-08 12:09:21,Najah Robertson,,,2026-06-17 18:38:31,Najah Robertson,,,2026-07-31 12:36:28,Eric Harrison,,,,,L3 Green Tag,2026-07-31 12:36:28,Eric Harrison,2026-09-09T00:25:35.989077+00:00
42472,9323683,EDCATL11EXF01700,EXF,Mechanical,,,ROOF,Cx Lvl 3 Complete,Tom Barrow Comapny,,Cook,210C17D VF2 210 ACE2,050SL60722-00 / 0002901,BH,R.F.Knox,Pressurization System,2025-04-25 11:17:17,Ben Reynolds,2025-08-08 12:09:21,Najah Robertson,,,2026-06-17 18:38:57,Najah Robertson,,,2026-07-31 12:36:28,Eric Harrison,,,,,L3 Green Tag,2026-07-31 12:36:28,Eric Harrison,2026-09-09T00:25:35.989077+00:00
42472,9323684,EDCATL11EXF01800,EXF,Mechanical,,,ROOF,Cx Lvl 3 Complete,Tom Barrow Company,,Cook,101C17D VF 101 ACE,050PL60722-01 / 0000703,BH,R.F.Knox,Pressurization System,2025-04-25 11:17:17,Ben Reynolds,2025-08-08 12:09:21,Najah Robertson,,,2026-06-17 18:39:39,Najah Robertson,,,2026-07-31 12:36:28,Eric Harrison,,,,,L3 Green Tag,2026-07-31 12:36:28,Eric Harrison,2026-09-09T00:25:35.989077+00:00
42472,9323496,EDCATL11EXF01900,EXF,Mechanical,,,ROOF,Cx Lvl 3 Complete,Tom Barrow Company,,Cook,EXF01900 272904,050PL60722-01 / 0002301,AH,R.F.Knox,Pressurization System,2025-04-25 11:17:15,Ben Reynolds,2025-08-08 12:09:21,Najah Robertson,,,2026-06-17 18:40:15,Najah Robertson,,,2026-07-31 12:36:28,Eric Harrison,,,,,L3 Green Tag,2026-07-31 12:36:28,Eric Harrison,2026-09-09T00:25:35.989077+00:00
42472,9323685,EDCATL11EXF02000,EXF,Mechanical,,,ROOF,Cx Lvl 3 Complete,Tom Barrow Company,,Cook,EXF02000 EDC ATL11-EXF0,050PL65332-00/0000701,BH,R.F.Knox,Pressurization System,2025-04-25 11:17:17,Ben Reynolds,2025-08-08 12:09:21,Najah Robertson,,,2026-06-17 18:42:37,Najah Robertson,,,2026-07-31 12:36:28,Eric Harrison,,,,,L3 Green Tag,2026-07-31 12:36:28,Eric Harrison,2026-09-09T00:25:35.989077+00:00
42472,9323497,EDCATL11EXPA0100,EXP,Mechanical,,,3111,Cx Lvl 3 Complete,KKM,,Xylem,,459554,AH,KKM,Chemical Feeder System,2025-04-25 11:17:15,Ben Reynolds,2026-03-03 16:16:44,Najah Robertson,,,2026-06-16 11:18:16,Najah Robertson,,,2026-07-31 12:36:28,Eric Harrison,,,,,L3 Green Tag,2026-07-31 12:36:28,Eric Harrison,2026-09-09T00:25:35.989077+00:00
42472,9323686,EDCATL11EXPA0200,EXP,Mechanical,,,3122,Cx Lvl 3 Complete,KKM,,Xylem,,469739,BH,KKM,Chemical Feeder System,2025-04-25 11:17:17,Ben Reynolds,2026-03-03 16:22:25,Najah Robertson,,,2026-06-16 11:18:22,Najah Robertson,,,2026-07-31 12:36:28,Eric Harrison,,,,,L3 Green Tag,2026-07-31 12:36:28,Eric Harrison,2026-09-09T00:25:35.989077+00:00
42472,9323687,EDCATL11EXPB0100,EXP,Mechanical,,,3131,Cx Lvl 3 Complete,KKM,,Xylem,,459557,BH,KKM,Chemical Feeder System,2025-04-25 11:17:17,Ben Reynolds,2026-03-04 16:14:18,Najah Robertson,,,,,,,2026-07-31 12:36:28,Eric Harrison,,,,,L3 Green Tag,2026-07-31 12:36:28,Eric Harrison,2026-09-09T00:25:35.989077+00:00
42472,9323688,EDCATL11EXPB0200,EXP,Mechanical,,,3142,Cx Lvl 3 Complete,KKM,,Xylem,,495555,BH,KKM,Chemical Feeder System,2025-04-25 11:17:17,Ben Reynolds,2026-03-05 16:06:20,Najah Robertson,,,,,,,2026-07-31 12:36:28,Eric Harrison,,,,,L3 Green Tag,2026-07-31 12:36:28,Eric Harrison,2026-09-09T00:25:35.989077+00:00
42472,9319786,EDCATL11FAC00300,FAC,Fire Protection,,,3019,Cx Lvl 2 Complete,Nexus,,Homeywell,,,1,MC Dean,Fire Protection System,2025-04-25 11:16:34,Ben Reynolds,2026-04-08 14:01:49,Najah Robertson,,,2026-07-24 16:52:30,Najah Robertson,,,,,,,,,L2 Yellow Tag,2026-07-24 16:52:30,Najah Robertson,2026-09-09T00:25:35.989077+00:00
42472,11626770,EDCATL11FAP00101,FAP,Mechanical,,,1190,Cx Lvl 2 Complete,• ISP Fuel Systems,,• ISP Fuel Systems,EN4SD363010GY,ISP-S23969-C46,,FAITH,Fuel Oil System,2026-03-11 15:20:52,Darshan Lunawat,2026-03-25 13:37:10,Najah Robertson,,,2026-07-31 16:31:20,Najah Robertson,,,,,,,,,L2 Yellow Tag,2026-07-31 16:31:20,Najah Robertson,2026-09-09T00:25:35.989077+00:00
42472,12207716,EDCATL11FAP00103,FAP,Controls,,,1190,Cx Lvl 2 Complete,DataSite,1190,Pneumercator,TMS4000,2501227-2,,MC Dean,Fuel Oil System,2026-04-22 11:27:57,Najah Robertson,2026-04-22 17:05:36,Najah Robertson,,,2026-06-04 17:13:18,Najah Robertson,,,,,,,,,L2 Yellow Tag,2026-06-04 17:13:18,Najah Robertson,2026-09-09T00:25:35.989077+00:00
42472,11626769,EDCATL11FAP00201,FAP,Mechanical,,,1190,Cx Lvl 2 Complete,ISP Fuel Systems,,ISP Fuel Systems,EN4SD363010GY,ISP-S23969-C47,,FAITH,Fuel Oil System,2026-03-11 15:20:09,Darshan Lunawat,2026-03-25 13:40:38,Najah Robertson,,,2026-07-31 16:31:20,Najah Robertson,,,,,,,,,L2 Yellow Tag,2026-07-31 16:31:20,Najah Robertson,2026-09-09T00:25:35.989077+00:00
42472,11626768,EDCATL11FAP00301,FAP,Mechanical,,,1190,Cx Lvl 2 Complete,,,• ISP Fuel Systems,EN4SD363010GY,ISP-S23969-C48,,FAITH,Fuel Oil System,2026-03-11 15:19:24,Darshan Lunawat,2026-03-25 13:40:38,Najah Robertson,,,2026-07-31 16:31:20,Najah Robertson,,,,,,,,,L2 Yellow Tag,2026-07-31 16:31:20,Najah Robertson,2026-09-09T00:25:35.989077+00:00
42472,9323498,EDCATL11FCC00100,FCC,Mechanical,,,ROOF,Cx Lvl 2 Complete,KKM,,Daikin,RZA18AAVJU,E0001163,AH,RF KNOX,Chilled Water System,2025-04-25 11:17:15,Ben Reynolds,2026-02-09 19:40:42,Najah Robertson,,,2026-07-31 16:23:37,Najah Robertson,,,,,,,,,L2 Yellow Tag,2026-07-31 16:23:37,Najah Robertson,2026-09-09T00:25:35.989077+00:00
42472,9323689,EDCATL11FCC00200,FCC,Mechanical,,,ROOF,Cx Lvl 2 Complete,KKM,,Daikin,RZA18AAVJU,E001168,BH,RF KNOX,Chilled Water System,2025-04-25 11:17:17,Ben Reynolds,2026-02-09 19:43:36,Najah Robertson,,,2026-07-31 16:23:37,Najah Robertson,,,,,,,,,L2 Yellow Tag,2026-07-31 16:23:37,Najah Robertson,2026-09-09T00:25:35.989077+00:00
42472,9323499,EDCATL11FCC00300,FCC,Mechanical,,,ROOF,Cx Lvl 2 Complete,KKM,,Daikin,RZA18AAVJU,E001161,AH,RF Knox,Chilled Water System,2025-04-25 11:17:15,Ben Reynolds,2026-07-31 16:23:47,Najah Robertson,,,2026-09-01 15:07:39,Najah Robertson,,,,,,,,,L2 Yellow Tag,2026-09-01 15:07:39,Najah Robertson,2026-09-09T00:25:35.989077+00:00
42472,9323690,EDCATL11FCC00400,FCC,Mechanical,,,ROOF,Cx Lvl 2 Complete,KKM,,Daikin,RZA18AAVJU,E001330,BH,RF Knox,Chilled Water System,2025-04-25 11:17:17,Ben Reynolds,2026-07-31 16:23:47,Najah Robertson,,,2026-09-01 15:07:44,Najah Robertson,,,,,,,,,L2 Yellow Tag,2026-09-01 15:07:44,Najah Robertson,2026-09-09T00:25:35.989077+00:00
42472,9323691,EDCATL11FCC00500,FCC,Mechanical,,,ROOF,Cx Lvl 1 Complete,KKM,,Daikin,RZA24AAVJU,E001732,BH,RF KNOX,Chilled Water System,2025-04-25 11:17:17,Ben Reynolds,2026-07-31 16:23:47,Najah Robertson,,,,,,,,,,,,,L1 Red Tag,2026-07-31 16:23:47,Najah Robertson,2026-09-09T00:25:35.989077+00:00
42472,9323692,EDCATL11FCC00600,FCC,Mechanical,,,ROOF,Cx Lvl 2 Complete,KKM,,Daikin,RZA24AAVJU,E001775,BH,KKM,Chilled Water System,2025-04-25 11:17:17,Ben Reynolds,2026-07-31 16:23:47,Najah Robertson,,,2026-09-01 15:08:34,Najah Robertson,,,,,,,,,L2 Yellow Tag,2026-09-01 15:08:34,Najah Robertson,2026-09-09T00:25:35.989077+00:00
42472,9323693,EDCATL11FCC00700,FCC,Mechanical,,,ROOF,Cx Lvl 1 Complete,KKM,,Daikin,RZA18AAVJU,E001591,BH,KKM,Chilled Water System,2025-04-25 11:17:17,Ben Reynolds,2026-07-31 16:23:47,Najah Robertson,,,,,,,,,,,,,L1 Red Tag,2026-07-31 16:23:47,Najah Robertson,2026-09-09T00:25:35.989077+00:00
42472,9323500,EDCATL11FCC00800,FCC,Mechanical,,,ROOF,Cx Lvl 2 Complete,KKM,,Daikin,RZA18AAVJU,E001378,AH,RF KNOX,Chilled Water System,2025-04-25 11:17:15,Ben Reynolds,2026-01-22 12:41:27,Najah Robertson,,,2026-07-31 16:23:37,Najah Robertson,,,,,,,,,L2 Yellow Tag,2026-07-31 16:23:37,Najah Robertson,2026-09-09T00:25:35.989077+00:00
42472,9323501,EDCATL11FCC00900,FCC,Mechanical,,,ROOF,Cx Lvl 2 Complete,KKM,,Daikin,RZA48AAVJU,E000418,AH,RF KNOX,Chilled Water System,2025-04-25 11:17:15,Ben Reynolds,2026-07-31 16:23:47,Najah Robertson,,,2026-08-05 13:03:24,Najah Robertson,,,,,,,,,L2 Yellow Tag,2026-08-05 13:03:24,Najah Robertson,2026-09-09T00:25:35.989077+00:00
42472,9323694,EDCATL11FCC01000,FCC,Mechanical,,,ROOF,Cx Lvl 2 Complete,KKM,,Daikin,RZA48AAVJU,E000367,BH,RF KNOX,Chilled Water System,2025-04-25 11:17:17,Ben Reynolds,2026-01-21 22:13:03,Najah Robertson,,,2026-07-31 16:23:37,Najah Robertson,,,,,,,,,L2 Yellow Tag,2026-07-31 16:23:37,Najah Robertson,2026-09-09T00:25:35.989077+00:00
42472,9323695,EDCATL11FCC01100,FCC,Mechanical,,,ROOF,Cx Lvl 2 Complete,KKM,,Daikin,RZA48AAVJU,E000405,BH,RF KNOX,Chilled Water System,2025-04-25 11:17:17,Ben Reynolds,2026-01-21 22:13:02,Najah Robertson,,,2026-07-31 16:23:37,Najah Robertson,,,,,,,,,L2 Yellow Tag,2026-07-31 16:23:37,Najah Robertson,2026-09-09T00:25:35.989077+00:00
42472,9323502,EDCATL11FCC01200,FCC,Mechanical,,,ROOF,Cx Lvl 2 Complete,Daikin,,Daikin,SkyAir Heat Pump System,E000779,AH,KKM,Chilled Water System,2025-04-25 11:17:15,Ben Reynolds,2026-01-21 22:13:00,Najah Robertson,,,2026-07-31 16:23:37,Najah Robertson,,,,,,,,,L2 Yellow Tag,2026-07-31 16:23:37,Najah Robertson,2026-09-09T00:25:35.989077+00:00
42472,9323503,EDCATL11FCC01300,FCC,Mechanical,,,ROOF,Cx Lvl 2 Complete,Daikin,,Daikin,RZA24AAVJU,E001773,AH,KKM,Chilled Water System,2025-04-25 11:17:15,Ben Reynolds,2026-01-21 22:13:00,Najah Robertson,,,2026-07-31 16:23:37,Najah Robertson,,,,,,,,,L2 Yellow Tag,2026-07-31 16:23:37,Najah Robertson,2026-09-09T00:25:35.989077+00:00
42472,9323504,EDCATL11FCC01400,FCC,Mechanical,,,ROOF,Cx Lvl 2 Complete,Daikin,,Daikin,RZA18AAVJU,E001589,AH,KKM,Chilled Water System,2025-04-25 11:17:15,Ben Reynolds,2026-01-21 22:13:00,Najah Robertson,,,2026-07-31 16:23:37,Najah Robertson,,,,,,,,,L2 Yellow Tag,2026-07-31 16:23:37,Najah Robertson,2026-09-09T00:25:35.989077+00:00
42472,9323696,EDCATL11FCC01500,FCC,Mechanical,,,ROOF,Cx Lvl 2 Complete,Daikin,,Daikin,RZA18AAVJU,E001370,BH,KKM,Chilled Water System,2025-04-25 11:17:17,Ben Reynolds,2026-01-21 22:13:00,Najah Robertson,,,2026-07-31 16:23:37,Najah Robertson,,,,,,,,,L2 Yellow Tag,2026-07-31 16:23:37,Najah Robertson,2026-09-09T00:25:35.989077+00:00
42472,9323505,EDCATL11FCC01600,FCC,Mechanical,,,ROOF,Cx Lvl 1 Complete,KKM,,Daikin,RZA24AAVJU,E001765,AH,RF Knox,Chilled Water System,2025-04-25 11:17:15,Ben Reynolds,2026-07-31 16:23:47,Najah Robertson,,,,,,,,,,,,,L1 Red Tag,2026-07-31 16:23:47,Najah Robertson,2026-09-09T00:25:35.989077+00:00
42472,9323506,EDCATL11FCC01700,FCC,Mechanical,,,ROOF,Cx Lvl 1 Complete,Daikin,,Daikin,RZA36AAVJU,E000492,AH,KKM,Chilled Water System,2025-04-25 11:17:15,Ben Reynolds,2026-07-31 16:23:47,Najah Robertson,,,,,,,,,,,,,L1 Red Tag,2026-07-31 16:23:47,Najah Robertson,2026-09-09T00:25:35.989077+00:00
42472,9323507,EDCATL11FCC01800,FCC,Mechanical,,,ROOF,Cx Lvl 1 Complete,KKM,,Daikin,RZA18AAVJU,E001567,AH,RF Knox,Chilled Water System,2025-04-25 11:17:15,Ben Reynolds,2026-07-31 16:23:47,Najah Robertson,,,,,,,,,,,,,L1 Red Tag,2026-07-31 16:23:47,Najah Robertson,2026-09-09T00:25:35.989077+00:00
42472,9323508,EDCATL11FCC01900,FCC,Mechanical,,,ROOF,Cx Lvl 1 Complete,KKM,,Daikin,RZA18AAVJU,E001568,AH,RF Knox,Chilled Water System,2025-04-25 11:17:15,Ben Reynolds,2026-07-31 16:23:47,Najah Robertson,,,,,,,,,,,,,L1 Red Tag,2026-07-31 16:23:47,Najah Robertson,2026-09-09T00:25:35.989077+00:00
42472,9323509,EDCATL11FCC02000,FCC,Mechanical,,,ROOF,Cx Lvl 1 Complete,KKM,,Daikin,RZA24AAVJU,E000993,AH,RF Knox,Chilled Water System,2025-04-25 11:17:15,Ben Reynolds,2026-07-31 16:23:47,Najah Robertson,,,,,,,,,,,,,L1 Red Tag,2026-07-31 16:23:47,Najah Robertson,2026-09-09T00:25:35.989077+00:00
42472,9323510,EDCATL11FCC02100,FCC,Mechanical,,,ROOF,Cx Lvl 1 Complete,KKM,,Daikin,RZA36AAVJU,E000452,AH,RF Knox,Chilled Water System,2025-04-25 11:17:15,Ben Reynolds,2026-07-31 16:23:47,Najah Robertson,,,,,,,,,,,,,L1 Red Tag,2026-07-31 16:23:47,Najah Robertson,2026-09-09T00:25:35.989077+00:00
42472,9323511,EDCATL11FCC02200,FCC,Mechanical,,,ROOF,Cx Lvl 1 Complete,KKM,,Daikin,RZA24AAVJU,E001403,AH,RF Knox,Chilled Water System,2025-04-25 11:17:15,Ben Reynolds,2026-07-31 16:23:47,Najah Robertson,,,,,,,,,,,,,L1 Red Tag,2026-07-31 16:23:47,Najah Robertson,2026-09-09T00:25:35.989077+00:00
42472,9323697,EDCATL11FCC02300,FCC,Mechanical,,,ROOF,Cx Lvl 1 Complete,KKM,,Daikin,RZA24AAVJU,E000777,BH,KKM,Chilled Water System,2025-04-25 11:17:17,Ben Reynolds,2026-07-31 16:23:47,Najah Robertson,,,,,,,,,,,,,L1 Red Tag,2026-07-31 16:23:47,Najah Robertson,2026-09-09T00:25:35.989077+00:00
42472,9323698,EDCATL11FCC02400,FCC,Mechanical,,,ROOF,Cx Lvl 1 Complete,KKM,,Daikin,RZA48AAVJU,E000416,BH,KKM,Chilled Water System,2025-04-25 11:17:17,Ben Reynolds,2026-07-31 16:23:47,Najah Robertson,,,,,,,,,,,,,L1 Red Tag,2026-07-31 16:23:47,Najah Robertson,2026-09-09T00:25:35.989077+00:00
42472,9323699,EDCATL11FCC02500,FCC,Mechanical,,,ROOF,Cx Lvl 2 Complete,KKM,,Daikin,RZA48AAVJU,E000392,BH,RF KNOX,Chilled Water System,2025-04-25 11:17:17,Ben Reynolds,2026-07-31 16:23:47,Najah Robertson,,,2026-09-01 15:09:58,Najah Robertson,,,,,,,,,L2 Yellow Tag,2026-09-01 15:09:58,Najah Robertson,2026-09-09T00:25:35.989077+00:00
42472,9323700,EDCATL11FCC02600,FCC,Mechanical,,,ROOF,Cx Lvl 2 Complete,KKM,,Daikin,RZA24AAVJU,E000780,BH,RF KNOX,Chilled Water System,2025-04-25 11:17:17,Ben Reynolds,2026-01-21 22:13:02,Najah Robertson,,,2026-07-31 16:23:37,Najah Robertson,,,,,,,,,L2 Yellow Tag,2026-07-31 16:23:37,Najah Robertson,2026-09-09T00:25:35.989077+00:00
42472,9323512,EDCATL11FCC02700,FCC,Mechanical,,,ROOF,Cx Lvl 1 Complete,KKM,,Daikin,RZA48AAVJU,E000371,AH,KKM,Chilled Water System,2025-04-25 11:17:15,Ben Reynolds,2026-07-31 16:23:47,Najah Robertson,,,,,,,,,,,,,L1 Red Tag,2026-07-31 16:23:47,Najah Robertson,2026-09-09T00:25:35.989077+00:00
42472,9323701,EDCATL11FCC02800,FCC,Mechanical,,,ROOF,Cx Lvl 2 Complete,KKM,,Daikin,RZA18AAVJU,E001400,BH,RF KNOX,Chilled Water System,2025-04-25 11:17:17,Ben Reynolds,2026-07-31 16:23:47,Najah Robertson,,,2026-08-13 17:18:40,Najah Robertson,,,,,,,,,L2 Yellow Tag,2026-08-13 17:18:40,Najah Robertson,2026-09-09T00:25:35.989077+00:00
42472,9323702,EDCATL11FCC02900,FCC,Mechanical,,,ROOF,Cx Lvl 1 Complete,KKM,,Daikin,RZA18AAVJU,E001167,BH,RF KNOX,Chilled Water System,2025-04-25 11:17:17,Ben Reynolds,2026-07-31 16:23:47,Najah Robertson,,,,,,,,,,,,,L1 Red Tag,2026-07-31 16:23:47,Najah Robertson,2026-09-09T00:25:35.989077+00:00
42472,9323703,EDCATL11FCC03000,FCC,Mechanical,,,ROOF,Cx Lvl 1 Complete,Daikin,,Daikin,RZA24AAVJU,E001604,BH,KKM,Chilled Water System,2025-04-25 11:17:17,Ben Reynolds,2026-07-31 16:23:47,Najah Robertson,,,,,,,,,,,,,L1 Red Tag,2026-07-31 16:23:47,Najah Robertson,2026-09-09T00:25:35.989077+00:00
42472,9323513,EDCATL11FCC03100,FCC,Mechanical,,,ROOF,Cx Lvl 1 Complete,Daikin,,Daikin,RZA24AAVJU,E001404,AH,KKM,Chilled Water System,2025-04-25 11:17:15,Ben Reynolds,2026-07-31 16:23:47,Najah Robertson,,,,,,,,,,,,,L1 Red Tag,2026-07-31 16:23:47,Najah Robertson,2026-09-09T00:25:35.989077+00:00
42472,9323514,EDCATL11FCC03200,FCC,Mechanical,,,ROOF,Cx Lvl 2 Complete,KKM,,Daikin,RZA24AAVJU,E001740,AH,RF Knox,Chilled Water System,2025-04-25 11:17:15,Ben Reynolds,2026-01-21 22:13:00,Najah Robertson,,,2026-07-31 16:23:37,Najah Robertson,,,,,,,,,L2 Yellow Tag,2026-07-31 16:23:37,Najah Robertson,2026-09-09T00:25:35.989077+00:00
42472,9323515,EDCATL11FCC03300,FCC,Mechanical,,,ROOF,Cx Lvl 1 Complete,KKM,,Daikin,RZA48AAVJU,E000404,AH,RF Knox,Chilled Water System,2025-04-25 11:17:15,Ben Reynolds,2026-07-31 16:23:47,Najah Robertson,,,,,,,,,,,,,L1 Red Tag,2026-07-31 16:23:47,Najah Robertson,2026-09-09T00:25:35.989077+00:00
42472,9323704,EDCATL11FCC03400,FCC,Mechanical,,,ROOF,Cx Lvl 1 Complete,KKM,,Daikin,RZA18AAVJU,E001626,BH,RF KNOX,Chilled Water System,2025-04-25 11:17:17,Ben Reynolds,2026-07-31 16:23:47,Najah Robertson,,,,,,,,,,,,,L1 Red Tag,2026-07-31 16:23:47,Najah Robertson,2026-09-09T00:25:35.989077+00:00
42472,9323705,EDCATL11FCC03500,FCC,Mechanical,,,ROOF,Cx Lvl 2 Complete,KKM,,Daikin,RZA24AAVJU,E001741,BH,RF Knox,Chilled Water System,2025-04-25 11:17:17,Ben Reynolds,2026-01-21 22:13:04,Najah Robertson,,,2026-07-31 16:23:37,Najah Robertson,,,,,,,,,L2 Yellow Tag,2026-07-31 16:23:37,Najah Robertson,2026-09-09T00:25:35.989077+00:00
42472,9323516,EDCATL11FCC03600,FCC,Mechanical,,,ROOF,Cx Lvl 1 Complete,KKM,,Daikin,RZA24AAVJU,E001297,AH,KKM,Chilled Water System,2025-04-25 11:17:15,Ben Reynolds,2026-07-31 16:23:47,Najah Robertson,,,,,,,,,,,,,L1 Red Tag,2026-07-31 16:23:47,Najah Robertson,2026-09-09T00:25:35.989077+00:00
42472,9323706,EDCATL11FCC03700,FCC,Mechanical,,,ROOF,Cx Lvl 2 Complete,KKM,,Daikin,RZA48AAVJU,E001766,BH,KKM,Chilled Water System,2025-04-25 11:17:17,Ben Reynolds,2026-03-26 14:30:55,Najah Robertson,,,2026-07-31 16:23:37,Najah Robertson,,,,,,,,,L2 Yellow Tag,2026-07-31 16:23:37,Najah Robertson,2026-09-09T00:25:35.989077+00:00
42472,9323517,EDCATL11FCC03800,FCC,Mechanical,,,ROOF,Cx Lvl 2 Complete,KKM,,Daikin,RZA36AAVJU,E000510,AH,RF Knox,Chilled Water System,2025-04-25 11:17:15,Ben Reynolds,2026-07-31 16:23:47,Najah Robertson,,,2026-09-01 15:10:50,Najah Robertson,,,,,,,,,L2 Yellow Tag,2026-09-01 15:10:50,Najah Robertson,2026-09-09T00:25:35.989077+00:00
42472,9323518,EDCATL11FCC03900,FCC,Mechanical,,,ROOF,Cx Lvl 2 Complete,KKM,,Daikin,RZA36AAVJU,E000494,AH,RF Knox,Chilled Water System,2025-04-25 11:17:15,Ben Reynolds,2026-07-31 16:23:47,Najah Robertson,,,2026-09-01 15:11:44,Najah Robertson,,,,,,,,,L2 Yellow Tag,2026-09-01 15:11:44,Najah Robertson,2026-09-09T00:25:35.989077+00:00
42472,9323519,EDCATL11FCC04000,FCC,Mechanical,,,ROOF,Cx Lvl 1 Complete,KKM,,Daikin,,E000415,AH,KKM,Chilled Water System,2025-04-25 11:17:15,Ben Reynolds,2026-07-31 16:23:47,Najah Robertson,,,,,,,,,,,,,L1 Red Tag,2026-07-31 16:23:47,Najah Robertson,2026-09-09T00:25:35.989077+00:00
42472,9323707,EDCATL11FCC04100,FCC,Mechanical,,,ROOF,Cx Lvl 2 Complete,Daikin,,DAIKIN,,E001801,BH,KKM,Chilled Water System,2025-04-25 11:17:18,Ben Reynolds,2026-07-08 14:04:34,Najah Robertson,,,2026-07-31 16:23:37,Najah Robertson,,,,,,,,,L2 Yellow Tag,2026-07-31 16:23:37,Najah Robertson,2026-09-09T00:25:35.989077+00:00
42472,9323708,EDCATL11FCC04200,FCC,Mechanical,,,ROOF,Cx Lvl 1 Complete,KKM,,Daikin,RZA48AAVJU,E000391,BH,RF KNOX,Chilled Water System,2025-04-25 11:17:18,Ben Reynolds,2026-07-31 16:23:47,Najah Robertson,,,,,,,,,,,,,L1 Red Tag,2026-07-31 16:23:47,Najah Robertson,2026-09-09T00:25:35.989077+00:00
42472,9323709,EDCATL11FCC04300,FCC,Mechanical,,,ROOF,Cx Lvl 2 Complete,KKM,,Daikin,RZA48AAVJU,E001767,BH,RF KNOX,Chilled Water System,2025-04-25 11:17:18,Ben Reynolds,2026-01-22 12:42:04,Najah Robertson,,,2026-07-31 16:23:37,Najah Robertson,,,,,,,,,L2 Yellow Tag,2026-07-31 16:23:37,Najah Robertson,2026-09-09T00:25:35.989077+00:00
42472,9323520,EDCATL11FCC04400,FCC,Mechanical,,,ROOF,Cx Lvl 2 Complete,KKM,,Daikin,RZA24AAVJU,E001162,AH,RF Knox,Chilled Water System,2025-04-25 11:17:15,Ben Reynolds,2026-01-21 22:13:00,Najah Robertson,,,2026-07-31 16:23:37,Najah Robertson,,,,,,,,,L2 Yellow Tag,2026-07-31 16:23:37,Najah Robertson,2026-09-09T00:25:35.989077+00:00
42472,9323521,EDCATL11FCC04500,FCC,Mechanical,,,ROOF,Cx Lvl 2 Complete,KKM,,Daikin,RZA24AAVJU,E000991,AH,RF Knox,Chilled Water System,2025-04-25 11:17:15,Ben Reynolds,2026-07-31 16:23:47,Najah Robertson,,,2026-08-05 13:03:24,Najah Robertson,,,,,,,,,L2 Yellow Tag,2026-08-05 13:03:24,Najah Robertson,2026-09-09T00:25:35.989077+00:00
42472,9323710,EDCATL11FCC04600,FCC,Mechanical,,,ROOF,Cx Lvl 2 Complete,KKM,,Daikin,RZA24AAVJU,E000778,BH,RF KNOX,Chilled Water System,2025-04-25 11:17:18,Ben Reynolds,2026-01-21 22:13:03,Najah Robertson,,,2026-07-31 16:23:37,Najah Robertson,,,,,,,,,L2 Yellow Tag,2026-07-31 16:23:37,Najah Robertson,2026-09-09T00:25:35.989077+00:00
42472,9323522,EDCATL11FCC04700,FCC,Mechanical,,,ROOF,Cx Lvl 1 Complete,KKM,,Daikin,RZA18AAVJU,E001590,AH,RF Knox,Chilled Water System,2025-04-25 11:17:15,Ben Reynolds,2026-07-31 16:23:47,Najah Robertson,,,,,,,,,,,,,L1 Red Tag,2026-07-31 16:23:47,Najah Robertson,2026-09-09T00:25:35.989077+00:00
42472,9323711,EDCATL11FCC04800,FCC,Mechanical,,,ROOF,Cx Lvl 2 Complete,KKM,,Daikin,RZA24AAVJU,E001354,BH,RF KNOX,Chilled Water System,2025-04-25 11:17:18,Ben Reynolds,2026-07-31 16:23:47,Najah Robertson,,,2026-08-05 13:03:24,Najah Robertson,,,,,,,,,L2 Yellow Tag,2026-08-05 13:03:24,Najah Robertson,2026-09-09T00:25:35.989077+00:00
42472,9323523,EDCATL11FCC04900,FCC,Mechanical,,,ROOF,Cx Lvl 2 Complete,KKM,,Daikin,RZA18AAVJU,E001603,AH,RF KNOX,Chilled Water System,2025-04-25 11:17:15,Ben Reynolds,2026-01-21 22:13:01,Najah Robertson,,,2026-07-31 16:23:37,Najah Robertson,,,,,,,,,L2 Yellow Tag,2026-07-31 16:23:37,Najah Robertson,2026-09-09T00:25:35.989077+00:00
42472,9323524,EDCATL11FCC05000,FCC,Mechanical,,,ROOF,Cx Lvl 2 Complete,KKM,,Daikin,RZA18AAVJU,E001571,AH,RF KNOX,Chilled Water System,2025-04-25 11:17:15,Ben Reynolds,2026-07-31 16:23:47,Najah Robertson,,,2026-09-01 15:14:36,Najah Robertson,,,,,,,,,L2 Yellow Tag,2026-09-01 15:14:36,Najah Robertson,2026-09-09T00:25:35.989077+00:00
42472,9323712,EDCATL11FCC05100,FCC,Mechanical,,,ROOF,Cx Lvl 2 Complete,KKM,,Daikin,RZA18AAVJU,E001566,BH,RF KNOX,Chilled Water System,2025-04-25 11:17:18,Ben Reynolds,2026-07-31 16:23:47,Najah Robertson,,,2026-09-01 15:14:45,Najah Robertson,,,,,,,,,L2 Yellow Tag,2026-09-01 15:14:45,Najah Robertson,2026-09-09T00:25:35.989077+00:00
42472,9323525,EDCATL11FCC05200,FCC,Mechanical,,,ROOF,Cx Lvl 2 Complete,KKM,,Daikin,RZA24AAVJU,E001801,AH,RF Knox,Chilled Water System,2025-04-25 11:17:16,Ben Reynolds,2026-02-03 18:03:20,Najah Robertson,,,2026-07-31 16:23:37,Najah Robertson,,,,,,,,,L2 Yellow Tag,2026-07-31 16:23:37,Najah Robertson,2026-09-09T00:25:35.989077+00:00
42472,9323526,EDCATL11FCC05300,FCC,Mechanical,,,ROOF,Cx Lvl 1 Complete,KKM,,Daikin,RZA24AAVJU,E001352,AH,RF Knox,Chilled Water System,2025-04-25 11:17:16,Ben Reynolds,2026-07-31 16:23:47,Najah Robertson,,,,,,,,,,,,,L1 Red Tag,2026-07-31 16:23:47,Najah Robertson,2026-09-09T00:25:35.989077+00:00
42472,9323527,EDCATL11FCC05400,FCC,Mechanical,,,ROOF,Cx Lvl 2 Complete,Daikin,,DAIKIN,RZQ36TBVJUA,E000451,AH,KKM,Chilled Water System,2025-04-25 11:17:16,Ben Reynolds,2026-07-31 16:23:47,Najah Robertson,,,2026-08-05 13:02:52,Najah Robertson,,,,,,,,,L2 Yellow Tag,2026-08-05 13:02:52,Najah Robertson,2026-09-09T00:25:35.989077+00:00
42472,9323528,EDCATL11FCC05500,FCC,Mechanical,,,ROOF,Cx Lvl 2 Complete,KKM,,Daikin,RZA36AAVJU,E000512,AH,RF Knox,Chilled Water System,2025-04-25 11:17:16,Ben Reynolds,2026-07-31 16:23:47,Najah Robertson,,,2026-08-05 13:03:24,Najah Robertson,,,,,,,,,L2 Yellow Tag,2026-08-05 13:03:24,Najah Robertson,2026-09-09T00:25:35.989077+00:00
42472,9323529,EDCATL11FCC05600,FCC,Mechanical,,,ROOF,Cx Lvl 2 Complete,KKM,,Daikin,RZA24AAVJU,E001004,AH,RF Knox,Chilled Water System,2025-04-25 11:17:16,Ben Reynolds,2026-02-03 18:03:24,Najah Robertson,,,2026-07-31 16:23:37,Najah Robertson,,,,,,,,,L2 Yellow Tag,2026-07-31 16:23:37,Najah Robertson,2026-09-09T00:25:35.989077+00:00
42472,9323530,EDCATL11FCC05700,FCC,Mechanical,,,ROOF,Cx Lvl 2 Complete,KKM,,Daikin,RZA24AAVJU,E001005,AH,RF Knox,Chilled Water System,2025-04-25 11:17:16,Ben Reynolds,2026-02-03 18:03:25,Najah Robertson,,,2026-07-31 16:23:37,Najah Robertson,,,,,,,,,L2 Yellow Tag,2026-07-31 16:23:37,Najah Robertson,2026-09-09T00:25:35.989077+00:00
42472,9323532,EDCATL11FCC06000,FCC,Mechanical,,,ROOF,Cx Lvl 1 Complete,Kenimer Knox Mechanical,,Daikin,48AAVJU,E000422,AH,R.F Knox,Chilled Water System,2026-01-19 21:18:06,Najah Robertson,2026-07-31 16:23:47,Najah Robertson,,,,,,,,,,,,,L1 Red Tag,2026-07-31 16:23:47,Najah Robertson,2026-09-09T00:25:35.989077+00:00
42472,9323533,EDCATL11FCC06100,FCC,Mechanical,,,ROOF,Cx Lvl 2 Complete,KKM,,Daikin,RZA48AAVJU,E000351,AH,RF Knox,Chilled Water System,2025-04-25 11:17:16,Ben Reynolds,2026-02-03 18:03:11,Najah Robertson,,,2026-07-31 16:23:37,Najah Robertson,,,,,,,,,L2 Yellow Tag,2026-07-31 16:23:37,Najah Robertson,2026-09-09T00:25:35.989077+00:00
42472,9323534,EDCATL11FCC06200,FCC,Mechanical,,,ROOF,Cx Lvl 2 Complete,KKM,,Daikin,RZA48AAVJU,E000406,AH,RF KNOX,Chilled Water System,2025-04-25 11:17:16,Ben Reynolds,2026-01-21 22:13:00,Najah Robertson,,,2026-07-31 16:23:37,Najah Robertson,,,,,,,,,L2 Yellow Tag,2026-07-31 16:23:37,Najah Robertson,2026-09-09T00:25:35.989077+00:00
42472,9323535,EDCATL11FCC06300,FCC,Mechanical,,,ROOF,Cx Lvl 1 Complete,KKM,,Daikin,RZA48AAVJU,E000347,AH,KKM,Chilled Water System,2025-04-25 11:17:16,Ben Reynolds,2026-07-31 16:23:47,Najah Robertson,,,,,,,,,,,,,L1 Red Tag,2026-07-31 16:23:47,Najah Robertson,2026-09-09T00:25:35.989077+00:00
42472,9323714,EDCATL11FCC06400,FCC,Mechanical,,,ROOF,Cx Lvl 2 Complete,KKM,,Daikin,RZA48AAVJU,E000369,BH,RF KNOX,Chilled Water System,2025-04-25 11:17:18,Ben Reynolds,2026-07-31 16:23:47,Najah Robertson,,,2026-08-05 13:03:24,Najah Robertson,,,,,,,,,L2 Yellow Tag,2026-08-05 13:03:24,Najah Robertson,2026-09-09T00:25:35.989077+00:00
42472,9323536,EDCATL11FCC06500,FCC,Mechanical,,,ROOF,Cx Lvl 1 Complete,KKM,,Daikin,RZA36AAVJU,E000511,AH,KKM,Chilled Water System,2025-04-25 11:17:16,Ben Reynolds,2026-07-31 16:23:47,Najah Robertson,,,,,,,,,,,,,L1 Red Tag,2026-07-31 16:23:47,Najah Robertson,2026-09-09T00:25:35.989077+00:00
42472,9323537,EDCATL11FCC06600,FCC,Mechanical,,,ROOF,Cx Lvl 1 Complete,KKM,,Daikin,,E003061,AH,KKM,Chilled Water System,2025-04-25 11:17:16,Ben Reynolds,2026-07-31 16:23:47,Najah Robertson,,,,,,,,,,,,,L1 Red Tag,2026-07-31 16:23:47,Najah Robertson,2026-09-09T00:25:35.989077+00:00
42472,9323538,EDCATL11FCC06700,FCC,Mechanical,,,ROOF,Cx Lvl 1 Complete,KKM,,Daikin,RZA24AAVJU,E001776,AH,RF Knox,Chilled Water System,2025-04-25 11:17:16,Ben Reynolds,2026-07-31 16:23:47,Najah Robertson,,,,,,,,,,,,,L1 Red Tag,2026-07-31 16:23:47,Najah Robertson,2026-09-09T00:25:35.989077+00:00
42472,9323539,EDCATL11FCC06800,FCC,Mechanical,,,ROOF,Cx Lvl 2 Complete,KKM,,DAIKIN,RZA48AAVJU,E000421,AH,RF KNOX,Chilled Water System,2025-04-25 11:17:16,Ben Reynolds,2026-01-21 22:13:02,Najah Robertson,,,2026-07-31 16:23:37,Najah Robertson,,,,,,,,,L2 Yellow Tag,2026-07-31 16:23:37,Najah Robertson,2026-09-09T00:25:35.989077+00:00
42472,9323540,EDCATL11FCC06900,FCC,Mechanical,,,ROOF,Cx Lvl 2 Complete,,,Daikin,RZA36AAVJU,E001371,AH,,Chilled Water System,2025-04-25 11:17:16,Ben Reynolds,2026-01-21 22:13:00,Najah Robertson,,,2026-07-31 16:23:37,Najah Robertson,,,,,,,,,L2 Yellow Tag,2026-07-31 16:23:37,Najah Robertson,2026-09-09T00:25:35.989077+00:00
42472,9323541,EDCATL11FCU00100,FCU,Mechanical,,,1062,Cx Lvl 2 Complete,Daikin,,Daiken,RZA18AAVJU,E000178,AH,KKM,Chilled Water System,2025-04-25 11:17:16,Ben Reynolds,2026-06-04 17:00:51,Najah Robertson,,,2026-07-31 16:25:46,Najah Robertson,,,,,,,,,L2 Yellow Tag,2026-07-31 16:25:46,Najah Robertson,2026-09-09T00:25:35.989077+00:00
42472,9323715,EDCATL11FCU00200,FCU,Mechanical,,,1062,Cx Lvl 2 Complete,Daikin,,Daiken,RZA18AAVJU,E000170,BH,KKM,Chilled Water System,2025-04-25 11:17:18,Ben Reynolds,2026-06-04 17:00:51,Najah Robertson,,,2026-07-31 16:25:46,Najah Robertson,,,,,,,,,L2 Yellow Tag,2026-07-31 16:25:46,Najah Robertson,2026-09-09T00:25:35.989077+00:00
42472,9323542,EDCATL11FCU00300,FCU,Mechanical,,,1063,Cx Lvl 1 Complete,Daikin,,Daiken,RZA18AAVJU,E000167,AH,KKM,Chilled Water System,2025-04-25 11:17:16,Ben Reynolds,2026-07-31 16:25:52,Najah Robertson,,,,,,,,,,,,,L1 Red Tag,2026-07-31 16:25:52,Najah Robertson,2026-09-09T00:25:35.989077+00:00
42472,9323716,EDCATL11FCU00400,FCU,Mechanical,,,1063,Cx Lvl 1 Complete,Daikin,,Daiken,RZA18AAVJU,E000176,BH,KKM,Chilled Water System,2025-04-25 11:17:18,Ben Reynolds,2026-07-31 16:25:52,Najah Robertson,,,,,,,,,,,,,L1 Red Tag,2026-07-31 16:25:52,Najah Robertson,2026-09-09T00:25:35.989077+00:00
42472,9323717,EDCATL11FCU00500,FCU,Mechanical,,,1064,Cx Lvl 1 Complete,Daikin,,Daiken,RZA24AAVJU,E000193,BH,KKM,Chilled Water System,2025-04-25 11:17:18,Ben Reynolds,2026-07-31 16:25:52,Najah Robertson,,,,,,,,,,,,,L1 Red Tag,2026-07-31 16:25:52,Najah Robertson,2026-09-09T00:25:35.989077+00:00
42472,9323718,EDCATL11FCU00600,FCU,Mechanical,,,1064,Cx Lvl 2 Complete,Daikin,,Daiken,RZA24AAVJU,E000195,BH,KKM,Chilled Water System,2025-04-25 11:17:18,Ben Reynolds,2026-06-04 17:00:51,Najah Robertson,,,2026-07-31 16:25:46,Najah Robertson,,,,,,,,,L2 Yellow Tag,2026-07-31 16:25:46,Najah Robertson,2026-09-09T00:25:35.989077+00:00
42472,9323719,EDCATL11FCU00700,FCU,Mechanical,,,1070,Cx Lvl 2 Complete,Daikin,,Daikin,FAQ18AAVJU,E000171,BH,KKM,Chilled Water System,2025-04-25 11:17:18,Ben Reynolds,2026-07-08 14:05:27,Najah Robertson,,,2026-07-31 16:25:46,Najah Robertson,,,,,,,,,L2 Yellow Tag,2026-07-31 16:25:46,Najah Robertson,2026-09-09T00:25:35.989077+00:00
42472,9323543,EDCATL11FCU00800,FCU,Mechanical,,,1070,Cx Lvl 2 Complete,Daikin,,Daikin,FAQ18AAVJU,Unit to close to wall,AH,KKM,Chilled Water System,2025-04-25 11:17:16,Ben Reynolds,,,,,2026-07-31 16:25:46,Najah Robertson,,,,,,,,,L2 Yellow Tag,2026-07-31 16:25:46,Najah Robertson,2026-09-09T00:25:35.989077+00:00
42472,9323544,EDCATL11FCU00900,FCU,Mechanical,,,1032,Cx Lvl 1 Complete,Daikin,,Daikin,FCQ48TAVJU,C000178,AH,KKM,Chilled Water System,2025-04-25 11:17:16,Ben Reynolds,2026-07-31 16:25:52,Najah Robertson,,,,,,,,,,,,,L1 Red Tag,2026-07-31 16:25:52,Najah Robertson,2026-09-09T00:25:35.989077+00:00
42472,9323720,EDCATL11FCU01000,FCU,Mechanical,,,1032,Cx Lvl 2 Complete,Daikin,,Daikin,FCQ48TAVJU,C000192,BH,KKM,Chilled Water System,2025-04-25 11:17:18,Ben Reynolds,,,,,2026-07-31 16:25:46,Najah Robertson,,,,,,,,,L2 Yellow Tag,2026-07-31 16:25:46,Najah Robertson,2026-09-09T00:25:35.989077+00:00
42472,9323721,EDCATL11FCU01100,FCU,Mechanical,,,1032,Cx Lvl 2 Complete,Daikin,,Daikin,FCQ48TAVJU,C000148,BH,KKM,Chilled Water System,2025-04-25 11:17:18,Ben Reynolds,,,,,2026-07-31 16:25:46,Najah Robertson,,,,,,,,,L2 Yellow Tag,2026-07-31 16:25:46,Najah Robertson,2026-09-09T00:25:35.989077+00:00
42472,9323545,EDCATL11FCU01200,FCU,Mechanical,,,1061,Cx Lvl 2 Complete,Daikin,,Daiken,FAQ24TAVJU,E000167,AH,KKM,Chilled Water System,2025-04-25 11:17:16,Ben Reynolds,2026-06-04 17:01:05,Najah Robertson,,,2026-07-31 16:25:46,Najah Robertson,,,,,,,,,L2 Yellow Tag,2026-07-31 16:25:46,Najah Robertson,2026-09-09T00:25:35.989077+00:00
42472,9323546,EDCATL11FCU01300,FCU,Mechanical,,,1061,Cx Lvl 2 Complete,Daikin,,Daiken,FAQ24TAVJU,E000189,AH,KKM,Chilled Water System,2025-04-25 11:17:16,Ben Reynolds,2026-06-04 17:01:05,Najah Robertson,,,2026-07-31 16:25:46,Najah Robertson,,,,,,,,,L2 Yellow Tag,2026-07-31 16:25:46,Najah Robertson,2026-09-09T00:25:35.989077+00:00
42472,9323547,EDCATL11FCU01400,FCU,Mechanical,,,1056,Cx Lvl 2 Complete,Daikin,,Daiken,FAQ18TAVJU,E000172,AH,KKM,Chilled Water System,2025-04-25 11:17:16,Ben Reynolds,2026-06-04 17:01:05,Najah Robertson,,,2026-07-31 16:25:46,Najah Robertson,,,,,,,,,L2 Yellow Tag,2026-07-31 16:25:46,Najah Robertson,2026-09-09T00:25:35.989077+00:00
42472,9323722,EDCATL11FCU01500,FCU,Mechanical,,,1056,Cx Lvl 2 Complete,Daikin,,Daiken,FAQ18TAVJU,E000175,BH,KKM,Chilled Water System,2025-04-25 11:17:18,Ben Reynolds,2026-06-04 17:01:05,Najah Robertson,,,2026-07-31 16:25:46,Najah Robertson,,,,,,,,,L2 Yellow Tag,2026-07-31 16:25:46,Najah Robertson,2026-09-09T00:25:35.989077+00:00
42472,9323548,EDCATL11FCU01600,FCU,Mechanical,,,1050,Cx Lvl 1 Complete,Daikin,,Daikin,Hsp Concealed Ducted System,E000468,AH,Kenimer and Knox,Chilled Water System,2025-04-25 11:17:16,Ben Reynolds,2026-07-31 16:25:52,Najah Robertson,,,,,,,,,,,,,L1 Red Tag,2026-07-31 16:25:52,Najah Robertson,2026-09-09T00:25:35.989077+00:00
42472,9323549,EDCATL11FCU01700,FCU,Mechanical,,,1050,Cx Lvl 1 Complete,Daikin,,Daikin,FBA36AAVJU/RZA36AAVJU,E000357,AH,Kenimer and Knox,Chilled Water System,2025-04-25 11:17:16,Ben Reynolds,2026-07-31 16:25:52,Najah Robertson,,,,,,,,,,,,,L1 Red Tag,2026-07-31 16:25:52,Najah Robertson,2026-09-09T00:25:35.989077+00:00
42472,9323550,EDCATL11FCU01800,FCU,Mechanical,,,1165,Cx Lvl 1 Complete,Daiken,,Daiken,FBA18AAVJU/RZA18AAVJU,E000786,AH,Kenimer and Knox,Chilled Water System,2025-04-25 11:17:16,Ben Reynolds,2026-07-31 16:25:52,Najah Robertson,,,,,,,,,,,,,L1 Red Tag,2026-07-31 16:25:52,Najah Robertson,2026-09-09T00:25:35.989077+00:00
42472,9323551,EDCATL11FCU01900,FCU,Mechanical,,,1088,Cx Lvl 1 Complete,Daikin,,Daiken,FAQ18TAVJU,E000168,AH,KKM,Chilled Water System,2025-04-25 11:17:16,Ben Reynolds,2026-07-31 16:25:52,Najah Robertson,,,,,,,,,,,,,L1 Red Tag,2026-07-31 16:25:52,Najah Robertson,2026-09-09T00:25:35.989077+00:00
42472,9323552,EDCATL11FCU02000,FCU,Mechanical,,,1087,Cx Lvl 1 Complete,Daikin,,Daiken,FAQ24TAVJU,E000190,AH,KKM,Chilled Water System,2025-04-25 11:17:16,Ben Reynolds,2026-07-31 16:25:52,Najah Robertson,,,,,,,,,,,,,L1 Red Tag,2026-07-31 16:25:52,Najah Robertson,2026-09-09T00:25:35.989077+00:00
42472,9323553,EDCATL11FCU02100,FCU,Mechanical,,,1050,Cx Lvl 1 Complete,Daikin,,Daikin,HSP Ducted Concealed System,E000355,AH,Kenimer and Knox,Chilled Water System,2025-04-25 11:17:16,Ben Reynolds,2026-07-31 16:25:52,Najah Robertson,,,,,,,,,,,,,L1 Red Tag,2026-07-31 16:25:52,Najah Robertson,2026-09-09T00:25:35.989077+00:00
42472,9323554,EDCATL11FCU02200,FCU,Mechanical,,,1050,Cx Lvl 2 Complete,Daikin,,Daikin,HSP Concealed Ducted System,E000640,AH,Kenimer and Knox,Chilled Water System,2025-04-25 11:17:16,Ben Reynolds,,,,,2026-07-31 16:25:46,Najah Robertson,,,,,,,,,L2 Yellow Tag,2026-07-31 16:25:46,Najah Robertson,2026-09-09T00:25:35.989077+00:00
42472,9323723,EDCATL11FCU02300,FCU,Mechanical,,,1050,Cx Lvl 1 Complete,Daikin,,Daikin,HSP Concealed Ducted System,E000578,BH,Kenimer and Knox,Chilled Water System,2025-04-25 11:17:18,Ben Reynolds,2026-07-31 16:25:52,Najah Robertson,,,,,,,,,,,,,L1 Red Tag,2026-07-31 16:25:52,Najah Robertson,2026-09-09T00:25:35.989077+00:00
42472,9323724,EDCATL11FCU02400,FCU,Mechanical,,,1050,Cx Lvl 1 Complete,Daikin,,Daikin,HSP Ducted Concealed System,E000226,BH,Kenimer and Knox,Chilled Water System,2025-04-25 11:17:18,Ben Reynolds,2026-07-31 16:25:52,Najah Robertson,,,,,,,,,,,,,L1 Red Tag,2026-07-31 16:25:52,Najah Robertson,2026-09-09T00:25:35.989077+00:00
42472,9323725,EDCATL11FCU02500,FCU,Mechanical,,,1050,Cx Lvl 1 Complete,Daikin,,Daikin,RZQ48TBVJUA,E000225,BH,KKM,Chilled Water System,2025-04-25 11:17:18,Ben Reynolds,2026-07-31 16:25:52,Najah Robertson,,,,,,,,,,,,,L1 Red Tag,2026-07-31 16:25:52,Najah Robertson,2026-09-09T00:25:35.989077+00:00
42472,9323726,EDCATL11FCU02600,FCU,Mechanical,,,1038,Cx Lvl 2 Complete,Daikin,,Daiken,,E000192,BH,KKM,Chilled Water System,2025-04-25 11:17:18,Ben Reynolds,2026-06-04 19:20:10,Najah Robertson,,,2026-07-31 16:25:46,Najah Robertson,,,,,,,,,L2 Yellow Tag,2026-07-31 16:25:46,Najah Robertson,2026-09-09T00:25:35.989077+00:00
42472,9323555,EDCATL11FCU02700,FCU,Mechanical,,,2050,Cx Lvl 1 Complete,Daikin,,DAIKIN,,E000223,AH,KKM,Chilled Water System,2025-04-25 11:17:16,Ben Reynolds,2026-07-31 16:25:52,Najah Robertson,,,,,,,,,,,,,L1 Red Tag,2026-07-31 16:25:52,Najah Robertson,2026-09-09T00:25:35.989077+00:00
42472,9323727,EDCATL11FCU02800,FCU,Mechanical,,,1036A,Cx Lvl 2 Complete,Daikin,,Daiken,,E000177,BH,KKM,Chilled Water System,2025-04-25 11:17:18,Ben Reynolds,2026-06-04 19:22:12,Najah Robertson,,,2026-07-31 16:25:46,Najah Robertson,,,,,,,,,L2 Yellow Tag,2026-07-31 16:25:46,Najah Robertson,2026-09-09T00:25:35.989077+00:00
42472,9323728,EDCATL11FCU02900,FCU,Mechanical,,,1042,Cx Lvl 1 Complete,Daiken,,Daiken,FBA18AAVJU/RZA18AAVJU,E000790,BH,Kenimer and Knox,Chilled Water System,2025-04-25 11:17:18,Ben Reynolds,2026-07-31 16:25:52,Najah Robertson,,,,,,,,,,,,,L1 Red Tag,2026-07-31 16:25:52,Najah Robertson,2026-09-09T00:25:35.989077+00:00
42472,9323729,EDCATL11FCU03000,FCU,Mechanical,,,1197,Cx Lvl 1 Complete,Daikin,,Daiken,,E000404,BH,KKM,Chilled Water System,2025-04-25 11:17:18,Ben Reynolds,2026-07-31 16:25:52,Najah Robertson,,,,,,,,,,,,,L1 Red Tag,2026-07-31 16:25:52,Najah Robertson,2026-09-09T00:25:35.989077+00:00
42472,9323556,EDCATL11FCU03100,FCU,Mechanical,,,2087,Cx Lvl 1 Complete,Daikin,,Daiken,,E000105,AH,KKM,Chilled Water System,2025-04-25 11:17:16,Ben Reynolds,2026-07-31 16:25:52,Najah Robertson,,,,,,,,,,,,,L1 Red Tag,2026-07-31 16:25:52,Najah Robertson,2026-09-09T00:25:35.989077+00:00
42472,9323557,EDCATL11FCU03200,FCU,Mechanical,,,2061,Cx Lvl 2 Complete,Daikin,,Daiken,,E000115,AH,KKM,Chilled Water System,2025-04-25 11:17:16,Ben Reynolds,2026-06-04 19:23:54,Najah Robertson,,,2026-07-31 16:25:46,Najah Robertson,,,,,,,,,L2 Yellow Tag,2026-07-31 16:25:46,Najah Robertson,2026-09-09T00:25:35.989077+00:00
42472,9323558,EDCATL11FCU03300,FCU,Mechanical,,,1075,Cx Lvl 1 Complete,Daikin,,Daikin,RZQ48TBVJUA,E000203,AH,KKM,Chilled Water System,2025-04-25 11:17:16,Ben Reynolds,2026-07-31 16:25:52,Najah Robertson,,,,,,,,,,,,,L1 Red Tag,2026-07-31 16:25:52,Najah Robertson,2026-09-09T00:25:35.989077+00:00
42472,9323730,EDCATL11FCU03400,FCU,Mechanical,,,1042,Cx Lvl 1 Complete,Daiken,,Daiken,FBA18AAVJU/RZA18AAVJU,E000790/E001163,BH,Kenimer and Knox,Chilled Water System,2025-04-25 11:17:18,Ben Reynolds,2026-07-31 16:25:52,Najah Robertson,,,,,,,,,,,,,L1 Red Tag,2026-07-31 16:25:52,Najah Robertson,2026-09-09T00:25:35.989077+00:00
42472,9323731,EDCATL11FCU03500,FCU,Mechanical,,,2022,Cx Lvl 2 Complete,Daikin,,Daiken,,E000202,BH,KKM,Chilled Water System,2025-04-25 11:17:18,Ben Reynolds,2026-06-04 19:30:46,Najah Robertson,,,2026-07-31 16:25:46,Najah Robertson,,,,,,,,,L2 Yellow Tag,2026-07-31 16:25:46,Najah Robertson,2026-09-09T00:25:35.989077+00:00
42472,9323559,EDCATL11FCU03600,FCU,Mechanical,,,2050,Cx Lvl 1 Complete,Daikin,,Daikin,HSP Concealed Ducted System,E000575,AH,Kenimer and Knox,Chilled Water System,2025-04-25 11:17:16,Ben Reynolds,2026-07-31 16:25:52,Najah Robertson,,,,,,,,,,,,,L1 Red Tag,2026-07-31 16:25:52,Najah Robertson,2026-09-09T00:25:35.989077+00:00
42472,9323732,EDCATL11FCU03700,FCU,Mechanical,,,2064,Cx Lvl 2 Complete,Daikin,,Daiken,,E000101,BH,KKM,Chilled Water System,2025-04-25 11:17:18,Ben Reynolds,2026-06-04 19:32:44,Najah Robertson,,,2026-07-31 16:25:46,Najah Robertson,,,,,,,,,L2 Yellow Tag,2026-07-31 16:25:46,Najah Robertson,2026-09-09T00:25:35.989077+00:00
42472,9323560,EDCATL11FCU03800,FCU,Mechanical,,,2050,Cx Lvl 1 Complete,Daikin,,Daikin,HSP Ducted Concealed System,E000401,AH,Kenimer and Knox,Chilled Water System,2025-04-25 11:17:16,Ben Reynolds,2026-07-31 16:25:52,Najah Robertson,,,,,,,,,,,,,L1 Red Tag,2026-07-31 16:25:52,Najah Robertson,2026-09-09T00:25:35.989077+00:00
42472,9323561,EDCATL11FCU03900,FCU,Mechanical,,,2050,Cx Lvl 1 Complete,Daikin,,Daikin,HSP Ducted Concealed System,E000316,AH,Kenimer and Knox,Chilled Water System,2025-04-25 11:17:16,Ben Reynolds,2026-07-31 16:25:52,Najah Robertson,,,,,,,,,,,,,L1 Red Tag,2026-07-31 16:25:52,Najah Robertson,2026-09-09T00:25:35.989077+00:00
42472,9323562,EDCATL11FCU04000,FCU,Mechanical,,,2075,Cx Lvl 1 Complete,KKM,,Daikin,FBA48AAVJU,E000202,AH,RF Knox,Chilled Water System,2025-04-25 11:17:16,Ben Reynolds,2026-07-31 16:25:52,Najah Robertson,,,,,,,,,,,,,L1 Red Tag,2026-07-31 16:25:52,Najah Robertson,2026-09-09T00:25:35.989077+00:00
42472,9323733,EDCATL11FCU04100,FCU,Mechanical,,,3079,Cx Lvl 2 Complete,Daikin,,Daikin,RZQ24TBVJUA,C000121,BH,KKM,Chilled Water System,2025-04-25 11:17:18,Ben Reynolds,,,,,2026-07-31 16:25:46,Najah Robertson,,,,,,,,,L2 Yellow Tag,2026-07-31 16:25:46,Najah Robertson,2026-09-09T00:25:35.989077+00:00
42472,9323734,EDCATL11FCU04200,FCU,Mechanical,,,2050,Cx Lvl 1 Complete,Daikin,,Daikin,FBA48AAVJU,E000187,BH,RF Knox,Chilled Water System,2025-04-25 11:17:18,Ben Reynolds,2026-07-31 16:25:52,Najah Robertson,,,,,,,,,,,,,L1 Red Tag,2026-07-31 16:25:52,Najah Robertson,2026-09-09T00:25:35.989077+00:00
42472,9323735,EDCATL11FCU04300,FCU,Mechanical,,,3064,Cx Lvl 2 Complete,KKM,,Daikin,SkyAir Heat Pump System,E000108,BH,RF Knox,Chilled Water System,2025-04-25 11:17:18,Ben Reynolds,2026-02-09 16:21:27,Najah Robertson,,,2026-07-31 16:25:46,Najah Robertson,,,,,,,,,L2 Yellow Tag,2026-07-31 16:25:46,Najah Robertson,2026-09-09T00:25:35.989077+00:00
42472,9323563,EDCATL11FCU04400,FCU,Mechanical,,,3061,Cx Lvl 2 Complete,KKM,,Daikin,SkyAir Heat Pump,E000194,AH,RF Knox,Chilled Water System,2025-04-25 11:17:16,Ben Reynolds,2026-02-09 16:21:27,Najah Robertson,,,2026-07-31 16:25:46,Najah Robertson,,,,,,,,,L2 Yellow Tag,2026-07-31 16:25:46,Najah Robertson,2026-09-09T00:25:35.989077+00:00
42472,9323564,EDCATL11FCU04500,FCU,Mechanical,,,3088,Cx Lvl 1 Complete,KKM,,Daikin,SkyAIr Heat Pump,E000103,AH,RF Knox,Chilled Water System,2025-04-25 11:17:16,Ben Reynolds,2026-07-31 16:25:52,Najah Robertson,,,,,,,,,,,,,L1 Red Tag,2026-07-31 16:25:52,Najah Robertson,2026-09-09T00:25:35.989077+00:00
42472,9323736,EDCATL11FCU04600,FCU,Mechanical,,,3019,Cx Lvl 1 Complete,KKM,,Daikin,FAA24AAVJU,E000114,BH,RF Knox,Chilled Water System,2025-04-25 11:17:18,Ben Reynolds,2026-07-31 16:25:52,Najah Robertson,,,,,,,,,,,,,L1 Red Tag,2026-07-31 16:25:52,Najah Robertson,2026-09-09T00:25:35.989077+00:00
42472,9323565,EDCATL11FCU04700,FCU,Mechanical,,,3165,Cx Lvl 1 Complete,Daikin,,Daikin,FBA18AAVJU,E000717,AH,Kenimer & Knox Mechanical,Chilled Water System,2025-04-25 11:17:16,Ben Reynolds,2026-07-31 16:25:52,Najah Robertson,,,,,,,,,,,,,L1 Red Tag,2026-07-31 16:25:52,Najah Robertson,2026-09-09T00:25:35.989077+00:00
42472,9323737,EDCATL11FCU04800,FCU,Mechanical,,,3040,Cx Lvl 1 Complete,Daikin,,Daikin,HSP Concealed Ducted System,E000467/E001740,BH,Kenimer and knox,Chilled Water System,2025-04-25 11:17:18,Ben Reynolds,2026-07-31 16:25:52,Najah Robertson,,,,,,,,,,,,,L1 Red Tag,2026-07-31 16:25:52,Najah Robertson,2026-09-09T00:25:35.989077+00:00
42472,9323566,EDCATL11FCU04900,FCU,Mechanical,,,3040,Cx Lvl 2 Complete,Daikin,,Daikin,HSP Concealed Ducted System,E000576/E001775,AH,Kenimer and knox,Chilled Water System,2025-04-25 11:17:16,Ben Reynolds,2026-01-13 15:06:08,Najah Robertson,,,2026-07-31 16:25:46,Najah Robertson,,,,,,,,,L2 Yellow Tag,2026-07-31 16:25:46,Najah Robertson,2026-09-09T00:25:35.989077+00:00
42472,9323567,EDCATL11FCU05000,FCU,Mechanical,,,2035,Cx Lvl 1 Complete,Daiken,,Daiken,FBA18AAVJU/RZA18AAVJU,E000719,AH,Kenimer and Knox,Chilled Water System,2025-04-25 11:17:16,Ben Reynolds,2026-07-31 16:25:52,Najah Robertson,,,,,,,,,,,,,L1 Red Tag,2026-07-31 16:25:52,Najah Robertson,2026-09-09T00:25:35.989077+00:00
42472,9323738,EDCATL11FCU05100,FCU,Mechanical,,,2035,Cx Lvl 1 Complete,Daiken,,Daiken,FBA18AAVJU/RZA18AAVJU,E000789,BH,Kenimer and Knox,Chilled Water System,2025-04-25 11:17:18,Ben Reynolds,2026-07-31 16:25:52,Najah Robertson,,,,,,,,,,,,,L1 Red Tag,2026-07-31 16:25:52,Najah Robertson,2026-09-09T00:25:35.989077+00:00
42472,9323568,EDCATL11FCU05200,FCU,Mechanical,,,3079,Cx Lvl 2 Complete,KKM,,Daikin,Ceiling mounted cassette,C000124,AH,RF Knox,Chilled Water System,2025-04-25 11:17:16,Ben Reynolds,2026-02-05 14:28:04,Najah Robertson,,,2026-07-31 16:25:46,Najah Robertson,,,,,,,,,L2 Yellow Tag,2026-07-31 16:25:46,Najah Robertson,2026-09-09T00:25:35.989077+00:00
42472,9323569,EDCATL11FCU05300,FCU,Mechanical,,,2050,Cx Lvl 1 Complete,Daikin,,Daikin,FBA24AAVJU/RZA24AAVJU,E000577/E001767,AH,Kenimer and Knox,Chilled Water System,2025-04-25 11:17:16,Ben Reynolds,2026-07-31 16:25:52,Najah Robertson,,,,,,,,,,,,,L1 Red Tag,2026-07-31 16:25:52,Najah Robertson,2026-09-09T00:25:35.989077+00:00
42472,9323570,EDCATL11FCU05400,FCU,Mechanical,,,3050,Cx Lvl 1 Complete,Daikin,,Daikin,HSP Ducted Concealed System,E000351,AH,Kenimer and Knox,Chilled Water System,2025-04-25 11:17:16,Ben Reynolds,2026-07-31 16:25:52,Najah Robertson,,,,,,,,,,,,,L1 Red Tag,2026-07-31 16:25:52,Najah Robertson,2026-09-09T00:25:35.989077+00:00
42472,9323571,EDCATL11FCU05500,FCU,Mechanical,,,3050,Cx Lvl 1 Complete,Daikin,,Daikin,HSP Ducted Concealed System,E000356,AH,Kenimer and Knox,Chilled Water System,2025-04-25 11:17:16,Ben Reynolds,2026-07-31 16:25:52,Najah Robertson,,,,,,,,,,,,,L1 Red Tag,2026-07-31 16:25:52,Najah Robertson,2026-09-09T00:25:35.989077+00:00
42472,9323739,EDCATL11FCU05600,FCU,Mechanical,,,3089,Cx Lvl 2 Complete,Daikin,,Daikin,RF Knox,C000115,BH,KKM,Chilled Water System,2025-04-25 11:17:18,Ben Reynolds,2026-02-05 14:28:04,Najah Robertson,,,2026-07-31 16:25:46,Najah Robertson,,,,,,,,,L2 Yellow Tag,2026-07-31 16:25:46,Najah Robertson,2026-09-09T00:25:35.989077+00:00
42472,9323572,EDCATL11FCU05700,FCU,Mechanical,,,3089,Cx Lvl 2 Complete,Daikin,,Daikin,RZQ24TBVJUA,C000120,AH,KKM,Chilled Water System,2025-04-25 11:17:16,Ben Reynolds,,,,,2026-07-31 16:25:46,Najah Robertson,,,,,,,,,L2 Yellow Tag,2026-07-31 16:25:46,Najah Robertson,2026-09-09T00:25:35.989077+00:00
42472,9323574,EDCATL11FCU06000,FCU,Mechanical,,,3075,Cx Lvl 1 Complete,Kenimer Knox Mechanical,,Daikin,HSP Ducted Concealed System,E000205,AH,R.F Knox,Chilled Water System,2025-04-25 11:17:16,Ben Reynolds,2026-07-31 16:25:52,Najah Robertson,,,,,,,,,,,,,L1 Red Tag,2026-07-31 16:25:52,Najah Robertson,2026-09-09T00:25:35.989077+00:00
42472,9323575,EDCATL11FCU06100,FCU,Mechanical,,,3050,Cx Lvl 1 Complete,Daikin,,Daikin,HSP Ducted Concealed System,E000201,AH,Keminer & Knox Mechanical,Chilled Water System,2025-04-25 11:17:16,Ben Reynolds,2026-07-31 16:25:52,Najah Robertson,,,,,,,,,,,,,L1 Red Tag,2026-07-31 16:25:52,Najah Robertson,2026-09-09T00:25:35.989077+00:00
42472,9323576,EDCATL11FCU06200,FCU,Mechanical,,,3050,Cx Lvl 2 Complete,Daikin,,Daikin,FBA48AAVJU,E000200,AH,Kenimer & Knox Mechanical,Chilled Water System,2025-04-25 11:17:16,Ben Reynolds,2026-02-05 14:28:04,Najah Robertson,,,2026-07-31 16:25:46,Najah Robertson,,,,,,,,,L2 Yellow Tag,2026-07-31 16:25:46,Najah Robertson,2026-09-09T00:25:35.989077+00:00
42472,9323577,EDCATL11FCU06300,FCU,Mechanical,,,3050,Cx Lvl 1 Complete,Daikin,,Daikin,FBA48AAVJU,E000204,AH,Kenimer & Knox Mechanical,Chilled Water System,2025-04-25 11:17:16,Ben Reynolds,2026-07-31 16:25:52,Najah Robertson,,,,,,,,,,,,,L1 Red Tag,2026-07-31 16:25:52,Najah Robertson,2026-09-09T00:25:35.989077+00:00
42472,9323741,EDCATL11FCU06400,FCU,Mechanical,,,3050,Cx Lvl 1 Complete,Daikin,,Daikin,FBA18AAVJU/RZA18AAVJU,E000185,BH,Kenimer Knox Mechanical,Chilled Water System,2025-04-25 11:17:18,Ben Reynolds,2026-07-31 16:25:52,Najah Robertson,,,,,,,,,,,,,L1 Red Tag,2026-07-31 16:25:52,Najah Robertson,2026-09-09T00:25:35.989077+00:00
42472,9323578,EDCATL11FCU06500,FCU,Mechanical,,,3050,Cx Lvl 1 Complete,KKM,,Daikin,,E000350,AH,KKM,Chilled Water System,2025-04-25 11:17:16,Ben Reynolds,2026-07-31 16:25:52,Najah Robertson,,,,,,,,,,,,,L1 Red Tag,2026-07-31 16:25:52,Najah Robertson,2026-09-09T00:25:35.989077+00:00
42472,9322369,EDCATL11FCU06600,FCU,Mechanical,,,1190,Cx Lvl 1 Complete,Daikin,,Daikin,FAQ18TAVJU,,5,KKM,Chilled Water System,2025-04-25 11:17:03,Ben Reynolds,2026-07-31 16:25:52,Najah Robertson,,,,,,,,,,,,,L1 Red Tag,2026-07-31 16:25:52,Najah Robertson,2026-09-09T00:25:35.989077+00:00
42472,9323579,EDCATL11FCU06700,FCU,Mechanical,,,2050,Cx Lvl 2 Complete,Daikin,,Daikin,HSP Concealed Ducted System,E000641,AH,Kenimer and Knox,Chilled Water System,2025-04-25 11:17:16,Ben Reynolds,2026-02-09 16:21:27,Najah Robertson,,,2026-07-31 16:25:46,Najah Robertson,,,,,,,,,L2 Yellow Tag,2026-07-31 16:25:46,Najah Robertson,2026-09-09T00:25:35.989077+00:00
42472,9323580,EDCATL11FCU06800,FCU,Mechanical,,,1032,Cx Lvl 2 Complete,Daikin,,Daikin,FAQ48TAVJU,C000187,AH,KKM,Chilled Water System,2025-04-25 11:17:16,Ben Reynolds,2026-06-26 15:02:36,Najah Robertson,,,2026-07-31 16:25:46,Najah Robertson,,,,,,,,,L2 Yellow Tag,2026-07-31 16:25:46,Najah Robertson,2026-09-09T00:25:35.989077+00:00
42472,9323581,EDCATL11FCU06900,FCU,Mechanical,,,1060,Cx Lvl 1 Complete,Daiken,,Daiken,HSP Concealed Ducted System,E001047,AH,Kenimer and Knox,Chilled Water System,2025-04-25 11:17:16,Ben Reynolds,2026-07-31 16:25:52,Najah Robertson,,,,,,,,,,,,,L1 Red Tag,2026-07-31 16:25:52,Najah Robertson,2026-09-09T00:25:35.989077+00:00
42472,9319796,EDCATL11FOP00900,FOP,Mechanical,,,EXT EAST,Cx Lvl 3 Complete,UST Fuel,EXT East,ISP Fuel Systems,STP200-VL2-19,G 66247582,1,KKM,Fuel Oil System,2025-04-25 11:16:35,Ben Reynolds,2026-03-18 13:55:02,Najah Robertson,,,2026-07-31 16:31:50,Najah Robertson,,,2026-08-20 13:11:45,Najah Robertson,,,,,L3 Green Tag,2026-08-20 13:11:45,Najah Robertson,2026-09-09T00:25:35.989077+00:00
42472,9319798,EDCATL11FOP01000,FOP,Mechanical,,,EXT EAST,Cx Lvl 3 Complete,UST Fuel,EXT East,ISP Fuel System,STP200-VL2-19,G 66247583,1,KKM,Fuel Oil System,2025-04-25 11:16:35,Ben Reynolds,2026-03-18 13:55:03,Najah Robertson,,,2026-07-31 16:31:50,Najah Robertson,,,2026-08-20 13:11:45,Najah Robertson,,,,,L3 Green Tag,2026-08-20 13:11:45,Najah Robertson,2026-09-09T00:25:35.989077+00:00
42472,9319800,EDCATL11FOP01100,FOP,Mechanical,,,EXT EAST,Cx Lvl 3 Complete,UST Fuel,EXT East,ISP Fuel System,STP200-VL2-19,G  66247581,1,KKM,Fuel Oil System,2025-04-25 11:16:35,Ben Reynolds,2026-03-18 13:55:03,Najah Robertson,,,2026-07-31 16:31:50,Najah Robertson,,,2026-08-20 13:11:45,Najah Robertson,,,,,L3 Green Tag,2026-08-20 13:11:45,Najah Robertson,2026-09-09T00:25:35.989077+00:00
42472,9319802,EDCATL11FOP01200,FOP,Mechanical,,,EXT EAST,Cx Lvl 3 Complete,UST Fuel,EXT East,ISP Fuel System,STP200-VL2-19,G 66247580,1,KKM,Fuel Oil System,2025-04-25 11:16:35,Ben Reynolds,2026-03-18 13:55:03,Najah Robertson,,,2026-07-31 16:31:50,Najah Robertson,,,2026-08-20 13:11:45,Najah Robertson,,,,,L3 Green Tag,2026-08-20 13:11:45,Najah Robertson,2026-09-09T00:25:35.989077+00:00
42472,9319823,EDCATL11FOS00900,FOS,Mechanical,,,EXT EAST,Cx Lvl 3 Complete,KKM,,Sbravo,B600,,1,KKM,Fuel Oil System,2025-04-25 11:16:35,Ben Reynolds,2026-03-11 16:36:05,Najah Robertson,,,2026-04-22 15:53:09,Najah Robertson,,,2026-07-31 12:36:28,Eric Harrison,,,,,L3 Green Tag,2026-07-31 12:36:28,Eric Harrison,2026-09-09T00:25:35.989077+00:00
42472,9319824,EDCATL11FOS01000,FOS,Mechanical,,,EXT EAST,Cx Lvl 3 Complete,KKM,,Sbravo,B600,,1,KKM,Fuel Oil System,2025-04-25 11:16:35,Ben Reynolds,2026-03-11 16:36:05,Najah Robertson,,,2026-04-22 15:53:09,Najah Robertson,,,2026-07-31 12:36:28,Eric Harrison,,,,,L3 Green Tag,2026-07-31 12:36:28,Eric Harrison,2026-09-09T00:25:35.989077+00:00
42472,9319825,EDCATL11FOS01100,FOS,Mechanical,,,EXT EAST,Cx Lvl 3 Complete,KKM,,Sbravo,B600,,1,KKM,Fuel Oil System,2025-04-25 11:16:35,Ben Reynolds,2026-03-11 16:36:05,Najah Robertson,,,2026-04-22 15:53:09,Najah Robertson,,,2026-07-31 12:36:28,Eric Harrison,,,,,L3 Green Tag,2026-07-31 12:36:28,Eric Harrison,2026-09-09T00:25:35.989077+00:00
42472,9319826,EDCATL11FOS01200,FOS,Mechanical,,,EXT EAST,Cx Lvl 3 Complete,KKM,,Sbravo,B600,,1,KKM,Fuel Oil System,2025-04-25 11:16:35,Ben Reynolds,2026-03-11 16:36:05,Najah Robertson,,,2026-04-22 15:53:09,Najah Robertson,,,2026-07-31 12:36:28,Eric Harrison,,,,,L3 Green Tag,2026-07-31 12:36:28,Eric Harrison,2026-09-09T00:25:35.989077+00:00
42472,9319845,EDCATL11FOT00500,FOT,Mechanical,,,EXT EAST,Cx Lvl 3 Complete,Modern Welding Co,,Modern Welding Co,UL 142 Flameshield,FS 038392,1,Kenimer Knox Mechanical,Fuel Oil System,2025-04-25 11:16:35,Ben Reynolds,2025-12-29 16:43:02,Najah Robertson,,,2026-04-15 16:51:12,Najah Robertson,,,2026-07-31 12:36:28,Eric Harrison,,,,,L3 Green Tag,2026-07-31 12:36:28,Eric Harrison,2026-09-09T00:25:35.989077+00:00
42472,9319846,EDCATL11FOT00600,FOT,Mechanical,,,EXT EAST,Cx Lvl 3 Complete,Modern Welding Co,,Modern Welding Co,UL 142 Flameshield,FS 038391,1,Kenimer Knox Mechanical,Fuel Oil System,2025-04-25 11:16:35,Ben Reynolds,2025-12-29 16:43:02,Najah Robertson,,,2026-04-15 16:51:12,Najah Robertson,,,2026-07-31 12:36:28,Eric Harrison,,,,,L3 Green Tag,2026-07-31 12:36:28,Eric Harrison,2026-09-09T00:25:35.989077+00:00
42472,9319855,EDCATL11FPO00300,FPO,Mechanical,,,EXT EAST,Cx Lvl 3 Complete,UST Fuel Solutions,EXT EAST,ISP Automation,FMS-2,G 88010558,1,Kenimer Knox Mechanical,Fuel Oil System,2025-04-25 11:16:35,Ben Reynolds,2026-04-13 14:36:31,Najah Robertson,,,2026-07-31 16:31:29,Najah Robertson,,,2026-08-18 11:55:40,Najah Robertson,,,,,L3 Green Tag,2026-08-18 11:55:40,Najah Robertson,2026-09-09T00:25:35.989077+00:00
42472,9319865,EDCATL11FPP00500,FPP,Mechanical,,,EXT EAST,Cx Lvl 3 Complete,UST Fuel,EXT East,Franklin Fueling Systems,STP200-VL2-19,ISP-S23969-C35,1,KKM,Fuel Oil System,2025-04-25 11:16:35,Ben Reynolds,2026-03-05 13:08:20,Najah Robertson,,,2026-07-31 16:32:48,Najah Robertson,,,2026-08-20 13:11:57,Najah Robertson,,,,,L3 Green Tag,2026-08-20 13:11:57,Najah Robertson,2026-09-09T00:25:35.989077+00:00
42472,9319867,EDCATL11FPP00600,FPP,Mechanical,,,EXT EAST,Cx Lvl 3 Complete,UST Fuel,EXT East,Franklin Fueling Systems,STP75-VL2,ISP-S23969-C23,1,KKM,Fuel Oil System,2025-04-25 11:16:35,Ben Reynolds,2026-03-05 13:08:20,Najah Robertson,,,2026-07-31 16:32:48,Najah Robertson,,,2026-08-20 13:11:57,Najah Robertson,,,,,L3 Green Tag,2026-08-20 13:11:57,Najah Robertson,2026-09-09T00:25:35.989077+00:00
42472,9319874,EDCATL11FRP00100,FRP,Fire Protection,,,,Cx Lvl 2 Complete,Clarke,EXT West,Patterson,J4UH-UFADJG-D,FP-C000246951-01-01,1,IFP,Fire Protection System,2025-04-25 11:16:35,Ben Reynolds,2025-12-29 20:24:54,Najah Robertson,,,2026-07-09 14:42:12,Najah Robertson,,,,,,,,,L2 Yellow Tag,2026-07-09 14:42:12,Najah Robertson,2026-09-09T00:25:35.989077+00:00
42472,9319875,EDCATL11FRP00200,FRP,Fire Protection,,,,Cx Lvl 2 Complete,Clarke,EXT West,Patterson,J4UH-UFADJG-D,FP-C000246951-01-02,1,IFP,Fire Protection System,2025-04-25 11:16:35,Ben Reynolds,2025-12-29 20:24:54,Najah Robertson,,,2026-07-10 12:32:49,Najah Robertson,,,,,,,,,L2 Yellow Tag,2026-07-10 12:32:49,Najah Robertson,2026-09-09T00:25:35.989077+00:00
42472,9319876,EDCATL11GDT02900,GDT,Mechanical,,,3171,Cx Lvl 3 Complete,Unified Services of Texas,GEN room EA,ISP Fuel Systems,ISP-250,S23969-C9,1,Kenimer & Knox Mechanical,Fuel Oil System,2025-04-25 11:16:35,Ben Reynolds,2026-03-06 13:00:06,Najah Robertson,,,2026-07-31 16:21:28,Najah Robertson,,,2026-08-05 19:07:39,Najah Robertson,,,,,L3 Green Tag,2026-08-05 19:07:39,Najah Robertson,2026-09-09T00:25:35.989077+00:00
42472,9319877,EDCATL11GDT03000,GDT,Mechanical,,,3172,Cx Lvl 3 Complete,Unified Services of Texas,,ISP Fuel Systems,ISP-250,S23969-C12,1,Kenimer & Knox Mechanical,Fuel Oil System,2025-04-25 11:16:35,Ben Reynolds,2026-03-06 13:00:06,Najah Robertson,,,2026-07-31 16:21:28,Najah Robertson,,,2026-08-05 19:11:40,Najah Robertson,,,,,L3 Green Tag,2026-08-05 19:11:40,Najah Robertson,2026-09-09T00:25:35.989077+00:00
42472,9319878,EDCATL11GDT03100,GDT,Mechanical,,,3173,Cx Lvl 3 Complete,Unified Services of Texas,,ISP Fuel Systems,ISP-250,S23969-C8,1,Kenimer & Knox Mechanical,Fuel Oil System,2025-04-25 11:16:35,Ben Reynolds,2026-03-06 13:00:06,Najah Robertson,,,2026-07-31 16:21:28,Najah Robertson,,,2026-08-05 19:15:38,Najah Robertson,,,,,L3 Green Tag,2026-08-05 19:15:38,Najah Robertson,2026-09-09T00:25:35.989077+00:00
42472,9319879,EDCATL11GDT03200,GDT,Mechanical,,,3174,Cx Lvl 3 Complete,Unified Services of Texas,,ISP Fuel Systems,ISP-250,S23969-C11,1,Kenimer & Knox Mechanical,Fuel Oil System,2025-04-25 11:16:35,Ben Reynolds,2026-03-06 13:00:06,Najah Robertson,,,2026-07-31 16:21:28,Najah Robertson,,,2026-08-05 19:18:39,Najah Robertson,,,,,L3 Green Tag,2026-08-05 19:18:39,Najah Robertson,2026-09-09T00:25:35.989077+00:00
42472,9319880,EDCATL11GDT03300,GDT,Mechanical,,,3175,Cx Lvl 3 Complete,UST Fuel solutions,,ISP Fuel Systems,ISP-250,S24854-C3,1,Kenimer & Knox Mechanical,Fuel Oil System,2025-04-25 11:16:35,Ben Reynolds,2026-03-06 13:00:06,Najah Robertson,,,2026-07-31 16:21:28,Najah Robertson,,,2026-08-05 19:21:38,Najah Robertson,,,,,L3 Green Tag,2026-08-05 19:21:38,Najah Robertson,2026-09-09T00:25:35.989077+00:00
42472,9319881,EDCATL11GDT03400,GDT,Mechanical,,,3176,Cx Lvl 3 Complete,UST Fuel solutions,,ISP Fuel systems,ISP-250,S23969-C14,1,Kenimer & Knox,Fuel Oil System,2025-04-25 11:16:35,Ben Reynolds,2026-03-06 13:00:06,Najah Robertson,,,2026-07-31 16:21:28,Najah Robertson,,,2026-08-05 19:25:39,Najah Robertson,,,,,L3 Green Tag,2026-08-05 19:25:39,Najah Robertson,2026-09-09T00:25:35.989077+00:00
42472,9319882,EDCATL11GDT03500,GDT,Mechanical,,,3177,Cx Lvl 3 Complete,UST Fuel solutions,,ISP Fuel Solutions,ISP-250,S23969-C21,1,Kenimer & Knox,Fuel Oil System,2025-04-25 11:16:35,Ben Reynolds,2026-03-06 13:00:06,Najah Robertson,,,2026-07-31 16:21:28,Najah Robertson,,,2026-08-05 19:28:38,Najah Robertson,,,,,L3 Green Tag,2026-08-05 19:28:38,Najah Robertson,2026-09-09T00:25:35.989077+00:00
42472,9323582,EDCATL11GENAH100,GEN,Electrical,,,,Cx Lvl 3 Complete,Caterpillar,EXT WEST,CATERPILLAR,3512C,LPY00458,AH,Faith,Generator System,2025-04-25 11:17:16,Ben Reynolds,2025-10-03 11:34:10,Darshan Lunawat,2026-04-23 15:12:34,Najah Robertson,2026-06-17 12:00:23,Najah Robertson,,,2026-08-14 11:04:43,Najah Robertson,,,,,L3 Green Tag,2026-08-14 11:04:43,Najah Robertson,2026-09-09T00:25:35.989077+00:00
42472,10414683,EDCATL11GENBH100,GEN,Electrical,,,SOUTH EXT,Cx Lvl 3 Complete,Caterpillar,,Caterpillar,3512C,LYP00456,,Faith,Generator System,2025-09-25 20:08:48,Ben Reynolds,2025-10-15 15:34:17,Najah Robertson,2026-04-29 20:59:56,Najah Robertson,,,,,2026-08-14 11:04:43,Najah Robertson,,,,,L3 Green Tag,2026-08-14 11:04:43,Najah Robertson,2026-09-09T00:25:35.989077+00:00
42472,9319883,EDCATL11GENEA100,GEN,Electrical,,,3171,Cx Lvl 3 Complete,CATERPILLAR,,CATERPILLAR,3516E,ZNL01987,1,FTI,Generator System,2025-04-25 11:16:35,Ben Reynolds,2026-06-10 14:56:45,Gaurav Goyal,,,2026-06-10 14:57:20,Gaurav Goyal,,,2026-08-14 11:04:43,Najah Robertson,,,,,L3 Green Tag,2026-08-14 11:04:43,Najah Robertson,2026-09-09T00:25:35.989077+00:00
42472,9319884,EDCATL11GENEB100,GEN,Electrical,,,3172,Cx Lvl 3 Complete,CATERPILLAR,,CATERPILLAR,3516E,ZNL01931,1,FTI,Generator System,2025-04-25 11:16:36,Ben Reynolds,2025-12-08 21:42:02,Najah Robertson,,,2026-05-04 20:50:46,Najah Robertson,,,2026-08-14 11:04:43,Najah Robertson,,,,,L3 Green Tag,2026-08-14 11:04:43,Najah Robertson,2026-09-09T00:25:35.989077+00:00
42472,9319885,EDCATL11GENEC100,GEN,Electrical,,,3173,Cx Lvl 3 Complete,CATERPILLAR,,CATERPILLAR,3516E,ZNL01812,1,FTI,Generator System,2025-04-25 11:16:36,Ben Reynolds,2025-09-24 20:44:09,Darshan Lunawat,,,2026-05-04 20:50:46,Najah Robertson,,,2026-08-14 11:04:43,Najah Robertson,,,,,L3 Green Tag,2026-08-14 11:04:43,Najah Robertson,2026-09-09T00:25:35.989077+00:00
42472,9319886,EDCATL11GENED100,GEN,Electrical,,,3175,Cx Lvl 3 Complete,CATERPILLAR,,CATERPILLAR,3516E,ZNL01912,1,FTI,Generator System,2025-04-25 11:16:36,Ben Reynolds,2025-09-24 20:42:52,Darshan Lunawat,,,2026-05-04 20:41:42,Najah Robertson,,,2026-08-14 11:04:43,Najah Robertson,,,,,L3 Green Tag,2026-08-14 11:04:43,Najah Robertson,2026-09-09T00:25:35.989077+00:00
42472,9319887,EDCATL11GENEE100,GEN,Electrical,,,3176,Cx Lvl 3 Complete,CATERPILLAR,,CATERPILLAR,3516E,ZNL01968,1,FTI,Generator System,2025-04-25 11:16:36,Ben Reynolds,2025-09-24 20:48:18,Darshan Lunawat,,,2026-05-04 20:39:41,Najah Robertson,,,2026-08-14 11:04:43,Najah Robertson,,,,,L3 Green Tag,2026-08-14 11:04:43,Najah Robertson,2026-09-09T00:25:35.989077+00:00
42472,9319888,EDCATL11GENEF100,GEN,Electrical,,,3177,Cx Lvl 3 Complete,CATERPILLAR,,CATERPILLAR,3516E,ZNL01858,1,FTI,Generator System,2025-04-25 11:16:36,Ben Reynolds,2025-09-24 20:41:52,Darshan Lunawat,,,2026-05-04 20:36:45,Najah Robertson,,,2026-08-14 11:04:43,Najah Robertson,,,,,L3 Green Tag,2026-08-14 11:04:43,Najah Robertson,2026-09-09T00:25:35.989077+00:00
42472,9319889,EDCATL11GENEZ100,GEN,Electrical,,,3174,Cx Lvl 3 Complete,CATERPILLAR,,CATERPILLAR,3516E,ZNL01902,1,FTI,Generator System,2025-04-25 11:16:36,Ben Reynolds,2025-09-24 20:41:28,Darshan Lunawat,,,2026-05-04 20:44:44,Najah Robertson,,,2026-08-14 11:04:43,Najah Robertson,,,,,L3 Green Tag,2026-08-14 11:04:43,Najah Robertson,2026-09-09T00:25:35.989077+00:00
42472,9319890,EDCATL11GSBEA110,GSB,Electrical,,,3171,Cx Lvl 2 Complete,CATERPILLR,,Salient Power Solutions,PC2318,231025BK07-7,1,FTI,Generator System,2025-04-25 11:16:36,Ben Reynolds,2025-12-02 17:44:16,Najah Robertson,,,2026-05-04 20:51:53,Najah Robertson,,,,,,,,,L2 Yellow Tag,2026-05-04 20:51:53,Najah Robertson,2026-09-09T00:25:35.989077+00:00
42472,9319891,EDCATL11GSBEB110,GSB,Electrical,,,3172,Cx Lvl 2 Complete,CATERPILLAR,,Salient Power Solutions,PC2318,231025BK07-11,1,FTI,Generator System,2025-04-25 11:16:36,Ben Reynolds,2025-12-02 17:44:16,Najah Robertson,,,2026-05-04 20:48:46,Najah Robertson,,,,,,,,,L2 Yellow Tag,2026-05-04 20:48:46,Najah Robertson,2026-09-09T00:25:35.989077+00:00
42472,9319892,EDCATL11GSBEC110,GSB,Electrical,,,3173,Cx Lvl 2 Complete,CATERPILLAR,,Salient Power Solutions,PC2318,231025BK07-10,1,FTI,Generator System,2025-04-25 11:16:36,Ben Reynolds,2025-12-02 17:44:16,Najah Robertson,,,2026-05-04 20:46:44,Najah Robertson,,,,,,,,,L2 Yellow Tag,2026-05-04 20:46:44,Najah Robertson,2026-09-09T00:25:35.989077+00:00
42472,9319893,EDCATL11GSBED110,GSB,Electrical,,,3175,Cx Lvl 2 Complete,Caterpillar,,Salient Power Solutions,PC2318,231025BK07-8,1,FTI,Generator System,2025-04-25 11:16:36,Ben Reynolds,2025-12-02 17:44:16,Najah Robertson,,,2026-05-04 20:41:59,Najah Robertson,,,,,,,,,L2 Yellow Tag,2026-05-04 20:41:59,Najah Robertson,2026-09-09T00:25:35.989077+00:00
42472,9319894,EDCATL11GSBEE110,GSB,Electrical,,,3176,Cx Lvl 2 Complete,CATERPILLAR,,Salient Power Solutions,PC2318,231025BK07-9,1,FTI,Generator System,2025-04-25 11:16:36,Ben Reynolds,2025-12-02 17:44:17,Najah Robertson,,,2026-05-04 20:38:47,Najah Robertson,,,,,,,,,L2 Yellow Tag,2026-05-04 20:38:47,Najah Robertson,2026-09-09T00:25:35.989077+00:00
42472,9319895,EDCATL11GSBEF110,GSB,Electrical,,,3177,Cx Lvl 2 Complete,CATERPILLAR,,Salient Power Solutions,PC2318,231025BK07-12,1,FTI,Generator System,2025-04-25 11:16:36,Ben Reynolds,2025-12-02 17:44:17,Najah Robertson,,,2026-05-04 20:36:47,Najah Robertson,,,,,,,,,L2 Yellow Tag,2026-05-04 20:36:47,Najah Robertson,2026-09-09T00:25:35.989077+00:00
42472,9319896,EDCATL11GSBEZ110,GSB,Electrical,,,3174,Cx Lvl 2 Complete,CATERPILLAR,,Salient Power Solutions,PC2318,231025BK07-13,1,FTI,Generator System,2025-04-25 11:16:36,Ben Reynolds,2025-12-02 17:44:17,Najah Robertson,,,2026-05-04 20:43:45,Najah Robertson,,,,,,,,,L2 Yellow Tag,2026-05-04 20:43:45,Najah Robertson,2026-09-09T00:25:35.989077+00:00
42472,9319897,EDCATL11GSR02900,GSR,Mechanical,,,3171,Cx Lvl 3 Complete,Mustang CAT,GEN Room EA,Catalytic Combustion,SCR Assembly 43324-238-X1PFS1-128FB132FS-SB0-01,WO229574-1,1,KK Mech,Fuel Oil System,2025-04-25 11:16:36,Ben Reynolds,2025-08-08 12:08:48,Najah Robertson,,,2026-07-31 16:28:52,Najah Robertson,,,2026-08-05 19:09:41,Najah Robertson,,,,,L3 Green Tag,2026-08-05 19:09:41,Najah Robertson,2026-09-09T00:25:35.989077+00:00
42472,9319898,EDCATL11GSR03000,GSR,Mechanical,,,3172,Cx Lvl 3 Complete,Mustang CAT,,Catalytic Combustion,1046326,W0230158-1,1,K.K.Mech,Fuel Oil System,2025-04-25 11:16:36,Ben Reynolds,2025-08-08 12:08:48,Najah Robertson,,,2026-07-31 16:28:52,Najah Robertson,,,2026-08-05 19:12:39,Najah Robertson,,,,,L3 Green Tag,2026-08-05 19:12:39,Najah Robertson,2026-09-09T00:25:35.989077+00:00
42472,9319899,EDCATL11GSR03100,GSR,Mechanical,,,3173,Cx Lvl 3 Complete,Mustang CAT,,Catalytic Combustion,1046326,WO229582-1,1,K.K.Mech,Fuel Oil System,2025-04-25 11:16:36,Ben Reynolds,2025-08-08 12:08:48,Najah Robertson,,,2026-07-31 16:28:52,Najah Robertson,,,2026-08-05 19:16:40,Najah Robertson,,,,,L3 Green Tag,2026-08-05 19:16:40,Najah Robertson,2026-09-09T00:25:35.989077+00:00
42472,9319900,EDCATL11GSR03200,GSR,Mechanical,,,3174,Cx Lvl 3 Complete,Mustang CAT,,Catalytic Combustion,1046326,WO230162-1,1,K.K.Mech,Fuel Oil System,2025-04-25 11:16:36,Ben Reynolds,2025-08-08 12:08:48,Najah Robertson,,,2026-07-31 16:28:52,Najah Robertson,,,2026-08-05 19:19:39,Najah Robertson,,,,,L3 Green Tag,2026-08-05 19:19:39,Najah Robertson,2026-09-09T00:25:35.989077+00:00
42472,9319901,EDCATL11GSR03300,GSR,Mechanical,,,3175,Cx Lvl 3 Complete,Mustang CAT,,Catalytic Combustion,1046326,WO233593-1,1,K.K.Mech,Fuel Oil System,2025-04-25 11:16:36,Ben Reynolds,2025-08-08 12:08:48,Najah Robertson,,,2026-07-31 16:28:52,Najah Robertson,,,2026-08-05 19:22:38,Najah Robertson,,,,,L3 Green Tag,2026-08-05 19:22:38,Najah Robertson,2026-09-09T00:25:35.989077+00:00
42472,9319902,EDCATL11GSR03400,GSR,Mechanical,,,3176,Cx Lvl 3 Complete,Mustang CAT,,Catalytic Combustion,1046326,WO233594-1,1,K.K.Mech,Fuel Oil System,2025-04-25 11:16:36,Ben Reynolds,2025-08-08 12:08:48,Najah Robertson,,,2026-07-31 16:28:52,Najah Robertson,,,2026-08-05 19:26:39,Najah Robertson,,,,,L3 Green Tag,2026-08-05 19:26:39,Najah Robertson,2026-09-09T00:25:35.989077+00:00
42472,9319903,EDCATL11GSR03500,GSR,Mechanical,,,3177,Cx Lvl 3 Complete,Mustang CAT,,Catalytic Combustion,1046326,WO233600-1,1,K.K.Mech,Fuel Oil System,2025-04-25 11:16:36,Ben Reynolds,2025-08-08 12:08:48,Najah Robertson,,,2026-07-31 16:28:52,Najah Robertson,,,2026-08-05 19:27:38,Najah Robertson,,,,,L3 Green Tag,2026-08-05 19:27:38,Najah Robertson,2026-09-09T00:25:35.989077+00:00
42472,11490878,EDCATL11HFREA110,HARMONIC FILTER,,,,3151,Cx Lvl 2 Complete,BCEI,,RITTAL,INDUSTRIAL CONTROL PANEL E255649,88202188 - 20250109,1,FTI,HARMONIC FILTER SYSTEM,2026-02-24 13:14:38,Darshan Lunawat,2026-03-05 15:58:16,Najah Robertson,,,2026-08-26 13:03:01,Najah Robertson,,,,,,,,,L2 Yellow Tag,2026-08-26 13:03:01,Najah Robertson,2026-09-09T00:25:35.989077+00:00
42472,11490879,EDCATL11HFREB110,HARMONIC FILTER,,,,3152,Cx Lvl 2 Complete,BCEI,,RITTAL,INDUSTRIAL CONTROL PANEL E255649,88202188 - 20250110,1,FTI,HARMONIC FILTER SYSTEM,2026-02-24 13:14:38,Darshan Lunawat,2026-03-05 15:57:20,Najah Robertson,,,2026-08-26 13:03:01,Najah Robertson,,,,,,,,,L2 Yellow Tag,2026-08-26 13:03:01,Najah Robertson,2026-09-09T00:25:35.989077+00:00
42472,11490880,EDCATL11HFREC110,HARMONIC FILTER,,,,3153,Cx Lvl 2 Complete,BCEI,,RITTAL,INDUSTRIAL CONTROL PANEL E255649,88202188 - 20250111,1,FTI,HARMONIC FILTER SYSTEM,2026-02-24 13:14:39,Darshan Lunawat,2026-03-05 15:56:17,Najah Robertson,,,2026-08-26 13:03:01,Najah Robertson,,,,,,,,,L2 Yellow Tag,2026-08-26 13:03:01,Najah Robertson,2026-09-09T00:25:35.989077+00:00
42472,11490881,EDCATL11HFRED110,HARMONIC FILTER,,,,3155,Cx Lvl 2 Complete,BCEI,,RITTAL,INDUSTRIAL CONTROL PANEL E255649,88202188 - 20250112,1,FTI,HARMONIC FILTER SYSTEM,2026-02-24 13:14:39,Darshan Lunawat,2026-03-05 15:54:08,Najah Robertson,,,2026-08-26 13:03:01,Najah Robertson,,,,,,,,,L2 Yellow Tag,2026-08-26 13:03:01,Najah Robertson,2026-09-09T00:25:35.989077+00:00
42472,11490882,EDCATL11HFREE110,HARMONIC FILTER,,,,3156,Cx Lvl 2 Complete,BCEI,,RITTAL,INDUSTRIAL CONTROL PANEL E255649,88202188 - 20250113,1,FTI,HARMONIC FILTER SYSTEM,2026-02-24 13:14:39,Darshan Lunawat,2026-03-05 15:54:04,Najah Robertson,,,2026-08-26 13:03:01,Najah Robertson,,,,,,,,,L2 Yellow Tag,2026-08-26 13:03:01,Najah Robertson,2026-09-09T00:25:35.989077+00:00
42472,11490883,EDCATL11HFREF110,HARMONIC FILTER,,,,3157,Cx Lvl 2 Complete,BCEI,,RITTAL,INDUSTRIAL CONTROL PANEL E255649,88202188 - 20250114,1,FTI,HARMONIC FILTER SYSTEM,2026-02-24 13:14:39,Darshan Lunawat,2026-03-05 15:51:58,Najah Robertson,,,2026-08-26 13:03:01,Najah Robertson,,,,,,,,,L2 Yellow Tag,2026-08-26 13:03:01,Najah Robertson,2026-09-09T00:25:35.989077+00:00
42472,11490884,EDCATL11HFREZ110,HARMONIC FILTER,,,,3154,Cx Lvl 2 Complete,BCEI,,RITTAL,INDUSTRIAL CONTROL PANEL E255649,88202188 - 20250115,1,FTI,HARMONIC FILTER SYSTEM,2026-02-24 13:14:39,Darshan Lunawat,2026-03-05 15:55:16,Najah Robertson,,,2026-08-26 13:03:01,Najah Robertson,,,,,,,,,L2 Yellow Tag,2026-08-26 13:03:01,Najah Robertson,2026-09-09T00:25:35.989077+00:00
42472,9319905,EDCATL11HUM0010A,HUM,Mechanical,,,3122,Cx Lvl 2 Complete,KKM,,Condair,RS_20,2473583,1,KKM,,2025-04-25 11:16:36,Ben Reynolds,2026-01-20 21:04:16,Najah Robertson,,,2026-07-31 16:28:03,Najah Robertson,,,,,,,,,L2 Yellow Tag,2026-07-31 16:28:03,Najah Robertson,2026-09-09T00:25:35.989077+00:00
42472,9319907,EDCATL11HUM0020A,HUM,Mechanical,,,3122,Cx Lvl 2 Complete,KKM,,Condair,RS_20,2473582,1,KKM,,2025-04-25 11:16:36,Ben Reynolds,2026-01-20 21:06:45,Najah Robertson,,,2026-07-31 16:28:03,Najah Robertson,,,,,,,,,L2 Yellow Tag,2026-07-31 16:28:03,Najah Robertson,2026-09-09T00:25:35.989077+00:00
42472,9319909,EDCATL11HUM0030A,HUM,Mechanical,,,3122,Cx Lvl 2 Complete,KKM,,Condair,RS_20,2473588,1,KKM,,2025-04-25 11:16:36,Ben Reynolds,2026-01-20 21:08:46,Najah Robertson,,,2026-07-31 16:28:03,Najah Robertson,,,,,,,,,L2 Yellow Tag,2026-07-31 16:28:03,Najah Robertson,2026-09-09T00:25:35.989077+00:00
42472,9319904,EDCATL11HUM00109,HUM,Mechanical,,,3111,Cx Lvl 2 Complete,KKM,,Condair,RSN_20,2473592,1,KKM,,2025-04-25 11:16:36,Ben Reynolds,2026-01-20 20:54:11,Najah Robertson,,,2026-07-31 16:28:03,Najah Robertson,,,,,,,,,L2 Yellow Tag,2026-07-31 16:28:03,Najah Robertson,2026-09-09T00:25:35.989077+00:00
42472,9319906,EDCATL11HUM00209,HUM,Mechanical,,,3111,Cx Lvl 2 Complete,KKM,,Condair,RS_20,2473571,1,KKM,,2025-04-25 11:16:36,Ben Reynolds,2026-01-20 21:01:00,Najah Robertson,,,2026-07-31 16:28:03,Najah Robertson,,,,,,,,,L2 Yellow Tag,2026-07-31 16:28:03,Najah Robertson,2026-09-09T00:25:35.989077+00:00
42472,9319908,EDCATL11HUM00309,HUM,Mechanical,,,3111,Cx Lvl 2 Complete,KKM,,Condair,Condair RS 20,2473584,1,KKM,,2025-04-25 11:16:36,Ben Reynolds,2026-05-05 11:51:58,Najah Robertson,,,2026-07-31 16:28:03,Najah Robertson,,,,,,,,,L2 Yellow Tag,2026-07-31 16:28:03,Najah Robertson,2026-09-09T00:25:35.989077+00:00
42472,9323742,EDCATL11HWP00100,HWP,,,,1026,Cx Lvl 2 Complete,Art Plumbing,,Taco,007e,24135,BH,Art Plumbing,Domestic Water System,2025-04-25 11:17:18,Ben Reynolds,2026-06-03 11:25:27,Najah Robertson,,,2026-07-27 11:32:59,Najah Robertson,,,,,,,,,L2 Yellow Tag,2026-07-27 11:32:59,Najah Robertson,2026-09-09T00:25:35.989077+00:00
42472,9323743,EDCATL11HWP00200,HWP,,,,2025,Cx Lvl 2 Complete,Art Plumbing,,Taco,007e,24135,BH,Art Plumbing,Domestic Water System,2025-04-25 11:17:18,Ben Reynolds,2026-04-13 14:08:40,Najah Robertson,2026-07-27 11:33:10,Najah Robertson,2026-07-27 11:33:14,Najah Robertson,,,,,,,,,L2 Yellow Tag,2026-07-27 11:33:14,Najah Robertson,2026-09-09T00:25:35.989077+00:00
42472,9323744,EDCATL11HWP00300,HWP,,,,3022,Cx Lvl 2 Complete,Art Plumbing,,Taco,007e,23264,BH,Art Plumbing,Domestic Water System,2025-04-25 11:17:18,Ben Reynolds,2026-04-10 13:48:01,Najah Robertson,2026-07-27 11:33:10,Najah Robertson,2026-07-27 11:33:14,Najah Robertson,,,,,,,,,L2 Yellow Tag,2026-07-27 11:33:14,Najah Robertson,2026-09-09T00:25:35.989077+00:00
42472,9319910,EDCATL11LBG00100,LBG,Electrical,,,ROOF,Cx Lvl 3 Complete,Avtron Power Solutions,,Avatron Power Solution,4830/LBNA0000594,9996/10_1CLE,1,FTI,Generator System,2025-04-25 11:16:36,Ben Reynolds,2025-09-03 18:13:08,Ben Reynolds,,,2026-05-22 13:03:58,Najah Robertson,,,2026-09-01 23:17:25,Ben Reynolds,,,,,L3 Green Tag,2026-09-01 23:17:25,Ben Reynolds,2026-09-09T00:25:35.989077+00:00
42472,9940357,EDCATL11MBC-MDP EA,Skids,Electrical,,,3151,Cx Lvl 2 Complete,,,,,,,,LV Switchgear System,2025-08-04 19:12:57,Najah Robertson,2026-03-06 13:02:10,Najah Robertson,,,2026-06-17 18:59:43,Najah Robertson,,,,,,,,,L2 Yellow Tag,2026-06-17 18:59:43,Najah Robertson,2026-09-09T00:25:35.989077+00:00
42472,9940362,EDCATL11MBC-MDP EB,Skids,Electrical,,,3152,Cx Lvl 2 Complete,,,,,,,,LV Switchgear System,2025-08-04 19:12:57,Najah Robertson,2026-03-06 13:02:10,Najah Robertson,,,2026-06-17 18:59:43,Najah Robertson,,,,,,,,,L2 Yellow Tag,2026-06-17 18:59:43,Najah Robertson,2026-09-09T00:25:35.989077+00:00
42472,9940367,EDCATL11MBC-MDP EC,Skids,Electrical,,,3153,Cx Lvl 2 Complete,,,,,,,,LV Switchgear System,2025-08-04 19:12:57,Najah Robertson,2026-03-06 13:02:10,Najah Robertson,,,2026-06-17 18:59:43,Najah Robertson,,,,,,,,,L2 Yellow Tag,2026-06-17 18:59:43,Najah Robertson,2026-09-09T00:25:35.989077+00:00
42472,9940376,EDCATL11MBC-MDP ED,Skids,Electrical,,,3155,Cx Lvl 2 Complete,,,,,,,,LV Switchgear System,2025-08-04 19:12:57,Najah Robertson,2026-03-06 13:02:10,Najah Robertson,,,2026-06-17 18:59:43,Najah Robertson,,,,,,,,,L2 Yellow Tag,2026-06-17 18:59:43,Najah Robertson,2026-09-09T00:25:35.989077+00:00
42472,9940381,EDCATL11MBC-MDP EE,Skids,Electrical,,,3156,Cx Lvl 2 Complete,,,,,,,,LV Switchgear System,2025-08-04 19:12:57,Najah Robertson,2026-03-06 13:02:10,Najah Robertson,,,2026-06-17 18:59:43,Najah Robertson,,,,,,,,,L2 Yellow Tag,2026-06-17 18:59:43,Najah Robertson,2026-09-09T00:25:35.989077+00:00
42472,9940386,EDCATL11MBC-MDP EF,Skids,Electrical,,,3157,Cx Lvl 2 Complete,,,,,,,,LV Switchgear System,2025-08-04 19:12:57,Najah Robertson,2026-03-06 13:02:10,Najah Robertson,,,2026-06-17 18:59:43,Najah Robertson,,,,,,,,,L2 Yellow Tag,2026-06-17 18:59:43,Najah Robertson,2026-09-09T00:25:35.989077+00:00
42472,9940372,EDCATL11MBC-MDP EZ,Skids,Electrical,,,3154,Cx Lvl 2 Complete,,,,,,,,LV Distribution System,2025-08-04 19:12:57,Najah Robertson,2026-03-06 13:02:10,Najah Robertson,,,2026-06-17 18:59:43,Najah Robertson,,,,,,,,,L2 Yellow Tag,2026-06-17 18:59:43,Najah Robertson,2026-09-09T00:25:35.989077+00:00
42472,9319912,EDCATL11MBCEA110,MBC,Electrical,,,3151,Cx Lvl 2 Complete,BCEI,,Anord Mardix,AMX891-25-43-100-30-SQ-1,26297-2,1,FTI,LV Switchgear System,2025-04-25 11:16:36,Ben Reynolds,2026-01-09 14:30:44,Najah Robertson,,,2026-05-27 19:45:49,Najah Robertson,,,,,,,,,L2 Yellow Tag,2026-05-27 19:45:49,Najah Robertson,2026-09-09T00:25:35.989077+00:00
42472,9319913,EDCATL11MBCEB110,MBC,Electrical,,,3152,Cx Lvl 2 Complete,BCEI,,Anord Mardix,AMX891-50-43-65-30-SQ-1,26297-01,1,FTI,LV Switchgear System,2025-04-25 11:16:36,Ben Reynolds,2025-12-09 16:05:12,Najah Robertson,,,2026-05-27 17:02:39,Najah Robertson,,,,,,,,,L2 Yellow Tag,2026-05-27 17:02:39,Najah Robertson,2026-09-09T00:25:35.989077+00:00
42472,9319914,EDCATL11MBCEC110,MBC,Electrical,,,3153,Cx Lvl 2 Complete,BCEI,,Anord Mardix,AMX891-20-43-65-3-SQ-1,26297-03,1,FTI,LV Switchgear System,2025-04-25 11:16:36,Ben Reynolds,2025-12-09 16:05:13,Najah Robertson,,,2026-05-27 16:53:40,Najah Robertson,,,,,,,,,L2 Yellow Tag,2026-05-27 16:53:40,Najah Robertson,2026-09-09T00:25:35.989077+00:00
42472,9319915,EDCATL11MBCED110,MBC,Electrical,,,3155,Cx Lvl 2 Complete,BCEI,Electrical room ED,Anord Mardix,AMX891-25-43-100-30-SQ-1,26297-4,1,FTI,LV Switchgear System,2025-04-25 11:16:36,Ben Reynolds,2025-12-15 17:48:11,Najah Robertson,,,2026-05-27 16:37:39,Najah Robertson,,,,,,,,,L2 Yellow Tag,2026-05-27 16:37:39,Najah Robertson,2026-09-09T00:25:35.989077+00:00
42472,9319916,EDCATL11MBCEE110,MBC,Electrical,,,3156,Cx Lvl 3 Complete,BCEI,Electrical room EE,Anord Mardix,AMX891-25-43-100-30-SQ-1,26297-05,1,FTI,LV Switchgear System,2025-04-25 11:16:36,Ben Reynolds,2025-12-15 17:47:10,Najah Robertson,,,2026-05-27 16:31:40,Najah Robertson,,,2026-07-31 13:19:21,Najah Robertson,,,,,L3 Green Tag,2026-07-31 13:19:21,Najah Robertson,2026-09-09T00:25:35.989077+00:00
42472,9319917,EDCATL11MBCEF110,MBC,Electrical,,,3157,Cx Lvl 3 Complete,BCEI,Electrical room EF,Anord Mardix,AMX891-16-43-65-30-SQ-1,26297-07,1,FTI,LV Switchgear System,2025-04-25 11:16:36,Ben Reynolds,2025-12-09 16:05:13,Najah Robertson,,,2026-06-08 15:29:44,Najah Robertson,,,2026-07-31 12:49:20,Najah Robertson,,,,,L3 Green Tag,2026-07-31 12:49:20,Najah Robertson,2026-09-09T00:25:35.989077+00:00
42472,9319918,EDCATL11MBCEZ110,MBC,Electrical,,,3154,Cx Lvl 2 Complete,BCEI,,Anord Mardix,AMX891-40-43-100-30-SQ1,26297-06,1,FTI,LV Switchgear System,2025-04-25 11:16:36,Ben Reynolds,2025-12-15 17:52:09,Najah Robertson,,,2026-05-27 16:48:38,Najah Robertson,,,,,,,,,L2 Yellow Tag,2026-05-27 16:48:38,Najah Robertson,2026-09-09T00:25:35.989077+00:00
42472,9319919,EDCATL11MDPEA110,MDP,Electrical,,,3151,Cx Lvl 3 Complete,BCEI,,Anord Mardix,AMX891-08-43-65-30-SQ-1,26352-01,1,FTI,LV Distribution Panel,2025-04-25 11:16:36,Ben Reynolds,2026-01-09 14:30:44,Najah Robertson,,,2026-05-27 19:47:50,Najah Robertson,,,2026-07-31 14:12:20,Najah Robertson,,,,,L3 Green Tag,2026-07-31 14:12:20,Najah Robertson,2026-09-09T00:25:35.989077+00:00
42472,9319920,EDCATL11MDPEB110,MDP,Electrical,,,3152,Cx Lvl 2 Complete,BCEI,,Anord Mardix,AMX891-08-43-65-30-SQ-1,26352-06,1,FTI,LV Distribution Panel,2025-04-25 11:16:36,Ben Reynolds,2025-12-09 16:05:12,Najah Robertson,,,2026-05-27 17:00:33,Najah Robertson,,,,,,,,,L2 Yellow Tag,2026-05-27 17:00:33,Najah Robertson,2026-09-09T00:25:35.989077+00:00
42472,9319921,EDCATL11MDPEC110,MDP,Electrical,,,3153,Cx Lvl 3 Complete,BCEI,Electrical room EC,Anord Mardix,AMX891-08-43-65-30-SQ-1,26352-05,1,FTI,LV Distribution Panel,2025-04-25 11:16:36,Ben Reynolds,2026-01-20 16:10:25,Najah Robertson,,,2026-05-27 16:52:41,Najah Robertson,,,2026-07-31 14:01:21,Najah Robertson,,,,,L3 Green Tag,2026-07-31 14:01:21,Najah Robertson,2026-09-09T00:25:35.989077+00:00
42472,9319922,EDCATL11MDPED110,MDP,Electrical,,,3155,Cx Lvl 3 Complete,BCEI,Electrical room  ED,Anord Mardix,AMX891-08-43-65-30-SQ-1,26352-02,1,FTI,LV Distribution Panel,2025-04-25 11:16:36,Ben Reynolds,2025-12-15 17:49:10,Najah Robertson,,,2026-05-27 16:35:41,Najah Robertson,,,2026-07-31 13:48:21,Najah Robertson,,,,,L3 Green Tag,2026-07-31 13:48:21,Najah Robertson,2026-09-09T00:25:35.989077+00:00
42472,9319923,EDCATL11MDPEE110,MDP,Electrical,,,3156,Cx Lvl 3 Complete,BCEI,Electrical room EE,Anord Mardix,AMX891-08-43-65-30-SQ-1,26352-03,1,FTI,LV Distribution Panel,2025-04-25 11:16:36,Ben Reynolds,2025-12-15 17:47:10,Najah Robertson,,,2026-05-27 16:34:39,Najah Robertson,,,2026-07-31 13:21:20,Najah Robertson,,,,,L3 Green Tag,2026-07-31 13:21:20,Najah Robertson,2026-09-09T00:25:35.989077+00:00
42472,9319924,EDCATL11MDPEF110,MDP,Electrical,,,3157,Cx Lvl 3 Complete,BCEI,Electricsl room EF,ANORD MARDIX,AMX891-08-43-65-30-SQ-1,26352-04,1,FTI,LV Distribution Panel,2025-04-25 11:16:36,Ben Reynolds,2025-12-09 16:05:13,Najah Robertson,,,2026-05-27 16:09:38,Najah Robertson,,,2026-07-31 13:00:21,Najah Robertson,,,,,L3 Green Tag,2026-07-31 13:00:21,Najah Robertson,2026-09-09T00:25:35.989077+00:00
42472,9319925,EDCATL11MDPEZ110,MDP,Electrical,,,3154,Cx Lvl 3 Complete,BCEI,Electrical room EZ,Anord Mardix,AMX891-08-43-65-30-SQ-1,26307-01,1,FTI,LV Distribution Panel,2025-04-25 11:16:36,Ben Reynolds,2025-12-15 17:50:15,Najah Robertson,,,2026-05-27 16:20:49,Najah Robertson,,,2026-07-31 13:57:22,Najah Robertson,,,,,L3 Green Tag,2026-07-31 13:57:22,Najah Robertson,2026-09-09T00:25:35.989077+00:00
42472,9940358,EDCATL11MSB EA,Skids,Electrical,,,3151,Cx Lvl 2 Complete,,,,,,,,LV Distribution System,2025-08-04 19:12:57,Najah Robertson,2026-03-06 13:02:10,Najah Robertson,,,2026-06-17 18:59:43,Najah Robertson,,,,,,,,,L2 Yellow Tag,2026-06-17 18:59:43,Najah Robertson,2026-09-09T00:25:35.989077+00:00
42472,9940363,EDCATL11MSB EB,Skids,Electrical,,,3152,Cx Lvl 2 Complete,,,,,,,,LV Distribution System,2025-08-04 19:12:57,Najah Robertson,2026-03-06 13:02:10,Najah Robertson,,,2026-06-17 18:59:43,Najah Robertson,,,,,,,,,L2 Yellow Tag,2026-06-17 18:59:43,Najah Robertson,2026-09-09T00:25:35.989077+00:00
42472,9940368,EDCATL11MSB EC,Skids,Electrical,,,3153,Cx Lvl 2 Complete,,,,,,,,LV Distribution System,2025-08-04 19:12:57,Najah Robertson,2026-03-06 13:02:10,Najah Robertson,,,2026-06-17 18:59:43,Najah Robertson,,,,,,,,,L2 Yellow Tag,2026-06-17 18:59:43,Najah Robertson,2026-09-09T00:25:35.989077+00:00
42472,9940377,EDCATL11MSB ED,Skids,Electrical,,,3155,Cx Lvl 2 Complete,,,,,,,,LV Distribution System,2025-08-04 19:12:57,Najah Robertson,2026-03-06 13:02:10,Najah Robertson,,,2026-06-17 18:59:43,Najah Robertson,,,,,,,,,L2 Yellow Tag,2026-06-17 18:59:43,Najah Robertson,2026-09-09T00:25:35.989077+00:00
42472,9940382,EDCATL11MSB EE,Skids,Electrical,,,3156,Cx Lvl 2 Complete,,,,,,,,LV Distribution System,2025-08-04 19:12:57,Najah Robertson,2026-03-06 13:02:10,Najah Robertson,,,2026-06-17 18:59:43,Najah Robertson,,,,,,,,,L2 Yellow Tag,2026-06-17 18:59:43,Najah Robertson,2026-09-09T00:25:35.989077+00:00
42472,9940387,EDCATL11MSB EF,Skids,Electrical,,,3157,Cx Lvl 2 Complete,,,,,,,,LV Distribution System,2025-08-04 19:12:57,Najah Robertson,2026-03-06 13:02:10,Najah Robertson,,,2026-06-17 18:59:43,Najah Robertson,,,,,,,,,L2 Yellow Tag,2026-06-17 18:59:43,Najah Robertson,2026-09-09T00:25:35.989077+00:00
42472,9940373,EDCATL11MSB EZ,Skids,Electrical,,,3154,Cx Lvl 2 Complete,,,,,,,,LV Distribution System,2025-08-04 19:12:57,Najah Robertson,2026-03-06 13:02:10,Najah Robertson,,,2026-06-17 18:59:43,Najah Robertson,,,,,,,,,L2 Yellow Tag,2026-06-17 18:59:43,Najah Robertson,2026-09-09T00:25:35.989077+00:00
42472,9323583,EDCATL11MSBAH110,MSB,Electrical,,,1061,Cx Lvl 2 Complete,BCEI,,Anord Madrix,AMX891-08-43-165-30-SQ-1,26489-01,AH,FTI,LV Distribution System,2025-04-25 11:17:16,Ben Reynolds,2026-03-06 15:43:17,Najah Robertson,,,2026-06-02 13:53:31,Najah Robertson,,,,,,,,,L2 Yellow Tag,2026-06-02 13:53:31,Najah Robertson,2026-09-09T00:25:35.989077+00:00
42472,9323745,EDCATL11MSBBH110,MSB,Electrical,,,1064,Cx Lvl 2 Complete,BCEI,,Anord Madrix,AMX891-25-43-65-30-SQ-1,26490,BH,FTI,LV Distribution System,2025-04-25 11:17:18,Ben Reynolds,2026-03-06 16:06:59,Najah Robertson,,,2026-06-02 13:36:31,Najah Robertson,,,,,,,,,L2 Yellow Tag,2026-06-02 13:36:31,Najah Robertson,2026-09-09T00:25:35.989077+00:00
42472,9319926,EDCATL11MSBEA110,MSB,Electrical,,,3151,Cx Lvl 3 Complete,Anord-Mardix,Electrical room EA,Anord-Mardix,AMX891-16-43-65-30-SQ-1,26296-01,1,FTI,LV Distribution Panel,2025-04-25 11:16:36,Ben Reynolds,2025-11-18 14:05:02,Nick Eleftheriou,,,2026-07-31 15:11:32,Najah Robertson,,,2026-08-04 14:37:49,Najah Robertson,,,,,L3 Green Tag,2026-08-04 14:37:49,Najah Robertson,2026-09-09T00:25:35.989077+00:00
42472,9319927,EDCATL11MSBEB110,MSB,Electrical,,,3152,Cx Lvl 3 Complete,Anord-Mardix,Electrical room EB,Anord-Mardix,AMX891-40-43-100-30-SQ1,26296-5,1,FTI,LV Distribution Panel,2025-04-25 11:16:36,Ben Reynolds,2025-11-19 17:47:35,Najah Robertson,,,2026-05-27 16:59:25,Najah Robertson,,,2026-08-04 14:39:49,Najah Robertson,,,,,L3 Green Tag,2026-08-04 14:39:49,Najah Robertson,2026-09-09T00:25:35.989077+00:00
42472,9319928,EDCATL11MSBEC110,MSB,Electrical,,,3153,Cx Lvl 3 Complete,BCEI,Electrical room EC,Anord Mardix,AMX891-40-43-100-30-SQ1,26296-06,1,Faith Technology,LV Distribution Panel,2025-04-25 11:16:36,Ben Reynolds,2025-12-04 17:48:55,Najah Robertson,,,2026-05-27 16:50:38,Najah Robertson,,,2026-08-04 14:42:51,Najah Robertson,,,,,L3 Green Tag,2026-08-04 14:42:51,Najah Robertson,2026-09-09T00:25:35.989077+00:00
42472,9319929,EDCATL11MSBED110,MSB,Electrical,,,3155,Cx Lvl 3 Complete,BCEI,Electrical room ED,Anord Mardix,AMX891-20-43-65-3-SQ-1,26296-04,1,FTI,LV Distribution Panel,2025-04-25 11:16:36,Ben Reynolds,2025-12-04 17:48:54,Najah Robertson,,,2026-05-27 16:31:40,Najah Robertson,,,2026-07-31 13:41:21,Najah Robertson,,,,,L3 Green Tag,2026-07-31 13:41:21,Najah Robertson,2026-09-09T00:25:35.989077+00:00
42472,9319930,EDCATL11MSBEE110,MSB,Electrical,,,3156,Cx Lvl 3 Complete,BCEI,Electrical room EE,Anord Mardix,AMX891-20-43-65-3-SQ-1,26296-02,1,FTI,LV Distribution Panel,2025-04-25 11:16:36,Ben Reynolds,2025-12-04 17:48:54,Najah Robertson,,,2026-05-27 16:20:46,Najah Robertson,,,2026-07-31 13:38:21,Najah Robertson,,,,,L3 Green Tag,2026-07-31 13:38:21,Najah Robertson,2026-09-09T00:25:35.989077+00:00
42472,9319931,EDCATL11MSBEF110,MSB,Electrical,,,3157,Cx Lvl 3 Complete,BCEI,Electricsl room EF,Anord Mardix,AMX891-25-43-100-30-SQ-1,26296-07,1,FTI,LV Distribution Panel,2025-04-25 11:16:36,Ben Reynolds,2026-03-06 16:06:58,Najah Robertson,,,2026-05-27 16:00:47,Najah Robertson,,,2026-07-31 13:13:20,Najah Robertson,,,,,L3 Green Tag,2026-07-31 13:13:20,Najah Robertson,2026-09-09T00:25:35.989077+00:00
42472,9319932,EDCATL11MSBEZ110,MSB,Electrical,,,3154,Cx Lvl 3 Complete,BCEI,Electrical room EZ,Anord Mardix,AMX891-25-43-100-30-SQ-1,26296-03,1,FTI,LV Distribution Panel,2025-04-25 11:16:36,Ben Reynolds,2026-01-09 14:30:44,Najah Robertson,,,2026-05-27 16:45:33,Najah Robertson,,,2026-07-31 13:56:21,Najah Robertson,,,,,L3 Green Tag,2026-07-31 13:56:21,Najah Robertson,2026-09-09T00:25:35.989077+00:00
42472,9323584,EDCATL11MUPA0100,MUP,,,,3111,Cx Lvl 2 Complete,Art Plumbing,,JL Wingert Co,GL50-E2-1/ET,1025,AH,Art Plumbing,Chemical Feeder System,2025-04-25 11:17:16,Ben Reynolds,2026-03-05 16:25:53,Najah Robertson,,,2026-07-06 18:19:20,Najah Robertson,,,,,,,,,L2 Yellow Tag,2026-07-06 18:19:20,Najah Robertson,2026-09-09T00:25:35.989077+00:00
42472,9323746,EDCATL11MUPA0200,MUP,,,,3122,Cx Lvl 2 Complete,Art Plumbing,Mech A2,JL WINGERT CO,GL50-E2-1/ET,1025,BH,Art Plumbing,Chemical Feeder System,2025-04-25 11:17:18,Ben Reynolds,2026-03-05 16:21:18,Najah Robertson,,,2026-07-06 18:24:20,Najah Robertson,,,,,,,,,L2 Yellow Tag,2026-07-06 18:24:20,Najah Robertson,2026-09-09T00:25:35.989077+00:00
42472,9323747,EDCATL11MUPB0100,MUP,,,,3131,Cx Lvl 1 Complete,Art Plumbing,,JL WINGERT CO,GL50-E2-1/ET,1025,BH,Art Plumbing,Chemical Feeder System,2025-04-25 11:17:18,Ben Reynolds,2026-03-05 16:18:17,Najah Robertson,,,,,,,,,,,,,L1 Red Tag,2026-03-05 16:18:17,Najah Robertson,2026-09-09T00:25:35.989077+00:00
42472,9323748,EDCATL11MUPB0200,MUP,,,,3142,Cx Lvl 1 Complete,Art Plumbing,,JL Wingert Co,GL50-E2-1/ET,1025,BH,Art Plumbing,Chemical Feeder System,2025-04-25 11:17:18,Ben Reynolds,2026-03-05 16:10:22,Najah Robertson,,,,,,,,,,,,,L1 Red Tag,2026-03-05 16:10:22,Najah Robertson,2026-09-09T00:25:35.989077+00:00
42472,9319933,EDCATL11MVS0A110,MVS,Electrical,,,NORTH EXT,Cx Lvl 2 Complete,SIEMENS,North House,SIEMENS,Typ 3АЕ4477-2BZ90-0ZVi1- Z,CV 589091-000090/001,1,FAITH,MV Switchgear System,2025-04-25 11:16:36,Ben Reynolds,2025-08-07 20:58:49,Ben Reynolds,,,2026-06-01 01:58:55,Najah Robertson,,,,,,,,,L2 Yellow Tag,2026-06-01 01:58:55,Najah Robertson,2026-09-09T00:25:35.989077+00:00
42472,9319935,EDCATL11MVS0B120,MVS,Electrical,,,NORTH EXT,Cx Lvl 2 Complete,SIEMENS,,SIEMENS,3AE4477-2BZ90-0ZV 1- Z,CV 589091-000040/001,1,FAITH,MV Switchgear System,2025-04-25 11:16:36,Ben Reynolds,2025-08-07 20:58:49,Ben Reynolds,,,2026-08-04 18:24:10,Najah Robertson,,,,,,,,,L2 Yellow Tag,2026-08-04 18:24:10,Najah Robertson,2026-09-09T00:25:35.989077+00:00
42472,9319937,EDCATL11PAC00300,PAC,Fire Protection,,,3080,Cx Lvl 2 Complete,ECS,,ENGINEERED CORROSION SOLUTIONS ,AG-11000,2416948,1,IFP,Fire Protection System,2025-04-25 11:16:36,Ben Reynolds,2026-03-05 20:21:25,Najah Robertson,,,2026-08-05 11:12:06,Najah Robertson,,,,,,,,,L2 Yellow Tag,2026-08-05 11:12:06,Najah Robertson,2026-09-09T00:25:35.989077+00:00
42472,9656014,EDCATL11PAS00900,PAS,Electrical,,,3074,Cx Lvl 2 Complete,RELIABLE AUTOMATIC SPRINKLER CO,,Reliable Automatic,DDX TYPE F,000072-1196,,IFP,Fire Protection System,2025-06-18 18:36:59,Najah Robertson,2026-03-06 13:32:05,Najah Robertson,,,2026-08-05 11:12:06,Najah Robertson,,,,,,,,,L2 Yellow Tag,2026-08-05 11:12:06,Najah Robertson,2026-09-09T00:25:35.989077+00:00
42472,9656016,EDCATL11PAS01000,PAS,Electrical,,,3074,Cx Lvl 2 Complete,RELIABLE AUTOMATIC SPRINKLER CO,,Reliable Automatic,DDX TYPE F,000072-1076,,IFP,Fire Protection System,2025-06-18 18:37:54,Najah Robertson,2026-03-06 13:32:06,Najah Robertson,,,2026-08-05 11:12:06,Najah Robertson,,,,,,,,,L2 Yellow Tag,2026-08-05 11:12:06,Najah Robertson,2026-09-09T00:25:35.989077+00:00
42472,9656019,EDCATL11PAS01100,PAS,Electrical,,,3074,Cx Lvl 2 Complete,RELIABLE AUTOMATIC SPRINKLER CO,,Reilaible Automatic,DDX TYPE F,000072-1079,,IFP,Fire Protection System,2025-06-18 18:38:35,Najah Robertson,2026-03-06 13:34:39,Najah Robertson,,,2026-08-05 11:12:06,Najah Robertson,,,,,,,,,L2 Yellow Tag,2026-08-05 11:12:06,Najah Robertson,2026-09-09T00:25:35.989077+00:00
42472,9656022,EDCATL11PAS01200,PAS,Electrical,,,3074,Cx Lvl 2 Complete,Reliable AUTOMATIC SPRINKLER CO,,Reliable Automatic,DDX TYPE F,000072-1078,,IFP,Fire Protection System,2025-06-18 18:39:31,Najah Robertson,2026-03-06 13:36:42,Najah Robertson,,,2026-08-05 11:12:06,Najah Robertson,,,,,,,,,L2 Yellow Tag,2026-08-05 11:12:06,Najah Robertson,2026-09-09T00:25:35.989077+00:00
42472,9974892,EDCATL11PASD0700,PAS,Fire Protection,,,,Cx Lvl 2 Complete,RELIABLE AUTOMATIC SPRINKLER CO,,RELIABLE AUTOMATIC SPRINKLER CO,DDX LP DRY VALVE,000072-1075,,INTERNATIONAL FIRE PROTECTION,Fire Protection System,2025-08-06 17:37:49,Ben Reynolds,2026-03-18 13:40:07,Najah Robertson,,,2026-08-05 11:12:06,Najah Robertson,,,,,,,,,L2 Yellow Tag,2026-08-05 11:12:06,Najah Robertson,2026-09-09T00:25:35.989077+00:00
42472,11622858,EDCATL11PASD0800,PAS,Fire Protection,,,,Cx Lvl 2 Complete,RELIABLE AUTOMATIC SPRINKLER CO,,RELIABLE AUTOMATIC SPRINKLER CO,DDX LP,000072-1197,,INTERNATIONAL FIRE PROTECTION,Fire Protection System,2026-03-11 11:34:36,Najah Robertson,2026-03-18 13:40:07,Najah Robertson,,,2026-08-05 11:12:06,Najah Robertson,,,,,,,,,L2 Yellow Tag,2026-08-05 11:12:06,Najah Robertson,2026-09-09T00:25:35.989077+00:00
42472,9974891,EDCATL11PASW0500,PAS,Fire Protection,,,,Cx Lvl 2 Complete,RELIABLE AUTOMATIC SPRINKLER CO,,RELIABLE AUTOMATIC SPRINKLER CO,Model G,000069-0809,,INTERNATIONAL FIRE PROTECTION,Fire Protection System,2025-08-06 17:37:24,Ben Reynolds,2026-03-18 13:40:07,Najah Robertson,,,2026-08-05 11:12:06,Najah Robertson,,,,,,,,,L2 Yellow Tag,2026-08-05 11:12:06,Najah Robertson,2026-09-09T00:25:35.989077+00:00
42472,11622856,EDCATL11PASW0600,PAS,Fire Protection,,,,Cx Lvl 2 Complete,RELIABLE AUTOMATIC SPRINKLER CO,,RELIABLE AUTOMATIC SPRINKLER CO,Model G,000069-0810,,INTERNATIONAL FIRE PROTECTION,Fire Protection System,2026-03-11 11:32:59,Najah Robertson,2026-03-18 13:40:07,Najah Robertson,,,2026-08-05 11:12:06,Najah Robertson,,,,,,,,,L2 Yellow Tag,2026-08-05 11:12:06,Najah Robertson,2026-09-09T00:25:35.989077+00:00
42472,10507537,EDCATL11PCT00301,PCT,Mechanical,,,EXT EAST,Cx Lvl 2 Complete,UST Fuel,,OPW,211-RMOT,N/a,,KKM,Fuel Oil System,2025-10-09 16:58:57,Najah Robertson,2026-03-04 20:19:17,Najah Robertson,,,2026-08-24 13:36:56,Jacob Siler,,,,,,,,,L2 Yellow Tag,2026-08-24 13:36:56,Jacob Siler,2026-09-09T00:25:35.989077+00:00
42472,10507538,EDCATL11PCT00302,PCT,Mechanical,,,EXT EAST,Cx Lvl 3 Complete,UST Fuel,,OPW,211-RMOT,N/a,,KKM,Fuel Oil System,2025-10-09 16:59:41,Najah Robertson,2026-03-04 20:51:48,Najah Robertson,,,2026-07-27 11:23:50,Najah Robertson,,,2026-07-31 12:36:28,Eric Harrison,,,,,L3 Green Tag,2026-07-31 12:36:28,Eric Harrison,2026-09-09T00:25:35.989077+00:00
42472,10507535,EDCATL11PCT00303,PCT,Mechanical,,,EXT EAST,Cx Lvl 3 Complete,UST Fuel,,OPW,211-RMOT,N/a,,KKM,Fuel Oil System,2025-10-09 16:57:14,Najah Robertson,2026-03-04 20:51:48,Najah Robertson,,,2026-07-27 11:23:50,Najah Robertson,,,2026-07-31 12:36:28,Eric Harrison,,,,,L3 Green Tag,2026-07-31 12:36:28,Eric Harrison,2026-09-09T00:25:35.989077+00:00
42472,10507536,EDCATL11PCT00304,PCT,Mechanical,,,EXT EAST,Cx Lvl 3 Complete,UST Fuel,,OPW,211-RMOT,N.a,,KKM,Fuel Oil System,2025-10-09 16:58:13,Najah Robertson,2026-03-04 20:51:48,Najah Robertson,,,2026-07-27 11:23:50,Najah Robertson,,,2026-07-31 12:36:28,Eric Harrison,,,,,L3 Green Tag,2026-07-31 12:36:28,Eric Harrison,2026-09-09T00:25:35.989077+00:00
42472,10507539,EDCATL11PCT00305,PCT,Mechanical,,,EXT EAST,Cx Lvl 3 Complete,UST Fuel,,OPW,211-RMOT,N.A,,KKM,Fuel Oil System,2025-10-09 17:01:00,Najah Robertson,2026-03-04 20:52:37,Najah Robertson,,,2026-07-27 11:23:50,Najah Robertson,,,2026-07-31 12:36:28,Eric Harrison,,,,,L3 Green Tag,2026-07-31 12:36:28,Eric Harrison,2026-09-09T00:25:35.989077+00:00
42472,10507649,EDCATL11PCT00306,PCT,Mechanical,,,EXT EAST,Cx Lvl 3 Complete,UST Fuel,,OPW,211-RMOT,N.A,,KKM,Fuel Oil System,2025-10-09 17:02:44,Najah Robertson,2026-03-04 20:52:41,Najah Robertson,,,2026-07-27 11:23:50,Najah Robertson,,,2026-07-31 12:36:28,Eric Harrison,,,,,L3 Green Tag,2026-07-31 12:36:28,Eric Harrison,2026-09-09T00:25:35.989077+00:00
42472,9940335,EDCATL11PDU-ATS-ATS-PDU EA,Skids,Electrical,,,3121,Cx Lvl 2 Complete,,,,,,,,LV Distribution System,2025-08-04 19:12:56,Najah Robertson,2026-03-06 13:02:10,Najah Robertson,,,2026-06-17 19:00:54,Najah Robertson,,,,,,,,,L2 Yellow Tag,2026-06-17 19:00:54,Najah Robertson,2026-09-09T00:25:35.989077+00:00
42472,9940339,EDCATL11PDU-ATS-ATS-PDU EB,Skids,Electrical,,,3121,Cx Lvl 2 Complete,,,,,,,,LV Distribution System,2025-08-04 19:12:56,Najah Robertson,2026-03-06 13:02:10,Najah Robertson,,,2026-06-17 19:00:54,Najah Robertson,,,,,,,,,L2 Yellow Tag,2026-06-17 19:00:54,Najah Robertson,2026-09-09T00:25:35.989077+00:00
42472,9940343,EDCATL11PDU-ATS-ATS-PDU EC,Skids,Electrical,,,3121,Cx Lvl 2 Complete,,,,,,,,LV Distribution System,2025-08-04 19:12:56,Najah Robertson,2026-03-06 13:02:10,Najah Robertson,,,2026-06-17 19:00:54,Najah Robertson,,,,,,,,,L2 Yellow Tag,2026-06-17 19:00:54,Najah Robertson,2026-09-09T00:25:35.989077+00:00
42472,9940347,EDCATL11PDU-ATS-ATS-PDU ED,Skids,Electrical,,,3121,Cx Lvl 2 Complete,,,,,,,,LV Distribution System,2025-08-04 19:12:57,Najah Robertson,2026-03-06 13:02:10,Najah Robertson,,,2026-06-17 19:00:54,Najah Robertson,,,,,,,,,L2 Yellow Tag,2026-06-17 19:00:54,Najah Robertson,2026-09-09T00:25:35.989077+00:00
42472,9940351,EDCATL11PDU-ATS-ATS-PDU EE,Skids,Electrical,,,3121,Cx Lvl 2 Complete,,,,,,,,LV Distribution System,2025-08-04 19:12:57,Najah Robertson,2026-03-06 13:02:10,Najah Robertson,,,2026-06-17 19:00:54,Najah Robertson,,,,,,,,,L2 Yellow Tag,2026-06-17 19:00:54,Najah Robertson,2026-09-09T00:25:35.989077+00:00
42472,9940355,EDCATL11PDU-ATS-ATS-PDU EF,Skids,Electrical,,,3121,Cx Lvl 2 Complete,,,,,,,,LV Distribution System,2025-08-04 19:12:57,Najah Robertson,2026-03-06 13:02:10,Najah Robertson,,,2026-06-17 19:00:54,Najah Robertson,,,,,,,,,L2 Yellow Tag,2026-06-17 19:00:54,Najah Robertson,2026-09-09T00:25:35.989077+00:00
42472,9940334,EDCATL11PDU-ATS-UDP-ATS-PDU EA,Skids,Electrical,,,3112,Cx Lvl 2 Complete,,,,,,,,LV Distribution System,2025-08-04 19:12:56,Najah Robertson,2026-03-06 13:02:10,Najah Robertson,,,2026-06-17 19:00:54,Najah Robertson,,,,,,,,,L2 Yellow Tag,2026-06-17 19:00:54,Najah Robertson,2026-09-09T00:25:35.989077+00:00
42472,9940338,EDCATL11PDU-ATS-UDP-ATS-PDU EB,Skids,Electrical,,,3112,Cx Lvl 2 Complete,,,,,,,,LV Distribution System,2025-08-04 19:12:56,Najah Robertson,2026-03-06 13:02:10,Najah Robertson,,,2026-06-17 19:00:54,Najah Robertson,,,,,,,,,L2 Yellow Tag,2026-06-17 19:00:54,Najah Robertson,2026-09-09T00:25:35.989077+00:00
42472,9940342,EDCATL11PDU-ATS-UDP-ATS-PDU EC,Skids,Electrical,,,3112,Cx Lvl 2 Complete,,,,,,,,LV Distribution System,2025-08-04 19:12:56,Najah Robertson,2026-03-06 13:02:10,Najah Robertson,,,2026-06-17 19:00:54,Najah Robertson,,,,,,,,,L2 Yellow Tag,2026-06-17 19:00:54,Najah Robertson,2026-09-09T00:25:35.989077+00:00
42472,9940346,EDCATL11PDU-ATS-UDP-ATS-PDU ED,Skids,Electrical,,,3112,Cx Lvl 2 Complete,,,,,,,,LV Distribution System,2025-08-04 19:12:57,Najah Robertson,2026-03-06 13:02:10,Najah Robertson,,,2026-06-17 19:00:54,Najah Robertson,,,,,,,,,L2 Yellow Tag,2026-06-17 19:00:54,Najah Robertson,2026-09-09T00:25:35.989077+00:00
42472,9940350,EDCATL11PDU-ATS-UDP-ATS-PDU EE,Skids,Electrical,,,3112,Cx Lvl 2 Complete,,,,,,,,LV Distribution System,2025-08-04 19:12:57,Najah Robertson,2026-03-06 13:02:10,Najah Robertson,,,2026-06-17 19:00:54,Najah Robertson,,,,,,,,,L2 Yellow Tag,2026-06-17 19:00:54,Najah Robertson,2026-09-09T00:25:35.989077+00:00
42472,9940354,EDCATL11PDU-ATS-UDP-ATS-PDU EF,Skids,Electrical,,,3112,Cx Lvl 2 Complete,,,,,,,,LV Distribution System,2025-08-04 19:12:57,Najah Robertson,2026-03-06 13:02:10,Najah Robertson,,,2026-06-17 19:00:54,Najah Robertson,,,,,,,,,L2 Yellow Tag,2026-06-17 19:00:54,Najah Robertson,2026-09-09T00:25:35.989077+00:00
42472,9940333,EDCATL11PDU-UDP-PDU EA1,Skids,Electrical,,,3112,Cx Lvl 2 Complete,,,,,,,,LV Distribution System,2025-08-04 19:12:56,Najah Robertson,2026-03-06 13:02:10,Najah Robertson,,,2026-06-17 19:00:54,Najah Robertson,,,,,,,,,L2 Yellow Tag,2026-06-17 19:00:54,Najah Robertson,2026-09-09T00:25:35.989077+00:00
42472,9940336,EDCATL11PDU-UDP-PDU EA2,Skids,Electrical,,,3121,Cx Lvl 2 Complete,,,,,,,,LV Distribution System,2025-08-04 19:12:56,Najah Robertson,2026-03-06 13:02:10,Najah Robertson,,,2026-06-17 19:00:54,Najah Robertson,,,,,,,,,L2 Yellow Tag,2026-06-17 19:00:54,Najah Robertson,2026-09-09T00:25:35.989077+00:00
42472,9940337,EDCATL11PDU-UDP-PDU EB1,Skids,Electrical,,,3112,Cx Lvl 2 Complete,,,,,,,,LV Distribution System,2025-08-04 19:12:56,Najah Robertson,2026-03-06 13:02:10,Najah Robertson,,,2026-06-17 19:00:54,Najah Robertson,,,,,,,,,L2 Yellow Tag,2026-06-17 19:00:54,Najah Robertson,2026-09-09T00:25:35.989077+00:00
42472,9940340,EDCATL11PDU-UDP-PDU EB2,Skids,Electrical,,,3121,Cx Lvl 2 Complete,,,,,,,,LV Distribution System,2025-08-04 19:12:56,Najah Robertson,2026-03-06 13:02:10,Najah Robertson,,,2026-06-17 19:00:54,Najah Robertson,,,,,,,,,L2 Yellow Tag,2026-06-17 19:00:54,Najah Robertson,2026-09-09T00:25:35.989077+00:00
42472,9940341,EDCATL11PDU-UDP-PDU EC1,Skids,Electrical,,,3112,Cx Lvl 2 Complete,,,,,,,,LV Distribution System,2025-08-04 19:12:56,Najah Robertson,2026-03-06 13:02:10,Najah Robertson,,,2026-06-17 19:00:54,Najah Robertson,,,,,,,,,L2 Yellow Tag,2026-06-17 19:00:54,Najah Robertson,2026-09-09T00:25:35.989077+00:00
42472,9940344,EDCATL11PDU-UDP-PDU EC2,Skids,Electrical,,,3121,Cx Lvl 2 Complete,,,,,,,,LV Distribution System,2025-08-04 19:12:57,Najah Robertson,2026-03-06 13:02:10,Najah Robertson,,,2026-06-17 19:00:54,Najah Robertson,,,,,,,,,L2 Yellow Tag,2026-06-17 19:00:54,Najah Robertson,2026-09-09T00:25:35.989077+00:00
42472,9940345,EDCATL11PDU-UDP-PDU ED1,Skids,Electrical,,,3112,Cx Lvl 2 Complete,,,,,,,,LV Distribution System,2025-08-04 19:12:57,Najah Robertson,2026-03-06 13:02:10,Najah Robertson,,,2026-06-17 19:00:54,Najah Robertson,,,,,,,,,L2 Yellow Tag,2026-06-17 19:00:54,Najah Robertson,2026-09-09T00:25:35.989077+00:00
42472,9940348,EDCATL11PDU-UDP-PDU ED2,Skids,Electrical,,,3121,Cx Lvl 2 Complete,,,,,,,,LV Distribution System,2025-08-04 19:12:57,Najah Robertson,2026-03-06 13:02:10,Najah Robertson,,,2026-06-17 19:00:54,Najah Robertson,,,,,,,,,L2 Yellow Tag,2026-06-17 19:00:54,Najah Robertson,2026-09-09T00:25:35.989077+00:00
42472,9940349,EDCATL11PDU-UDP-PDU EE1,Skids,Electrical,,,3112,Cx Lvl 2 Complete,,,,,,,,LV Distribution System,2025-08-04 19:12:57,Najah Robertson,2026-03-06 13:02:10,Najah Robertson,,,2026-06-17 19:00:54,Najah Robertson,,,,,,,,,L2 Yellow Tag,2026-06-17 19:00:54,Najah Robertson,2026-09-09T00:25:35.989077+00:00
42472,9940352,EDCATL11PDU-UDP-PDU EE2,Skids,Electrical,,,3121,Cx Lvl 2 Complete,,,,,,,,LV Switchgear System,2025-08-04 19:12:57,Najah Robertson,2026-03-06 13:02:10,Najah Robertson,,,2026-06-17 19:00:54,Najah Robertson,,,,,,,,,L2 Yellow Tag,2026-06-17 19:00:54,Najah Robertson,2026-09-09T00:25:35.989077+00:00
42472,9940353,EDCATL11PDU-UDP-PDU EF1,Skids,Electrical,,,3112,Cx Lvl 2 Complete,,,,,,,,LV Distribution System,2025-08-04 19:12:57,Najah Robertson,2026-03-06 13:02:10,Najah Robertson,,,2026-06-17 19:00:54,Najah Robertson,,,,,,,,,L2 Yellow Tag,2026-06-17 19:00:54,Najah Robertson,2026-09-09T00:25:35.989077+00:00
42472,9940356,EDCATL11PDU-UDP-PDU EF2,Skids,Electrical,,,3121,Cx Lvl 2 Complete,,,,,,,,LV Distribution System,2025-08-04 19:12:57,Najah Robertson,2026-03-06 13:02:10,Najah Robertson,,,2026-06-17 19:00:54,Najah Robertson,,,,,,,,,L2 Yellow Tag,2026-06-17 19:00:54,Najah Robertson,2026-09-09T00:25:35.989077+00:00
42472,9319942,EDCATL11PDUEA110,PDU,Electrical,,,3112,Cx Lvl 2 Complete,BCEI,,Vertiv,PFA50EE211KE3313NN2NNS000,M25J004539,1,FTI,LV Distribution System,2025-04-25 11:16:36,Ben Reynolds,2026-01-06 13:58:49,Najah Robertson,,,2026-06-08 19:39:39,Najah Robertson,,,,,,,,,L2 Yellow Tag,2026-06-08 19:39:39,Najah Robertson,2026-09-09T00:25:35.989077+00:00
42472,9319943,EDCATL11PDUEA210,PDU,Electrical,,,3112,Cx Lvl 2 Complete,Bcei,,Vertiv,PFA50EE221KE3313NN2NNSTM1,M25G001902,1,Fti,LV Distribution System,2025-04-25 11:16:36,Ben Reynolds,2026-01-13 16:33:05,Najah Robertson,,,2026-06-08 19:40:39,Najah Robertson,,,,,,,,,L2 Yellow Tag,2026-06-08 19:40:39,Najah Robertson,2026-09-09T00:25:35.989077+00:00
42472,9319944,EDCATL11PDUEA310,PDU,Electrical,,,3112,Cx Lvl 2 Complete,BCEI,,Vertiv,PFA50EE221KE3313NN2NNSTM1,M25G001908,1,FTI,LV Distribution System,2025-04-25 11:16:36,Ben Reynolds,2026-01-06 13:58:49,Najah Robertson,,,2026-06-08 19:36:40,Najah Robertson,,,,,,,,,L2 Yellow Tag,2026-06-08 19:36:40,Najah Robertson,2026-09-09T00:25:35.989077+00:00
42472,9319945,EDCATL11PDUEA420,PDU,Electrical,,,3112,Cx Lvl 2 Complete,Bcei,,Vertiv,PFA50EE211KE3313NN2NNS000,M25J004537,1,Fti,LV Distribution System,2025-04-25 11:16:36,Ben Reynolds,2026-01-13 16:33:13,Najah Robertson,,,2026-06-08 19:37:39,Najah Robertson,,,,,,,,,L2 Yellow Tag,2026-06-08 19:37:39,Najah Robertson,2026-09-09T00:25:35.989077+00:00
42472,9319946,EDCATL11PDUEA520,PDU,Electrical,,,3121,Cx Lvl 2 Complete,BCEI,,Vertiv,PFA50EE221KE3313NN2NNSTM1,M25G001954,1,FTI,LV Distribution System,2025-04-25 11:16:36,Ben Reynolds,2026-01-13 16:33:26,Najah Robertson,,,2026-06-09 19:08:40,Najah Robertson,,,,,,,,,L2 Yellow Tag,2026-06-09 19:08:40,Najah Robertson,2026-09-09T00:25:35.989077+00:00
42472,9319947,EDCATL11PDUEA630,PDU,Electrical,,,3121,Cx Lvl 2 Complete,BCEI,,Vertiv,PFA50EE211KE3313NN2NNS000,M25J000546,1,Fti,LV Distribution System,2025-04-25 11:16:36,Ben Reynolds,2025-11-17 20:50:53,Najah Robertson,,,2026-06-09 19:07:39,Najah Robertson,,,,,,,,,L2 Yellow Tag,2026-06-09 19:07:39,Najah Robertson,2026-09-09T00:25:35.989077+00:00
42472,9319948,EDCATL11PDUEA720,PDU,Electrical,,,3121,Cx Lvl 2 Complete,BCEI,,Vertiv,PFA50EE211KE3313NN2NNS000,M25J004732,1,FTI,LV Distribution System,2025-04-25 11:16:36,Ben Reynolds,2026-01-07 20:33:41,Najah Robertson,,,2026-06-09 19:06:39,Najah Robertson,,,,,,,,,L2 Yellow Tag,2026-06-09 19:06:39,Najah Robertson,2026-09-09T00:25:35.989077+00:00
42472,9319949,EDCATL11PDUEA840,PDU,Electrical,,,3121,Cx Lvl 2 Complete,BCEI,,Vertiv,PFA50EE221KE3313NN2NNSTM1,M25G001905,1,Fti,LV Distribution System,2025-04-25 11:16:36,Ben Reynolds,2025-11-17 20:50:53,Najah Robertson,,,2026-06-09 19:04:39,Najah Robertson,,,,,,,,,L2 Yellow Tag,2026-06-09 19:04:39,Najah Robertson,2026-09-09T00:25:35.989077+00:00
42472,9319950,EDCATL11PDUEB110,PDU,Electrical,,,3112,Cx Lvl 2 Complete,BCEI,,Vertiv,PFA50EE211KE3313NN2N,M25J009258,1,FTI,LV Distribution System,2025-04-25 11:16:36,Ben Reynolds,2026-01-06 13:58:49,Najah Robertson,,,2026-06-08 19:29:39,Najah Robertson,,,,,,,,,L2 Yellow Tag,2026-06-08 19:29:39,Najah Robertson,2026-09-09T00:25:35.989077+00:00
42472,9319951,EDCATL11PDUEB210,PDU,Electrical,,,3112,Cx Lvl 2 Complete,Bcei,,Vertiv,PFA50EE221KE3313NN2NNSTM1,M25G001906,1,Fti,LV Distribution System,2025-04-25 11:16:36,Ben Reynolds,2026-01-13 16:33:55,Najah Robertson,,,2026-06-08 19:30:39,Najah Robertson,,,,,,,,,L2 Yellow Tag,2026-06-08 19:30:39,Najah Robertson,2026-09-09T00:25:35.989077+00:00
42472,9319952,EDCATL11PDUEB310,PDU,Electrical,,,3112,Cx Lvl 2 Complete,BCEI,,Vertiv,PFA50EE221KE3313NN2NNSTM1,M25G001951,1,FTI,LV Distribution System,2025-04-25 11:16:36,Ben Reynolds,2026-01-06 13:58:49,Najah Robertson,,,2026-06-08 19:28:39,Najah Robertson,,,,,,,,,L2 Yellow Tag,2026-06-08 19:28:39,Najah Robertson,2026-09-09T00:25:35.989077+00:00
42472,9319953,EDCATL11PDUEB420,PDU,Electrical,,,3112,Cx Lvl 2 Complete,Bcei,,Vertiv,PFA50EE211KE3313NN2NNS000,M25J010053,1,Fti,LV Distribution System,2025-04-25 11:16:36,Ben Reynolds,2026-01-13 16:34:02,Najah Robertson,,,2026-06-08 19:27:40,Najah Robertson,,,,,,,,,L2 Yellow Tag,2026-06-08 19:27:40,Najah Robertson,2026-09-09T00:25:35.989077+00:00
42472,9319954,EDCATL11PDUEB520,PDU,Electrical,,,3121,Cx Lvl 2 Complete,BCEI,,Vertiv,PFA50EE221KE3313NN2NNSTM1,M25G001903,1,FTI,LV Distribution System,2025-04-25 11:16:36,Ben Reynolds,2026-01-13 16:34:13,Najah Robertson,,,2026-06-09 18:59:39,Najah Robertson,,,,,,,,,L2 Yellow Tag,2026-06-09 18:59:39,Najah Robertson,2026-09-09T00:25:35.989077+00:00
42472,9319955,EDCATL11PDUEB630,PDU,Electrical,,,3121,Cx Lvl 2 Complete,BCEI,,Vertiv,PFA50EE211KE3313NN2NNS000,M25J000494,1,Fti,LV Distribution System,2025-04-25 11:16:36,Ben Reynolds,2026-01-13 16:35:07,Najah Robertson,,,2026-06-09 18:58:40,Najah Robertson,,,,,,,,,L2 Yellow Tag,2026-06-09 18:58:40,Najah Robertson,2026-09-09T00:25:35.989077+00:00
42472,9319956,EDCATL11PDUEB720,PDU,Electrical,,,3121,Cx Lvl 2 Complete,BCEI,,VERTIV,PFA50EE211KE3313NN2NNS000,M25J009253,1,FTI,LV Distribution System,2025-04-25 11:16:36,Ben Reynolds,2026-01-07 20:33:40,Najah Robertson,,,2026-06-09 18:54:42,Najah Robertson,,,,,,,,,L2 Yellow Tag,2026-06-09 18:54:42,Najah Robertson,2026-09-09T00:25:35.989077+00:00
42472,9319957,EDCATL11PDUEB840,PDU,Electrical,,,3121,Cx Lvl 2 Complete,BCEI,,Vertiv,PFA50EE221KE3313NN2NNSTM1,M25G001907,1,Fti,LV Distribution System,2025-04-25 11:16:36,Ben Reynolds,2025-11-17 20:50:53,Najah Robertson,,,2026-06-09 18:52:39,Najah Robertson,,,,,,,,,L2 Yellow Tag,2026-06-09 18:52:39,Najah Robertson,2026-09-09T00:25:35.989077+00:00
42472,9319958,EDCATL11PDUEC110,PDU,Electrical,,,3112,Cx Lvl 2 Complete,BCEI,,Vertiv,PFA50EE211KE3313NN2N,M25J009255,1,FTI,LV Distribution System,2025-04-25 11:16:36,Ben Reynolds,2026-01-06 13:58:48,Najah Robertson,,,2026-06-08 19:20:40,Najah Robertson,,,,,,,,,L2 Yellow Tag,2026-06-08 19:20:40,Najah Robertson,2026-09-09T00:25:35.989077+00:00
42472,9319959,EDCATL11PDUEC210,PDU,Electrical,,,3112,Cx Lvl 2 Complete,Bcei,,Vertiv,PFA50EE221KE3313NN2NNSTM1,M25G001953,1,Fti,LV Distribution System,2025-04-25 11:16:36,Ben Reynolds,2026-01-13 16:36:29,Najah Robertson,,,2026-06-08 19:22:39,Najah Robertson,,,,,,,,,L2 Yellow Tag,2026-06-08 19:22:39,Najah Robertson,2026-09-09T00:25:35.989077+00:00
42472,9319960,EDCATL11PDUEC310,PDU,Electrical,,,3112,Cx Lvl 2 Complete,BCEI,,Vertiv,PFA50EE221KE3313NN2NNSTM1,M25G001910,1,FTI,LV Distribution System,2025-04-25 11:16:36,Ben Reynolds,2026-01-06 13:58:48,Najah Robertson,,,2026-06-08 19:13:39,Najah Robertson,,,,,,,,,L2 Yellow Tag,2026-06-08 19:13:39,Najah Robertson,2026-09-09T00:25:35.989077+00:00
42472,9319961,EDCATL11PDUEC420,PDU,Electrical,,,3112,Cx Lvl 2 Complete,Bcei,,Vertiv,PFA50EE211KE3313NN2NNS000,M25J009252,1,Fti,LV Distribution System,2025-04-25 11:16:36,Ben Reynolds,2026-01-13 16:36:37,Najah Robertson,,,2026-06-08 19:13:39,Najah Robertson,,,,,,,,,L2 Yellow Tag,2026-06-08 19:13:39,Najah Robertson,2026-09-09T00:25:35.989077+00:00
42472,9319962,EDCATL11PDUEC520,PDU,Electrical,,,3121,Cx Lvl 2 Complete,BCEI,,Vertiv,PFA50EE221KE3313NN2NNSTM1,M25G001952,1,FTI,LV Distribution System,2025-04-25 11:16:36,Ben Reynolds,2026-06-18 13:50:46,Najah Robertson,,,2026-09-01 15:46:10,Najah Robertson,,,,,,,,,L2 Yellow Tag,2026-09-01 15:46:10,Najah Robertson,2026-09-09T00:25:35.989077+00:00
42472,9319963,EDCATL11PDUEC630,PDU,Electrical,,,3121,Cx Lvl 2 Complete,BCEI,,Vertiv,PFA50EE211KE3313NN2NNS000,M25J000495,1,Fti,LV Distribution System,2025-04-25 11:16:36,Ben Reynolds,2026-06-18 13:50:46,Najah Robertson,,,2026-09-01 15:46:10,Najah Robertson,,,,,,,,,L2 Yellow Tag,2026-09-01 15:46:10,Najah Robertson,2026-09-09T00:25:35.989077+00:00
42472,9319964,EDCATL11PDUEC720,PDU,Electrical,,,3121,Cx Lvl 2 Complete,BCEI,,Vertiv,PFA50EE211KE3313NN2NNS000,M25J009260,1,FTI,LV Distribution System,2025-04-25 11:16:36,Ben Reynolds,2026-01-07 20:33:40,Najah Robertson,,,2026-06-09 18:41:39,Najah Robertson,,,,,,,,,L2 Yellow Tag,2026-06-09 18:41:39,Najah Robertson,2026-09-09T00:25:35.989077+00:00
42472,9319965,EDCATL11PDUEC840,PDU,Electrical,,,3121,Cx Lvl 2 Complete,BCEI,,Vertiv,PFA50EE221KE3313NN2NNSTM1,M25G001904,1,Fti,LV Distribution System,2025-04-25 11:16:36,Ben Reynolds,2025-11-17 20:50:53,Najah Robertson,,,2026-06-09 18:40:39,Najah Robertson,,,,,,,,,L2 Yellow Tag,2026-06-09 18:40:39,Najah Robertson,2026-09-09T00:25:35.989077+00:00
42472,9319966,EDCATL11PDUED110,PDU,Electrical,,,3112,Cx Lvl 2 Complete,BCEI,,Vertiv,PFA50EE211KE3313NN2NNS000,M25J010052,1,FTI,LV Distribution System,2025-04-25 11:16:36,Ben Reynolds,2026-01-06 13:58:48,Najah Robertson,,,2026-06-08 19:11:39,Najah Robertson,,,,,,,,,L2 Yellow Tag,2026-06-08 19:11:39,Najah Robertson,2026-09-09T00:25:35.989077+00:00
42472,9319967,EDCATL11PDUED210,PDU,Electrical,,,3112,Cx Lvl 2 Complete,BCEI,,Vertiv,PFA50EE221KE3313NN2NNSTM1,M25G001909,1,FTI,LV Distribution System,2025-04-25 11:16:36,Ben Reynolds,2025-11-17 20:50:53,Najah Robertson,,,2026-06-08 19:10:40,Najah Robertson,,,,,,,,,L2 Yellow Tag,2026-06-08 19:10:40,Najah Robertson,2026-09-09T00:25:35.989077+00:00
42472,9319968,EDCATL11PDUED310,PDU,Electrical,,,3112,Cx Lvl 2 Complete,BCEI,,VERTIV,PFA50EE221KE3313NN2NNSTM1,M25G001958,1,FTI,LV Distribution System,2025-04-25 11:16:36,Ben Reynolds,2026-01-06 13:58:48,Najah Robertson,,,2026-06-08 19:03:40,Najah Robertson,,,,,,,,,L2 Yellow Tag,2026-06-08 19:03:40,Najah Robertson,2026-09-09T00:25:35.989077+00:00
42472,9319969,EDCATL11PDUED420,PDU,Electrical,,,3112,Cx Lvl 2 Complete,BCEI,,Vertiv,PFA50EE211KE3313NN2NNS000,M25J000544,1,FTI,LV Distribution System,2025-04-25 11:16:36,Ben Reynolds,2025-11-17 20:50:53,Najah Robertson,,,2026-06-08 18:50:39,Najah Robertson,,,,,,,,,L2 Yellow Tag,2026-06-08 18:50:39,Najah Robertson,2026-09-09T00:25:35.989077+00:00
42472,9319970,EDCATL11PDUED520,PDU,Electrical,,,3121,Cx Lvl 2 Complete,Bcei,,VERTIV,PFA50EE221KE3313NN2NNSTM1,M25G001963,1,Fti,LV Distribution System,2025-04-25 11:16:36,Ben Reynolds,2026-06-18 13:50:46,Najah Robertson,,,2026-09-01 15:46:10,Najah Robertson,,,,,,,,,L2 Yellow Tag,2026-09-01 15:46:10,Najah Robertson,2026-09-09T00:25:35.989077+00:00
42472,9319971,EDCATL11PDUED630,PDU,Electrical,,,3121,Cx Lvl 2 Complete,BCEI,,Vertiv,PFA50EE211KE3313NN2NNS000,M25J009212,1,FTI,LV Distribution System,2025-11-05 20:11:48,Ronald Thomas,2026-06-18 13:50:46,Najah Robertson,,,2026-09-01 15:46:10,Najah Robertson,,,,,,,,,L2 Yellow Tag,2026-09-01 15:46:10,Najah Robertson,2026-09-09T00:25:35.989077+00:00
42472,9319972,EDCATL11PDUED720,PDU,Electrical,,,3121,Cx Lvl 2 Complete,Bcei,,Vertiv,PFA50EE211KE3313NN2NNS000,M25K004958,1,Fti,LV Distribution System,2025-04-25 11:16:36,Ben Reynolds,2026-01-07 20:33:40,Najah Robertson,,,2026-06-09 18:26:39,Najah Robertson,,,,,,,,,L2 Yellow Tag,2026-06-09 18:26:39,Najah Robertson,2026-09-09T00:25:35.989077+00:00
42472,9319973,EDCATL11PDUED840,PDU,Electrical,,,3121,Cx Lvl 2 Complete,BCEI,,VERTIV,PFA50EE221KE3313NN2NNSTM1,M25G001957,1,FTI,LV Distribution System,2025-11-05 20:11:48,Ronald Thomas,2026-01-13 16:37:41,Najah Robertson,,,2026-06-09 18:19:39,Najah Robertson,,,,,,,,,L2 Yellow Tag,2026-06-09 18:19:39,Najah Robertson,2026-09-09T00:25:35.989077+00:00
42472,9319974,EDCATL11PDUEE110,PDU,Electrical,,,3112,Cx Lvl 2 Complete,Bcei,,Vertiv,PFA50EE211KE3313NN2NNS000,M25K004955,1,Fti,LV Distribution System,2025-04-25 11:16:36,Ben Reynolds,2026-03-31 20:27:30,Najah Robertson,,,2026-06-09 13:24:39,Najah Robertson,,,,,,,,,L2 Yellow Tag,2026-06-09 13:24:39,Najah Robertson,2026-09-09T00:25:35.989077+00:00
42472,9319975,EDCATL11PDUEE210,PDU,Electrical,,,3112,Cx Lvl 2 Complete,BCEI,,Vertiv,PFA50EE221KE3313NN2NNSTM1,M25G001956,1,FTI,LV Distribution System,2025-04-25 11:16:37,Ben Reynolds,2025-11-17 20:50:53,Najah Robertson,,,2026-06-08 18:39:39,Najah Robertson,,,,,,,,,L2 Yellow Tag,2026-06-08 18:39:39,Najah Robertson,2026-09-09T00:25:35.989077+00:00
42472,9319976,EDCATL11PDUEE310,PDU,Electrical,,,3112,Cx Lvl 2 Complete,Bcei,,VERTIV,PFA50EE221KE3313NN2NNSTM1,M25G001959,1,Fti,LV Distribution System,2025-04-25 11:16:37,Ben Reynolds,2026-03-31 20:27:30,Najah Robertson,,,2026-09-01 15:46:10,Najah Robertson,,,,,,,,,L2 Yellow Tag,2026-09-01 15:46:10,Najah Robertson,2026-09-09T00:25:35.989077+00:00
42472,9319977,EDCATL11PDUEE420,PDU,Electrical,,,3112,Cx Lvl 2 Complete,BCEI,,Vertiv,PFA50EE211KE3313NN2NNS000,M25J000497,1,FTI,LV Distribution System,2025-04-25 11:16:37,Ben Reynolds,2026-03-31 20:27:30,Najah Robertson,,,2026-06-08 18:27:39,Najah Robertson,,,,,,,,,L2 Yellow Tag,2026-06-08 18:27:39,Najah Robertson,2026-09-09T00:25:35.989077+00:00
42472,9319978,EDCATL11PDUEE520,PDU,Electrical,,,3121,Cx Lvl 2 Complete,Bcei,,Vertiv,PFA50EE221KE3313NN2NNSTM1,M25G003652,1,Fti,LV Distribution System,2025-04-25 11:16:37,Ben Reynolds,2026-01-07 20:33:39,Najah Robertson,,,2026-06-09 18:10:39,Najah Robertson,,,,,,,,,L2 Yellow Tag,2026-06-09 18:10:39,Najah Robertson,2026-09-09T00:25:35.989077+00:00
42472,9319979,EDCATL11PDUEE630,PDU,Electrical,,,3121,Cx Lvl 2 Complete,BCEI,,Vertiv,PFA50EE211KE3313NN2NNS000,M25K004956,1,FTI,LV Distribution System,2025-11-05 20:11:48,Ronald Thomas,2026-01-08 22:14:38,Najah Robertson,,,2026-06-09 18:12:39,Najah Robertson,,,,,,,,,L2 Yellow Tag,2026-06-09 18:12:39,Najah Robertson,2026-09-09T00:25:35.989077+00:00
42472,9319980,EDCATL11PDUEE720,PDU,Electrical,,,3121,Cx Lvl 2 Complete,Bcei,,VERTIV,PFA50EE211KE3313NN2NNS000,M25J009247,1,Fti,LV Distribution System,2025-04-25 11:16:37,Ben Reynolds,2026-01-07 20:33:39,Najah Robertson,,,2026-06-09 18:03:39,Najah Robertson,,,,,,,,,L2 Yellow Tag,2026-06-09 18:03:39,Najah Robertson,2026-09-09T00:25:35.989077+00:00
42472,9319981,EDCATL11PDUEE840,PDU,Electrical,,,3121,Cx Lvl 2 Complete,BCEI,,VERTIV,PFA50EE221KE3313NN2NNSTM1,M25G001961,1,FTI,LV Distribution System,2025-11-05 20:11:48,Ronald Thomas,2026-01-08 22:14:38,Najah Robertson,,,2026-06-09 17:58:39,Najah Robertson,,,,,,,,,L2 Yellow Tag,2026-06-09 17:58:39,Najah Robertson,2026-09-09T00:25:35.989077+00:00
42472,9319982,EDCATL11PDUEF110,PDU,Electrical,,,3112,Cx Lvl 2 Complete,Bcei,,Vertiv,PFA50EE211KE3313NN2NNS000,M25K004954,1,Fti,LV Distribution System,2025-04-25 11:16:37,Ben Reynolds,2026-03-31 20:27:30,Najah Robertson,,,2026-06-08 18:33:42,Najah Robertson,,,,,,,,,L2 Yellow Tag,2026-06-08 18:33:42,Najah Robertson,2026-09-09T00:25:35.989077+00:00
42472,9319983,EDCATL11PDUEF210,PDU,Electrical,,,3112,Cx Lvl 2 Complete,BCEI,,Vertiv,PFA50EE221KE3313NN2NNSTM1,M25G001960,1,FTI,LV Distribution System,2025-04-25 11:16:37,Ben Reynolds,2026-03-31 20:27:30,Najah Robertson,,,2026-06-08 18:24:39,Najah Robertson,,,,,,,,,L2 Yellow Tag,2026-06-08 18:24:39,Najah Robertson,2026-09-09T00:25:35.989077+00:00
42472,9319984,EDCATL11PDUEF310,PDU,Electrical,,,3112,Cx Lvl 2 Complete,BCEI,,Vertiv,PFA50EE221KE3313NN2NNSTM1,M25G003657,1,FTI,LV Distribution System,2025-04-25 11:16:37,Ben Reynolds,2026-03-31 20:27:30,Najah Robertson,,,2026-06-08 18:34:40,Najah Robertson,,,,,,,,,L2 Yellow Tag,2026-06-08 18:34:40,Najah Robertson,2026-09-09T00:25:35.989077+00:00
42472,9319985,EDCATL11PDUEF420,PDU,Electrical,,,3112,Cx Lvl 2 Complete,BCEI,,Vertiv,PFA50EE211KE3313NN2N,M25J000550,1,FTI,LV Distribution System,2025-04-25 11:16:37,Ben Reynolds,2026-03-31 20:27:30,Najah Robertson,,,2026-06-08 18:21:39,Najah Robertson,,,,,,,,,L2 Yellow Tag,2026-06-08 18:21:39,Najah Robertson,2026-09-09T00:25:35.989077+00:00
42472,9319986,EDCATL11PDUEF520,PDU,Electrical,,,3121,Cx Lvl 2 Complete,Bcei,,Vertiv,PFA50EE221KE3313NN2NNSTM1,M25G001962,1,Fti,LV Distribution System,2025-04-25 11:16:37,Ben Reynolds,2026-01-07 20:33:39,Najah Robertson,,,2026-06-09 17:48:39,Najah Robertson,,,,,,,,,L2 Yellow Tag,2026-06-09 17:48:39,Najah Robertson,2026-09-09T00:25:35.989077+00:00
42472,9319987,EDCATL11PDUEF630,PDU,Electrical,,,3121,Cx Lvl 2 Complete,BCEI,,Vertiv,PFA50EE211KE3313NN2NNS000,M25K004959,1,FTI,LV Distribution System,2025-04-25 11:16:37,Ben Reynolds,2026-01-13 16:37:59,Najah Robertson,,,2026-06-09 17:50:39,Najah Robertson,,,,,,,,,L2 Yellow Tag,2026-06-09 17:50:39,Najah Robertson,2026-09-09T00:25:35.989077+00:00
42472,9319988,EDCATL11PDUEF720,PDU,Electrical,,,3121,Cx Lvl 2 Complete,Bcei,,vertiv,PFA50EE211KE3313NN2NNS000,M25J009243,1,Fti,LV Distribution System,2025-04-25 11:16:37,Ben Reynolds,2026-01-07 20:33:39,Najah Robertson,,,2026-06-09 17:35:39,Najah Robertson,,,,,,,,,L2 Yellow Tag,2026-06-09 17:35:39,Najah Robertson,2026-09-09T00:25:35.989077+00:00
42472,9319989,EDCATL11PDUEF840,PDU,Electrical,,,3121,Cx Lvl 2 Complete,BCEI,,Vertiv,PFA50EE221KE3313NN2NNSTM1,M25G003654,1,FTI,LV Distribution System,2025-04-25 11:16:37,Ben Reynolds,2026-01-13 16:38:08,Najah Robertson,,,2026-06-09 13:05:43,Najah Robertson,,,,,,,,,L2 Yellow Tag,2026-06-09 13:05:43,Najah Robertson,2026-09-09T00:25:35.989077+00:00
42472,9319994,EDCATL11RPPEA15A,RPP,Electrical,,,3120,Cx Lvl 2 Complete,BCEI,,VERTIV,RVN2E1AN5NNS01D,M25M003619,1,FTI,LV Distribution Panel,2025-04-25 11:16:37,Ben Reynolds,2026-02-03 14:12:06,Najah Robertson,,,2026-05-29 17:32:38,Najah Robertson,,,,,,,,,L2 Yellow Tag,2026-05-29 17:32:38,Najah Robertson,2026-09-09T00:25:35.989077+00:00
42472,9319995,EDCATL11RPPEA16A,RPP,Electrical,,,3120,Cx Lvl 2 Complete,BCEI,,VERTIV,RVN2E1AN5NNS01D,M25M000592,1,FTI,LV Distribution Panel,2025-04-25 11:16:37,Ben Reynolds,2026-02-03 14:12:06,Najah Robertson,,,2026-05-29 17:34:35,Najah Robertson,,,,,,,,,L2 Yellow Tag,2026-05-29 17:34:35,Najah Robertson,2026-09-09T00:25:35.989077+00:00
42472,9319996,EDCATL11RPPEA17A,RPP,Electrical,,,3120,Cx Lvl 2 Complete,BCEI,,VERTIV,RVN2E1AN5NNS01D,M25M000584,1,FTI,LV Distribution Panel,2025-04-25 11:16:37,Ben Reynolds,2026-03-23 19:07:05,Najah Robertson,,,2026-05-29 17:40:36,Najah Robertson,,,,,,,,,L2 Yellow Tag,2026-05-29 17:40:36,Najah Robertson,2026-09-09T00:25:35.989077+00:00
42472,9319997,EDCATL11RPPEA18A,RPP,Electrical,,,3120,Cx Lvl 2 Complete,BCEI,,VERTIV,RVN2E1AN5NNS01D,M25M003616,1,FTI,LV Distribution Panel,2025-04-25 11:16:37,Ben Reynolds,2026-03-23 19:07:59,Najah Robertson,,,2026-05-29 17:36:35,Najah Robertson,,,,,,,,,L2 Yellow Tag,2026-05-29 17:36:35,Najah Robertson,2026-09-09T00:25:35.989077+00:00
42472,9320002,EDCATL11RPPEA25A,RPP,Electrical,,,3120,Cx Lvl 2 Complete,BCEI,,VERTIV,RVN2E1AN5NNS01D,M25M000589,1,FTI,LV Distribution Panel,2025-04-25 11:16:37,Ben Reynolds,2026-02-03 14:11:01,Najah Robertson,,,2026-05-29 17:27:36,Najah Robertson,,,,,,,,,L2 Yellow Tag,2026-05-29 17:27:36,Najah Robertson,2026-09-09T00:25:35.989077+00:00
42472,9320003,EDCATL11RPPEA26A,RPP,Electrical,,,3120,Cx Lvl 2 Complete,BCEI,,VERTIV,RVN2E1AN5NNS01D,M25M000588,1,FTI,LV Distribution Panel,2025-04-25 11:16:37,Ben Reynolds,2026-02-03 14:11:01,Najah Robertson,,,2026-05-29 17:28:35,Najah Robertson,,,,,,,,,L2 Yellow Tag,2026-05-29 17:28:35,Najah Robertson,2026-09-09T00:25:35.989077+00:00
42472,9320004,EDCATL11RPPEA27A,RPP,Electrical,,,3120,Cx Lvl 2 Complete,Bcei,,VERTIV.,RVN2E1AN5NNS01D,M25L004342,1,Fti,LV Distribution Panel,2025-04-25 11:16:37,Ben Reynolds,2026-02-03 14:12:07,Najah Robertson,,,2026-05-29 17:43:35,Najah Robertson,,,,,,,,,L2 Yellow Tag,2026-05-29 17:43:35,Najah Robertson,2026-09-09T00:25:35.989077+00:00
42472,9320005,EDCATL11RPPEA28A,RPP,Electrical,,,3120,Cx Lvl 2 Complete,Bcei,,VERTIV.,RVN2E1AN5NNS01D,M25L004316,1,Fti,LV Distribution Panel,2025-04-25 11:16:37,Ben Reynolds,2026-02-03 14:12:07,Najah Robertson,,,2026-05-29 17:45:35,Najah Robertson,,,,,,,,,L2 Yellow Tag,2026-05-29 17:45:35,Najah Robertson,2026-09-09T00:25:35.989077+00:00
42472,9320010,EDCATL11RPPEA35A,RPP,Electrical,,,3120,Cx Lvl 2 Complete,BCEI,,VERTIV,RVN2E1AN5NNS003,M25K009643,1,FTI,LV Distribution Panel,2025-04-25 11:16:37,Ben Reynolds,2026-02-03 14:11:00,Najah Robertson,,,2026-05-29 17:23:36,Najah Robertson,,,,,,,,,L2 Yellow Tag,2026-05-29 17:23:36,Najah Robertson,2026-09-09T00:25:35.989077+00:00
42472,9320011,EDCATL11RPPEA36A,RPP,Electrical,,,3120,Cx Lvl 2 Complete,BCEI,,VERTIV,RVN2E1AN5NNS003,M25K009652,1,FTI,LV Distribution Panel,2025-04-25 11:16:37,Ben Reynolds,2026-02-03 14:11:01,Najah Robertson,,,2026-05-29 17:25:35,Najah Robertson,,,,,,,,,L2 Yellow Tag,2026-05-29 17:25:35,Najah Robertson,2026-09-09T00:25:35.989077+00:00
42472,9320012,EDCATL11RPPEA37A,RPP,Electrical,,,3120,Cx Lvl 2 Complete,Bcei,,VERTIV.,RVN2E1AN5NNS01D,M25L004343,1,Fti,LV Distribution Panel,2025-04-25 11:16:37,Ben Reynolds,2026-02-03 14:12:07,Najah Robertson,,,2026-05-29 17:47:35,Najah Robertson,,,,,,,,,L2 Yellow Tag,2026-05-29 17:47:35,Najah Robertson,2026-09-09T00:25:35.989077+00:00
42472,9320013,EDCATL11RPPEA38A,RPP,Electrical,,,3120,Cx Lvl 2 Complete,Bcei,,VERTIV,RVN2E1AN5NNS003,M25K000732,1,Fti,LV Distribution Panel,2025-04-25 11:16:37,Ben Reynolds,2026-02-03 14:12:07,Najah Robertson,,,2026-05-29 17:49:35,Najah Robertson,,,,,,,,,L2 Yellow Tag,2026-05-29 17:49:35,Najah Robertson,2026-09-09T00:25:35.989077+00:00
42472,9320018,EDCATL11RPPEA45A,RPP,Electrical,,,3120,Cx Lvl 2 Complete,BCEI,,VERTIV,RVN2E1AN5NNS01D,M25M000415,1,FTI,LV Distribution Panel,2025-04-25 11:16:37,Ben Reynolds,2026-02-03 14:11:00,Najah Robertson,,,2026-05-29 15:12:36,Najah Robertson,,,,,,,,,L2 Yellow Tag,2026-05-29 15:12:36,Najah Robertson,2026-09-09T00:25:35.989077+00:00
42472,9320019,EDCATL11RPPEA46A,RPP,Electrical,,,3120,Cx Lvl 2 Complete,BCEI,,VERTIV,RVN2E1AN5NNS003,M25K009646,1,FTI,LV Distribution Panel,2025-04-25 11:16:37,Ben Reynolds,2026-02-03 14:11:00,Najah Robertson,,,2026-05-29 15:32:44,Najah Robertson,,,,,,,,,L2 Yellow Tag,2026-05-29 15:32:44,Najah Robertson,2026-09-09T00:25:35.989077+00:00
42472,9320020,EDCATL11RPPEA47A,RPP,Electrical,,,3120,Cx Lvl 2 Complete,Bcei,,VERTIV.,RVN2E1AN5NNS003,M25K000730,1,Fti,LV Distribution Panel,2025-04-25 11:16:37,Ben Reynolds,2026-02-03 14:12:08,Najah Robertson,,,2026-05-29 17:51:36,Najah Robertson,,,,,,,,,L2 Yellow Tag,2026-05-29 17:51:36,Najah Robertson,2026-09-09T00:25:35.989077+00:00
42472,9320021,EDCATL11RPPEA48A,RPP,Electrical,,,3120,Cx Lvl 2 Complete,Bcei,,VERTIV.,RVN2E1AN5NN1N15NNNNANS003,M25K000729,1,Fti,LV Distribution Panel,2025-04-25 11:16:37,Ben Reynolds,2026-02-03 14:12:08,Najah Robertson,,,2026-05-29 17:54:35,Najah Robertson,,,,,,,,,L2 Yellow Tag,2026-05-29 17:54:35,Najah Robertson,2026-09-09T00:25:35.989077+00:00
42472,9320026,EDCATL11RPPEA55A,RPP,Electrical,,,3120,Cx Lvl 2 Complete,BCEI,,VERTIV,RVN2E1AN5NNS01D,M25M000546,1,FTI,LV Distribution Panel,2025-04-25 11:16:37,Ben Reynolds,2026-02-03 14:11:00,Najah Robertson,,,2026-05-29 15:05:35,Najah Robertson,,,,,,,,,L2 Yellow Tag,2026-05-29 15:05:35,Najah Robertson,2026-09-09T00:25:35.989077+00:00
42472,9320027,EDCATL11RPPEA56A,RPP,Electrical,,,3120,Cx Lvl 2 Complete,BCEI,,VERTIV,RVN2E1AN5NNS01D,M25M000416,1,FTI,LV Distribution Panel,2025-04-25 11:16:37,Ben Reynolds,2026-02-03 14:11:00,Najah Robertson,,,2026-05-29 15:07:35,Najah Robertson,,,,,,,,,L2 Yellow Tag,2026-05-29 15:07:35,Najah Robertson,2026-09-09T00:25:35.989077+00:00
42472,9320028,EDCATL11RPPEA57A,RPP,Electrical,,,3120,Cx Lvl 2 Complete,Bcei,,VERTIV.,RVN2E1AN5NNS003,M25K004816,1,Fti,LV Distribution Panel,2025-04-25 11:16:37,Ben Reynolds,2026-02-03 14:12:08,Najah Robertson,,,2026-05-29 17:58:35,Najah Robertson,,,,,,,,,L2 Yellow Tag,2026-05-29 17:58:35,Najah Robertson,2026-09-09T00:25:35.989077+00:00
42472,9320029,EDCATL11RPPEA58A,RPP,Electrical,,,3120,Cx Lvl 2 Complete,Bcei,,VERTIV..,RVN2E1AN5NNS003,M25K004818,1,Fti,LV Distribution Panel,2025-04-25 11:16:37,Ben Reynolds,2026-02-03 14:12:08,Najah Robertson,,,2026-05-29 18:01:36,Najah Robertson,,,,,,,,,L2 Yellow Tag,2026-05-29 18:01:36,Najah Robertson,2026-09-09T00:25:35.989077+00:00
42472,9319990,EDCATL11RPPEA119,RPP,Electrical,,,3110,Cx Lvl 2 Complete,Bcei,,VERTIV,RVN2E1AN5NNS01D,M25L004574,1,Fti,LV Distribution Panel,2025-04-25 11:16:37,Ben Reynolds,2026-02-02 17:55:22,Najah Robertson,,,2026-05-28 15:27:37,Najah Robertson,,,,,,,,,L2 Yellow Tag,2026-05-28 15:27:37,Najah Robertson,2026-09-09T00:25:35.989077+00:00
42472,9319991,EDCATL11RPPEA129,RPP,Electrical,,,3110,Cx Lvl 2 Complete,BCEI,,VERTIV,RVN2E1AN5NNS01D,M25L004594,1,FTI,LV Distribution Panel,2025-04-25 11:16:37,Ben Reynolds,2026-03-23 19:01:02,Najah Robertson,,,2026-05-28 15:28:38,Najah Robertson,,,,,,,,,L2 Yellow Tag,2026-05-28 15:28:38,Najah Robertson,2026-09-09T00:25:35.989077+00:00
42472,9319992,EDCATL11RPPEA139,RPP,Electrical,,,3110,Cx Lvl 2 Complete,Bcei,,VERTIV.,RVN2E1AN5NNS01D,M25L004782,1,Fti,LV Distribution Panel,2025-04-25 11:16:37,Ben Reynolds,2026-02-03 21:35:49,Najah Robertson,,,2026-05-28 17:13:37,Najah Robertson,,,,,,,,,L2 Yellow Tag,2026-05-28 17:13:37,Najah Robertson,2026-09-09T00:25:35.989077+00:00
42472,9319993,EDCATL11RPPEA149,RPP,Electrical,,,3110,Cx Lvl 2 Complete,Bcei,,VERTIV,RVN2E1AN5NNS01D,M25L004582,1,Fti,LV Distribution Panel,2025-04-25 11:16:37,Ben Reynolds,2026-02-03 21:35:49,Najah Robertson,,,2026-05-28 17:13:37,Najah Robertson,,,,,,,,,L2 Yellow Tag,2026-05-28 17:13:37,Najah Robertson,2026-09-09T00:25:35.989077+00:00
42472,9319998,EDCATL11RPPEA219,RPP,Electrical,,,3110,Cx Lvl 2 Complete,BCEI,,VERTIV,RVN2E1AN5NNS01D,M25L004588,1,FTI,LV Distribution Panel,2025-04-25 11:16:37,Ben Reynolds,2026-02-03 18:03:09,Najah Robertson,,,2026-05-28 17:12:37,Najah Robertson,,,,,,,,,L2 Yellow Tag,2026-05-28 17:12:37,Najah Robertson,2026-09-09T00:25:35.989077+00:00
42472,9319999,EDCATL11RPPEA229,RPP,Electrical,,,3110,Cx Lvl 2 Complete,BCEI,,VERTIV,RVN2E1AN5NNS01D,M25L004600,1,FTI,LV Distribution Panel,2025-04-25 11:16:37,Ben Reynolds,2026-02-02 17:55:22,Najah Robertson,,,2026-05-28 15:26:36,Najah Robertson,,,,,,,,,L2 Yellow Tag,2026-05-28 15:26:36,Najah Robertson,2026-09-09T00:25:35.989077+00:00
42472,9320000,EDCATL11RPPEA239,RPP,Electrical,,,3110,Cx Lvl 2 Complete,BCEI,,VERTIV,RVN2E1AN5NNS01D,M25L004607,1,FTI,LV Distribution Panel,2025-04-25 11:16:37,Ben Reynolds,2026-03-23 19:01:02,Najah Robertson,,,2026-05-28 15:23:37,Najah Robertson,,,,,,,,,L2 Yellow Tag,2026-05-28 15:23:37,Najah Robertson,2026-09-09T00:25:35.989077+00:00
42472,9320001,EDCATL11RPPEA249,RPP,Electrical,,,3110,Cx Lvl 2 Complete,BCEI,,VERTIV,RVN2E1AN5NNS01D,M25L004593,1,FTI,LV Distribution Panel,2025-04-25 11:16:37,Ben Reynolds,2026-02-03 18:03:09,Najah Robertson,,,2026-05-28 17:14:37,Najah Robertson,,,,,,,,,L2 Yellow Tag,2026-05-28 17:14:37,Najah Robertson,2026-09-09T00:25:35.989077+00:00
42472,9320006,EDCATL11RPPEA319,RPP,Electrical,,,3110,Cx Lvl 2 Complete,BCEI,,VERTIV,RVN2E1AN5NNS01D,M25L004558,1,FTI,LV Distribution Panel,2025-04-25 11:16:37,Ben Reynolds,2026-02-02 17:55:22,Najah Robertson,,,2026-05-28 15:20:38,Najah Robertson,,,,,,,,,L2 Yellow Tag,2026-05-28 15:20:38,Najah Robertson,2026-09-09T00:25:35.989077+00:00
42472,9320007,EDCATL11RPPEA329,RPP,Electrical,,,3110,Cx Lvl 2 Complete,BCEI,,VERTIV,RVN2E1N5NNS01D,M25L004602,1,FTI,LV Distribution Panel,2025-04-25 11:16:37,Ben Reynolds,2026-02-02 17:55:22,Najah Robertson,,,2026-05-28 17:10:36,Najah Robertson,,,,,,,,,L2 Yellow Tag,2026-05-28 17:10:36,Najah Robertson,2026-09-09T00:25:35.989077+00:00
42472,9320008,EDCATL11RPPEA339,RPP,Electrical,,,3110,Cx Lvl 2 Complete,BCEI,,VERTIV,RVN2E1AN5NNS01D,M25L004150,1,FAITH,LV Distribution Panel,2025-04-25 11:16:37,Ben Reynolds,2026-02-02 22:08:07,Najah Robertson,,,2026-05-28 17:15:37,Najah Robertson,,,,,,,,,L2 Yellow Tag,2026-05-28 17:15:37,Najah Robertson,2026-09-09T00:25:35.989077+00:00
42472,9320009,EDCATL11RPPEA349,RPP,Electrical,,,3110,Cx Lvl 2 Complete,BCEI,,VERTIV,RVN2E1AN5NNS01D,M25L004313,1,FTI,LV Distribution Panel,2025-04-25 11:16:37,Ben Reynolds,2026-02-02 22:08:13,Najah Robertson,,,2026-09-01 15:46:54,Najah Robertson,,,,,,,,,L2 Yellow Tag,2026-09-01 15:46:54,Najah Robertson,2026-09-09T00:25:35.989077+00:00
42472,9320014,EDCATL11RPPEA419,RPP,Electrical,,,3110,Cx Lvl 2 Complete,BCEI,,VERTIV.,RVN2E1AN5NNS01D,M25L004547,1,FTI,LV Distribution Panel,2025-04-25 11:16:37,Ben Reynolds,2026-02-02 17:55:22,Najah Robertson,,,2026-05-28 15:18:37,Najah Robertson,,,,,,,,,L2 Yellow Tag,2026-05-28 15:18:37,Najah Robertson,2026-09-09T00:25:35.989077+00:00
42472,9320015,EDCATL11RPPEA429,RPP,Electrical,,,3110,Cx Lvl 2 Complete,BCEI,,VERTIV.,RVN2E1AN5NNS01D,M25L004556,1,FTI,LV Distribution Panel,2025-04-25 11:16:37,Ben Reynolds,2026-02-02 17:55:22,Najah Robertson,,,2026-05-28 15:19:37,Najah Robertson,,,,,,,,,L2 Yellow Tag,2026-05-28 15:19:37,Najah Robertson,2026-09-09T00:25:35.989077+00:00
42472,9320016,EDCATL11RPPEA439,RPP,Electrical,,,3110,Cx Lvl 2 Complete,BCEI,,VERTIV,RVN2E1AN5NNS01D,M25L004154,1,FTI,LV Distribution Panel,2025-04-25 11:16:37,Ben Reynolds,2026-02-02 22:08:07,Najah Robertson,,,2026-05-28 17:17:37,Najah Robertson,,,,,,,,,L2 Yellow Tag,2026-05-28 17:17:37,Najah Robertson,2026-09-09T00:25:35.989077+00:00
42472,9320017,EDCATL11RPPEA449,RPP,Electrical,,,3110,Cx Lvl 2 Complete,BCEI,,VERTIV,RVN2E1AN5NNS01D,M25L004567,1,FTI,LV Distribution Panel,2025-04-25 11:16:37,Ben Reynolds,2026-02-02 22:08:07,Najah Robertson,,,2026-05-28 17:17:37,Najah Robertson,,,,,,,,,L2 Yellow Tag,2026-05-28 17:17:37,Najah Robertson,2026-09-09T00:25:35.989077+00:00
42472,9320022,EDCATL11RPPEA519,RPP,Electrical,,,3110,Cx Lvl 2 Complete,BCEI,,VERTIV,RVN2E1AN5NN2N15NNNNANS01D,M25L004327,1,FTI,LV Distribution Panel,2025-04-25 11:16:37,Ben Reynolds,2026-02-02 17:55:22,Najah Robertson,,,2026-05-28 15:16:37,Najah Robertson,,,,,,,,,L2 Yellow Tag,2026-05-28 15:16:37,Najah Robertson,2026-09-09T00:25:35.989077+00:00
42472,9320023,EDCATL11RPPEA529,RPP,Electrical,,,3110,Cx Lvl 2 Complete,BCEI,,VERTIV,RVN2E1AN5NN2N15NNNNANS01D,M25L004326,1,FTI,LV Distribution Panel,2025-04-25 11:16:37,Ben Reynolds,2026-02-02 17:55:22,Najah Robertson,,,2026-05-28 15:17:38,Najah Robertson,,,,,,,,,L2 Yellow Tag,2026-05-28 15:17:38,Najah Robertson,2026-09-09T00:25:35.989077+00:00
42472,9320024,EDCATL11RPPEA539,RPP,Electrical,,,3110,Cx Lvl 2 Complete,BCEI,,VERTIV,RVN2E1AN5NNS01D,M25L004321,1,FTI,LV Distribution Panel,2025-04-25 11:16:37,Ben Reynolds,2026-02-02 22:08:06,Najah Robertson,,,2026-05-28 17:21:37,Najah Robertson,,,,,,,,,L2 Yellow Tag,2026-05-28 17:21:37,Najah Robertson,2026-09-09T00:25:35.989077+00:00
42472,9320025,EDCATL11RPPEA549,RPP,Electrical,,,3110,Cx Lvl 2 Complete,BCEI,,VERTIV,RVN2E1AN5NNS01D,M25L004328,1,FTI,LV Distribution Panel,2025-04-25 11:16:37,Ben Reynolds,2026-02-02 22:08:07,Najah Robertson,,,2026-05-28 17:21:37,Najah Robertson,,,,,,,,,L2 Yellow Tag,2026-05-28 17:21:37,Najah Robertson,2026-09-09T00:25:35.989077+00:00
42472,9320030,EDCATL11RPPEA610,RPP,Electrical,,,3112,Cx Lvl 2 Complete,BCEI,,schneider,290051326135003510,020254688202,1,FTI,LV Distribution Panel,2025-04-25 11:16:37,Ben Reynolds,2026-01-08 22:10:33,Najah Robertson,,,2026-08-05 13:37:54,Najah Robertson,,,,,,,,,L2 Yellow Tag,2026-08-05 13:37:54,Najah Robertson,2026-09-09T00:25:35.989077+00:00
42472,9320035,EDCATL11RPPEB15A,RPP,Electrical,,,3120,Cx Lvl 2 Complete,BCEI,,VERTIV,RVN2E1AN5NNS003,M25K005033,1,FTI,LV Distribution Panel,2025-04-25 11:16:37,Ben Reynolds,2026-02-03 14:11:00,Najah Robertson,,,2026-05-29 14:58:35,Najah Robertson,,,,,,,,,L2 Yellow Tag,2026-05-29 14:58:35,Najah Robertson,2026-09-09T00:25:35.989077+00:00
42472,9320036,EDCATL11RPPEB16A,RPP,Electrical,,,3120,Cx Lvl 2 Complete,BCEI,,VERTIV,RVN2E1AN5NNS003,M25K005043,1,FTI,LV Distribution Panel,2025-04-25 11:16:37,Ben Reynolds,2026-02-03 14:11:00,Najah Robertson,,,2026-05-29 15:00:35,Najah Robertson,,,,,,,,,L2 Yellow Tag,2026-05-29 15:00:35,Najah Robertson,2026-09-09T00:25:35.989077+00:00
42472,9320037,EDCATL11RPPEB17A,RPP,Electrical,,,3120,Cx Lvl 2 Complete,Bcei,,VERTIV.,RVN2E1AN5NNS003,M25K000739,1,Fti,LV Distribution Panel,2025-04-25 11:16:37,Ben Reynolds,2026-02-03 14:12:07,Najah Robertson,,,2026-05-29 18:03:35,Najah Robertson,,,,,,,,,L2 Yellow Tag,2026-05-29 18:03:35,Najah Robertson,2026-09-09T00:25:35.989077+00:00
42472,9320038,EDCATL11RPPEB18A,RPP,Electrical,,,3120,Cx Lvl 2 Complete,Bcei,,VERTIV.,RVN2E1AN5NNS003,M25K000738,1,Fti,LV Distribution Panel,2025-04-25 11:16:37,Ben Reynolds,2026-02-03 14:12:07,Najah Robertson,,,2026-05-29 18:05:35,Najah Robertson,,,,,,,,,L2 Yellow Tag,2026-05-29 18:05:35,Najah Robertson,2026-09-09T00:25:35.989077+00:00
42472,9320043,EDCATL11RPPEB25A,RPP,Electrical,,,3120,Cx Lvl 2 Complete,BCEI,,VERTIV,RVN2E1AN5NNS003,M25K000742,1,FTI,LV Distribution Panel,2025-04-25 11:16:37,Ben Reynolds,2026-02-03 14:10:59,Najah Robertson,,,2026-05-29 14:41:36,Najah Robertson,,,,,,,,,L2 Yellow Tag,2026-05-29 14:41:36,Najah Robertson,2026-09-09T00:25:35.989077+00:00
42472,9320044,EDCATL11RPPEB26A,RPP,Electrical,,,3120,Cx Lvl 2 Complete,BCEI,,VERTIV,RVN2E1AN5NNS003,M25K005042,1,FTI,LV Distribution Panel,2025-04-25 11:16:37,Ben Reynolds,2026-02-03 14:10:59,Najah Robertson,,,2026-05-29 14:42:36,Najah Robertson,,,,,,,,,L2 Yellow Tag,2026-05-29 14:42:36,Najah Robertson,2026-09-09T00:25:35.989077+00:00
42472,9320045,EDCATL11RPPEB27A,RPP,Electrical,,,3120,Cx Lvl 2 Complete,Bcei,,VERTIV.,RVN2E1AN5NNS003,M25K004813,1,Fti,LV Distribution Panel,2025-04-25 11:16:37,Ben Reynolds,2026-02-03 14:12:08,Najah Robertson,,,2026-05-29 18:07:35,Najah Robertson,,,,,,,,,L2 Yellow Tag,2026-05-29 18:07:35,Najah Robertson,2026-09-09T00:25:35.989077+00:00
42472,9320046,EDCATL11RPPEB28A,RPP,Electrical,,,3120,Cx Lvl 2 Complete,Bcei,,VERTIV.,RVN2E1AN5NNS003,M25K000737,1,Fti,LV Distribution Panel,2025-04-25 11:16:37,Ben Reynolds,2026-02-03 14:12:08,Najah Robertson,,,2026-05-29 18:08:36,Najah Robertson,,,,,,,,,L2 Yellow Tag,2026-05-29 18:08:36,Najah Robertson,2026-09-09T00:25:35.989077+00:00
42472,9320051,EDCATL11RPPEB35A,RPP,Electrical,,,3120,Cx Lvl 2 Complete,BCEI,,VERTIV,RVN2E1AN5NNS003,M25K000744,1,FTI,LV Distribution Panel,2025-04-25 11:16:37,Ben Reynolds,2026-02-03 14:10:59,Najah Robertson,,,2026-05-29 14:39:36,Najah Robertson,,,,,,,,,L2 Yellow Tag,2026-05-29 14:39:36,Najah Robertson,2026-09-09T00:25:35.989077+00:00
42472,9320052,EDCATL11RPPEB36A,RPP,Electrical,,,3120,Cx Lvl 2 Complete,BCEI,,VERTIV,RVN2E1AN5NNS003,M25K000741,1,FTI,LV Distribution Panel,2025-04-25 11:16:37,Ben Reynolds,2026-02-03 14:10:59,Najah Robertson,,,2026-05-29 14:40:35,Najah Robertson,,,,,,,,,L2 Yellow Tag,2026-05-29 14:40:35,Najah Robertson,2026-09-09T00:25:35.989077+00:00
42472,9320053,EDCATL11RPPEB37A,RPP,Electrical,,,3120,Cx Lvl 2 Complete,Bcei,,VERTIV.,RVN2E1AN5NNS01D,M25L004597,1,Fti,LV Distribution Panel,2025-04-25 11:16:37,Ben Reynolds,2026-02-03 14:12:09,Najah Robertson,,,2026-05-29 18:11:35,Najah Robertson,,,,,,,,,L2 Yellow Tag,2026-05-29 18:11:35,Najah Robertson,2026-09-09T00:25:35.989077+00:00
42472,9320054,EDCATL11RPPEB38A,RPP,Electrical,,,3120,Cx Lvl 2 Complete,Bcei,,VERTIV.,RVN2E1AN5NNS01D,M25L004599,1,Fti,LV Distribution Panel,2025-04-25 11:16:37,Ben Reynolds,2026-02-03 14:12:09,Najah Robertson,,,2026-05-29 18:13:35,Najah Robertson,,,,,,,,,L2 Yellow Tag,2026-05-29 18:13:35,Najah Robertson,2026-09-09T00:25:35.989077+00:00
42472,9320059,EDCATL11RPPEB45A,RPP,Electrical,,,3120,Cx Lvl 2 Complete,BCEI,,VERTIV,RVN2E1AN5NNS003,M25K009645,1,FTI,LV Distribution Panel,2025-04-25 11:16:37,Ben Reynolds,2026-02-03 14:10:59,Najah Robertson,,,2026-05-29 14:36:36,Najah Robertson,,,,,,,,,L2 Yellow Tag,2026-05-29 14:36:36,Najah Robertson,2026-09-09T00:25:35.989077+00:00
42472,9320060,EDCATL11RPPEB46A,RPP,Electrical,,,3120,Cx Lvl 2 Complete,BCEI,,VERTIV,RVN2E1AN5NNS003,M25K009628,1,FTI,LV Distribution Panel,2025-04-25 11:16:37,Ben Reynolds,2026-02-03 14:10:59,Najah Robertson,,,2026-05-29 14:36:36,Najah Robertson,,,,,,,,,L2 Yellow Tag,2026-05-29 14:36:36,Najah Robertson,2026-09-09T00:25:35.989077+00:00
42472,9320061,EDCATL11RPPEB47A,RPP,Electrical,,,3120,Cx Lvl 2 Complete,Bcei,,VERTIV,RVN2E1AN5NNS01D,M25L004584,1,Fti,LV Distribution Panel,2025-04-25 11:16:37,Ben Reynolds,2026-02-03 14:12:09,Najah Robertson,,,2026-05-29 18:20:35,Najah Robertson,,,,,,,,,L2 Yellow Tag,2026-05-29 18:20:35,Najah Robertson,2026-09-09T00:25:35.989077+00:00
42472,9320062,EDCATL11RPPEB48A,RPP,Electrical,,,3120,Cx Lvl 2 Complete,Bcei,,VERTIV,RVN2E1AN5NNS01D,M25K004838,1,Fti,LV Distribution Panel,2025-04-25 11:16:37,Ben Reynolds,2026-02-03 14:12:09,Najah Robertson,,,2026-05-29 18:23:35,Najah Robertson,,,,,,,,,L2 Yellow Tag,2026-05-29 18:23:35,Najah Robertson,2026-09-09T00:25:35.989077+00:00
42472,9320067,EDCATL11RPPEB55A,RPP,Electrical,,,3120,Cx Lvl 2 Complete,BCEI,,VERTIV,RVN2E1AN5NNS003,M25K009609,1,FTI,LV Distribution Panel,2025-04-25 11:16:38,Ben Reynolds,2026-02-03 14:10:58,Najah Robertson,,,2026-05-29 14:32:37,Najah Robertson,,,,,,,,,L2 Yellow Tag,2026-05-29 14:32:37,Najah Robertson,2026-09-09T00:25:35.989077+00:00
42472,9320068,EDCATL11RPPEB56A,RPP,Electrical,,,3120,Cx Lvl 2 Complete,BCEI,,VERTIV,RVN2E1AN5NNS003,M25K009621,1,FTI,LV Distribution Panel,2025-04-25 11:16:38,Ben Reynolds,2026-02-03 14:10:58,Najah Robertson,,,2026-05-29 14:34:37,Najah Robertson,,,,,,,,,L2 Yellow Tag,2026-05-29 14:34:37,Najah Robertson,2026-09-09T00:25:35.989077+00:00
42472,9320069,EDCATL11RPPEB57A,RPP,Electrical,,,3120,Cx Lvl 2 Complete,BCEI,,VERTIV.,RVN2E1AN5NNS003,M25K009606,1,Fti,LV Distribution Panel,2025-04-25 11:16:38,Ben Reynolds,2026-02-03 14:12:09,Najah Robertson,,,2026-05-29 18:24:36,Najah Robertson,,,,,,,,,L2 Yellow Tag,2026-05-29 18:24:36,Najah Robertson,2026-09-09T00:25:35.989077+00:00
42472,9320070,EDCATL11RPPEB58A,RPP,Electrical,,,3120,Cx Lvl 2 Complete,Bcei,,VERTIV.,RVN2E1AN5NNS003,M25K009624,1,Fti,LV Distribution Panel,2025-04-25 11:16:38,Ben Reynolds,2026-02-03 14:12:09,Najah Robertson,,,2026-05-29 18:28:35,Najah Robertson,,,,,,,,,L2 Yellow Tag,2026-05-29 18:28:35,Najah Robertson,2026-09-09T00:25:35.989077+00:00
42472,9320031,EDCATL11RPPEB119,RPP,Electrical,,,3110,Cx Lvl 2 Complete,BCEI,,VERTIV,RVN2E1AN5NN2N15NNNNANS01D,M25L004598,1,FTI,LV Distribution Panel,2025-04-25 11:16:37,Ben Reynolds,2026-02-02 17:55:21,Najah Robertson,,,2026-05-28 15:13:38,Najah Robertson,,,,,,,,,L2 Yellow Tag,2026-05-28 15:13:38,Najah Robertson,2026-09-09T00:25:35.989077+00:00
42472,9320032,EDCATL11RPPEB129,RPP,Electrical,,,3110,Cx Lvl 2 Complete,BCEI,,VERTIV,RVN2E1AN5NN2N15NNNNANS01D,M25L004318,1,FTI,LV Distribution Panel,2025-04-25 11:16:37,Ben Reynolds,2026-02-02 17:55:21,Najah Robertson,,,2026-05-28 15:14:38,Najah Robertson,,,,,,,,,L2 Yellow Tag,2026-05-28 15:14:38,Najah Robertson,2026-09-09T00:25:35.989077+00:00
42472,9320033,EDCATL11RPPEB139,RPP,Electrical,,,3110,Cx Lvl 2 Complete,BCEI,,VERTIV,RVN2E1AN5NNS01D,M25L004319,1,FTI,LV Distribution Panel,2025-04-25 11:16:37,Ben Reynolds,2026-02-02 22:08:06,Najah Robertson,,,2026-05-28 17:23:37,Najah Robertson,,,,,,,,,L2 Yellow Tag,2026-05-28 17:23:37,Najah Robertson,2026-09-09T00:25:35.989077+00:00
42472,9320034,EDCATL11RPPEB149,RPP,Electrical,,,3110,Cx Lvl 2 Complete,BCEI,,VERTIV,RVN2E1AN5NNS01D,M25L004332,1,FTI,LV Distribution Panel,2025-04-25 11:16:37,Ben Reynolds,2026-02-02 22:08:06,Najah Robertson,,,2026-05-28 17:23:37,Najah Robertson,,,,,,,,,L2 Yellow Tag,2026-05-28 17:23:37,Najah Robertson,2026-09-09T00:25:35.989077+00:00
42472,9320039,EDCATL11RPPEB219,RPP,Electrical,,,3110,Cx Lvl 2 Complete,BCEI,,VERTIV,RVN2E1AN5NN2N15NNNNANS01D,M25L004606,1,FTI,LV Distribution Panel,2025-04-25 11:16:37,Ben Reynolds,2026-02-02 17:55:21,Najah Robertson,,,2026-05-28 15:11:37,Najah Robertson,,,,,,,,,L2 Yellow Tag,2026-05-28 15:11:37,Najah Robertson,2026-09-09T00:25:35.989077+00:00
42472,9320040,EDCATL11RPPEB229,RPP,Electrical,,,3110,Cx Lvl 2 Complete,BCEI,,VERTIV,RVN2E1AN5NN2N15NNNNANS01D,M25L004605,1,FTI,LV Distribution Panel,2025-04-25 11:16:37,Ben Reynolds,2026-02-02 17:55:21,Najah Robertson,,,2026-05-28 15:12:38,Najah Robertson,,,,,,,,,L2 Yellow Tag,2026-05-28 15:12:38,Najah Robertson,2026-09-09T00:25:35.989077+00:00
42472,9320041,EDCATL11RPPEB239,RPP,Electrical,,,3110,Cx Lvl 2 Complete,BCEI,,VERTIV,RVN2E1AN5NNS01D,M25L004338,1,FTI,LV Distribution Panel,2025-04-25 11:16:37,Ben Reynolds,2026-02-02 22:08:06,Najah Robertson,,,2026-05-28 17:24:37,Najah Robertson,,,,,,,,,L2 Yellow Tag,2026-05-28 17:24:37,Najah Robertson,2026-09-09T00:25:35.989077+00:00
42472,9320042,EDCATL11RPPEB249,RPP,Electrical,,,3110,Cx Lvl 2 Complete,BCEI,,VERTIV,RVN2E1AN5NNS0D,M25L004339,1,FTI,LV Distribution Panel,2025-04-25 11:16:37,Ben Reynolds,2026-02-02 22:08:06,Najah Robertson,,,2026-05-28 17:25:37,Najah Robertson,,,,,,,,,L2 Yellow Tag,2026-05-28 17:25:37,Najah Robertson,2026-09-09T00:25:35.989077+00:00
42472,9320047,EDCATL11RPPEB319,RPP,Electrical,,,3110,Cx Lvl 2 Complete,BCEI,,VERTIV,RVN2E1AN5NN2N15NNNNANS01D,M25L004322,1,FTI,LV Distribution Panel,2025-04-25 11:16:37,Ben Reynolds,2026-02-02 17:55:21,Najah Robertson,,,2026-05-28 15:08:37,Najah Robertson,,,,,,,,,L2 Yellow Tag,2026-05-28 15:08:37,Najah Robertson,2026-09-09T00:25:35.989077+00:00
42472,9320048,EDCATL11RPPEB329,RPP,Electrical,,,3110,Cx Lvl 2 Complete,BCEI,,VERTIV,RVN2E1AN5NN2N15NNNNANS01D,M25L004320,1,FTI,LV Distribution Panel,2025-04-25 11:16:37,Ben Reynolds,2026-02-02 17:55:21,Najah Robertson,,,2026-05-28 15:09:37,Najah Robertson,,,,,,,,,L2 Yellow Tag,2026-05-28 15:09:37,Najah Robertson,2026-09-09T00:25:35.989077+00:00
42472,9320049,EDCATL11RPPEB339,RPP,Electrical,,,3110,Cx Lvl 2 Complete,BCEI,,VERTIV,RVN2E1AN5NNS01D,M25M000287,1,FTI,LV Distribution Panel,2025-04-25 11:16:37,Ben Reynolds,2026-02-02 22:08:06,Najah Robertson,,,2026-05-28 17:27:36,Najah Robertson,,,,,,,,,L2 Yellow Tag,2026-05-28 17:27:36,Najah Robertson,2026-09-09T00:25:35.989077+00:00
42472,9320050,EDCATL11RPPEB349,RPP,Electrical,,,3110,Cx Lvl 2 Complete,BCEI,,VERTIV,RVN2E1AN5NNS01D,M25M000419,1,FTI,LV Distribution Panel,2025-04-25 11:16:37,Ben Reynolds,2026-02-02 22:08:06,Najah Robertson,,,2026-05-28 17:27:37,Najah Robertson,,,,,,,,,L2 Yellow Tag,2026-05-28 17:27:37,Najah Robertson,2026-09-09T00:25:35.989077+00:00
42472,9320055,EDCATL11RPPEB419,RPP,Electrical,,,3110,Cx Lvl 2 Complete,Bcei,,VERTIV.,RVN2E1AN5NNS01D,M25L004559,1,Fti,LV Distribution Panel,2025-04-25 11:16:37,Ben Reynolds,2026-02-02 17:55:21,Najah Robertson,,,2026-05-28 15:03:36,Najah Robertson,,,,,,,,,L2 Yellow Tag,2026-05-28 15:03:36,Najah Robertson,2026-09-09T00:25:35.989077+00:00
42472,9320056,EDCATL11RPPEB429,RPP,Electrical,,,3110,Cx Lvl 2 Complete,Bcei,,VERTIV.,RVN2E1AN5NNS01D,M25L004325,1,Fti,LV Distribution Panel,2025-04-25 11:16:37,Ben Reynolds,2026-02-02 17:55:21,Najah Robertson,,,2026-05-28 15:06:37,Najah Robertson,,,,,,,,,L2 Yellow Tag,2026-05-28 15:06:37,Najah Robertson,2026-09-09T00:25:35.989077+00:00
42472,9320057,EDCATL11RPPEB439,RPP,Electrical,,,3110,Cx Lvl 2 Complete,BCEI,,VERTIV,RVN2E1AN5NNS01D,M25M000421,1,FTI,LV Distribution Panel,2025-04-25 11:16:37,Ben Reynolds,2026-02-02 22:08:05,Najah Robertson,,,2026-05-28 17:28:36,Najah Robertson,,,,,,,,,L2 Yellow Tag,2026-05-28 17:28:36,Najah Robertson,2026-09-09T00:25:35.989077+00:00
42472,9320058,EDCATL11RPPEB449,RPP,Electrical,,,3110,Cx Lvl 2 Complete,BCEI,,VERTIV,RVN2E1AN5NNS01D,M25M000284,1,FTI,LV Distribution Panel,2025-04-25 11:16:37,Ben Reynolds,2026-02-02 22:08:06,Najah Robertson,,,2026-05-28 17:29:37,Najah Robertson,,,,,,,,,L2 Yellow Tag,2026-05-28 17:29:37,Najah Robertson,2026-09-09T00:25:35.989077+00:00
42472,9320063,EDCATL11RPPEB519,RPP,Electrical,,,3110,Cx Lvl 2 Complete,Bcei,,VERTIV,RVN2E1AN5NNS01D,M25L004570,1,Fti,LV Distribution Panel,2025-04-25 11:16:37,Ben Reynolds,2026-02-02 17:55:20,Najah Robertson,,,2026-05-28 14:59:37,Najah Robertson,,,,,,,,,L2 Yellow Tag,2026-05-28 14:59:37,Najah Robertson,2026-09-09T00:25:35.989077+00:00
42472,9320064,EDCATL11RPPEB529,RPP,Electrical,,,3110,Cx Lvl 2 Complete,Bcei,,VERTIV.,RVN2E1AN5NNS01D,M25L004572,1,Fti,LV Distribution Panel,2025-04-25 11:16:37,Ben Reynolds,2026-02-02 17:55:20,Najah Robertson,,,2026-05-28 15:00:37,Najah Robertson,,,,,,,,,L2 Yellow Tag,2026-05-28 15:00:37,Najah Robertson,2026-09-09T00:25:35.989077+00:00
42472,9320065,EDCATL11RPPEB539,RPP,Electrical,,,3110,Cx Lvl 2 Complete,BCEI,,VERTIV,RVN2E1AN5NNS01D,M25M000280,1,FTI,LV Distribution Panel,2025-04-25 11:16:38,Ben Reynolds,2026-02-02 22:08:05,Najah Robertson,,,2026-05-28 17:32:36,Najah Robertson,,,,,,,,,L2 Yellow Tag,2026-05-28 17:32:36,Najah Robertson,2026-09-09T00:25:35.989077+00:00
42472,9320066,EDCATL11RPPEB549,RPP,Electrical,,,3110,Cx Lvl 2 Complete,BCEI,,VERTIV,RVN2E1AN5NNS01D,M25M000283,1,FTI,LV Distribution Panel,2025-04-25 11:16:38,Ben Reynolds,2026-02-02 22:08:05,Najah Robertson,,,2026-05-28 17:33:37,Najah Robertson,,,,,,,,,L2 Yellow Tag,2026-05-28 17:33:37,Najah Robertson,2026-09-09T00:25:35.989077+00:00
42472,9320071,EDCATL11RPPEB650,RPP,Electrical,,,3121,Cx Lvl 2 Complete,BCEI,,schneider,290051326135003520,020254688203,1,FTI,LV Distribution Panel,2025-04-25 11:16:38,Ben Reynolds,2026-01-08 22:10:33,Najah Robertson,,,2026-08-05 13:39:53,Najah Robertson,,,,,,,,,L2 Yellow Tag,2026-08-05 13:39:53,Najah Robertson,2026-09-09T00:25:35.989077+00:00
42472,9320076,EDCATL11RPPEC15A,RPP,Electrical,,,3120,Cx Lvl 2 Complete,BCEI,,VERTIV,RVN2E1AN5NNS01D,M25M000548,1,FTI,LV Distribution Panel,2025-04-25 11:16:38,Ben Reynolds,2026-02-03 14:12:06,Najah Robertson,,,2026-05-29 17:38:36,Najah Robertson,,,,,,,,,L2 Yellow Tag,2026-05-29 17:38:36,Najah Robertson,2026-09-09T00:25:35.989077+00:00
42472,9320077,EDCATL11RPPEC16A,RPP,Electrical,,,3120,Cx Lvl 2 Complete,BCEI,,VERTIV,RVN2E1AN5NNS01D,M25M003618,1,FTI,LV Distribution Panel,2025-04-25 11:16:38,Ben Reynolds,2026-02-03 14:11:01,Najah Robertson,,,2026-05-29 17:31:35,Najah Robertson,,,,,,,,,L2 Yellow Tag,2026-05-29 17:31:35,Najah Robertson,2026-09-09T00:25:35.989077+00:00
42472,9320078,EDCATL11RPPEC17A,RPP,Electrical,,,3120,Cx Lvl 2 Complete,BCEI,,VERTIV,RVN2E1AN5NNS01D,M25M000591,1,FTI,LV Distribution Panel,2025-04-25 11:16:38,Ben Reynolds,2026-02-03 14:11:01,Najah Robertson,,,2026-05-29 17:29:38,Najah Robertson,,,,,,,,,L2 Yellow Tag,2026-05-29 17:29:38,Najah Robertson,2026-09-09T00:25:35.989077+00:00
42472,9320079,EDCATL11RPPEC18A,RPP,Electrical,,,3120,Cx Lvl 2 Complete,BCEI,,VERTIV,RVN2E1AN5NNS01D,M25M000583,1,FTI,LV Distribution Panel,2025-04-25 11:16:38,Ben Reynolds,2026-02-03 14:12:06,Najah Robertson,,,2026-05-29 17:37:35,Najah Robertson,,,,,,,,,L2 Yellow Tag,2026-05-29 17:37:35,Najah Robertson,2026-09-09T00:25:35.989077+00:00
42472,9320084,EDCATL11RPPEC25A,RPP,Electrical,,,3120,Cx Lvl 2 Complete,BCEI,,VERTIV,RVN2E1AN5NNS01D,M25K005030,1,FTI,LV Distribution Panel,2025-04-25 11:16:38,Ben Reynolds,2026-02-03 14:10:58,Najah Robertson,,,2026-05-29 14:30:35,Najah Robertson,,,,,,,,,L2 Yellow Tag,2026-05-29 14:30:35,Najah Robertson,2026-09-09T00:25:35.989077+00:00
42472,9320085,EDCATL11RPPEC26A,RPP,Electrical,,,3120,Cx Lvl 2 Complete,BCEI,,VERTIV,RVN2E1AN5NNS01D,M25K009604,1,FTI,LV Distribution Panel,2025-04-25 11:16:38,Ben Reynolds,2026-02-03 14:10:58,Najah Robertson,,,2026-05-29 14:31:36,Najah Robertson,,,,,,,,,L2 Yellow Tag,2026-05-29 14:31:36,Najah Robertson,2026-09-09T00:25:35.989077+00:00
42472,9320086,EDCATL11RPPEC27A,RPP,Electrical,,,3120,Cx Lvl 2 Complete,Bcei,,VERTIV.,RVN2E1AN5NNS003,M25K004812,1,Fti,LV Distribution Panel,2025-04-25 11:16:38,Ben Reynolds,2026-02-03 18:03:01,Najah Robertson,,,2026-05-29 18:32:35,Najah Robertson,,,,,,,,,L2 Yellow Tag,2026-05-29 18:32:35,Najah Robertson,2026-09-09T00:25:35.989077+00:00
42472,9320087,EDCATL11RPPEC28A,RPP,Electrical,,,3120,Cx Lvl 2 Complete,Bcei,,VERTIV,RVN2E1AN5NNS003,M25K004817,1,Fti,LV Distribution Panel,2025-04-25 11:16:38,Ben Reynolds,2026-02-03 18:03:02,Najah Robertson,,,2026-05-29 18:33:35,Najah Robertson,,,,,,,,,L2 Yellow Tag,2026-05-29 18:33:35,Najah Robertson,2026-09-09T00:25:35.989077+00:00
42472,9320092,EDCATL11RPPEC35A,RPP,Electrical,,,3120,Cx Lvl 2 Complete,BCEI,,VERTIV,RVN2E1AN5NNS003,M25K005031,1,FTI,LV Distribution Panel,2025-04-25 11:16:38,Ben Reynolds,2026-02-03 14:10:58,Najah Robertson,,,2026-05-29 14:26:36,Najah Robertson,,,,,,,,,L2 Yellow Tag,2026-05-29 14:26:36,Najah Robertson,2026-09-09T00:25:35.989077+00:00
42472,9320093,EDCATL11RPPEC36A,RPP,Electrical,,,3120,Cx Lvl 2 Complete,BCEI,,VERTIV,RVN2E1AN5NNS003,M25K004833,1,FTI,LV Distribution Panel,2025-04-25 11:16:38,Ben Reynolds,2026-02-03 14:10:58,Najah Robertson,,,2026-05-29 14:29:36,Najah Robertson,,,,,,,,,L2 Yellow Tag,2026-05-29 14:29:36,Najah Robertson,2026-09-09T00:25:35.989077+00:00
42472,9320094,EDCATL11RPPEC37A,RPP,Electrical,,,3120,Cx Lvl 2 Complete,Bcei,,VERTIV.,RVN2E1AN5NNS003,M25K009626,1,Fti,LV Distribution Panel,2025-04-25 11:16:38,Ben Reynolds,2026-02-03 18:03:02,Najah Robertson,,,2026-05-29 18:35:35,Najah Robertson,,,,,,,,,L2 Yellow Tag,2026-05-29 18:35:35,Najah Robertson,2026-09-09T00:25:35.989077+00:00
42472,9320095,EDCATL11RPPEC38A,RPP,Electrical,,,3120,Cx Lvl 2 Complete,Bcei,,VERTIV.,RVN2E1AN5NNS003,M25K000726,1,Fti,LV Distribution Panel,2025-04-25 11:16:38,Ben Reynolds,2026-02-03 18:03:02,Najah Robertson,,,2026-05-29 18:37:36,Najah Robertson,,,,,,,,,L2 Yellow Tag,2026-05-29 18:37:36,Najah Robertson,2026-09-09T00:25:35.989077+00:00
42472,9320100,EDCATL11RPPEC45A,RPP,Electrical,,,3120,Cx Lvl 2 Complete,BCEI,,VERTIV,RVN2E1AN5NNS003,M25K000633,1,FTI,LV Distribution Panel,2025-04-25 11:16:38,Ben Reynolds,2026-02-03 14:10:57,Najah Robertson,,,2026-05-29 14:24:36,Najah Robertson,,,,,,,,,L2 Yellow Tag,2026-05-29 14:24:36,Najah Robertson,2026-09-09T00:25:35.989077+00:00
42472,9320101,EDCATL11RPPEC46A,RPP,Electrical,,,3120,Cx Lvl 2 Complete,BCEI,,VERTIV,RVN2E1AN5NNS003,M25K000634,1,FTI,LV Distribution Panel,2025-04-25 11:16:38,Ben Reynolds,2026-02-03 14:10:58,Najah Robertson,,,2026-05-29 14:25:35,Najah Robertson,,,,,,,,,L2 Yellow Tag,2026-05-29 14:25:35,Najah Robertson,2026-09-09T00:25:35.989077+00:00
42472,9320102,EDCATL11RPPEC47A,RPP,Electrical,,,3120,Cx Lvl 2 Complete,Bcei,,VERTIV.,RVN2E1AN5NNS003,M25K004837,1,Fti,LV Distribution Panel,2025-04-25 11:16:38,Ben Reynolds,2026-02-03 18:03:02,Najah Robertson,,,2026-05-29 18:38:35,Najah Robertson,,,,,,,,,L2 Yellow Tag,2026-05-29 18:38:35,Najah Robertson,2026-09-09T00:25:35.989077+00:00
42472,9320103,EDCATL11RPPEC48A,RPP,Electrical,,,3120,Cx Lvl 2 Complete,Bcei,,VERTIV,RVN2E1AN5NNS003,M25K005040,1,Fti,LV Distribution Panel,2025-04-25 11:16:38,Ben Reynolds,2026-02-03 18:03:03,Najah Robertson,,,2026-05-29 18:40:36,Najah Robertson,,,,,,,,,L2 Yellow Tag,2026-05-29 18:40:36,Najah Robertson,2026-09-09T00:25:35.989077+00:00
42472,9320108,EDCATL11RPPEC55A,RPP,Electrical,,,3120,Cx Lvl 2 Complete,BCEI,,VERTIV,RVN2E1AN5NNS003,M25K000632,1,FTI,LV Distribution Panel,2025-04-25 11:16:38,Ben Reynolds,2026-02-03 14:10:57,Najah Robertson,,,2026-05-29 14:20:35,Najah Robertson,,,,,,,,,L2 Yellow Tag,2026-05-29 14:20:35,Najah Robertson,2026-09-09T00:25:35.989077+00:00
42472,9320109,EDCATL11RPPEC56A,RPP,Electrical,,,3120,Cx Lvl 2 Complete,BCEI,,VERTIV,RVN2E1AN5NNS003,M25K005034,1,FTI,LV Distribution Panel,2025-04-25 11:16:38,Ben Reynolds,2026-02-03 14:10:57,Najah Robertson,,,2026-05-29 14:22:36,Najah Robertson,,,,,,,,,L2 Yellow Tag,2026-05-29 14:22:36,Najah Robertson,2026-09-09T00:25:35.989077+00:00
42472,9320110,EDCATL11RPPEC57A,RPP,Electrical,,,3120,Cx Lvl 2 Complete,Bcei,,VERTIV.,RVN2E1AN5NNS003,M25K004815,1,Fti,LV Distribution Panel,2025-04-25 11:16:38,Ben Reynolds,2026-02-03 18:03:03,Najah Robertson,,,2026-05-29 18:42:36,Najah Robertson,,,,,,,,,L2 Yellow Tag,2026-05-29 18:42:36,Najah Robertson,2026-09-09T00:25:35.989077+00:00
42472,9320111,EDCATL11RPPEC58A,RPP,Electrical,,,3120,Cx Lvl 2 Complete,Bcei,,VERTIV.,RVN2E1AN5NNS003,M25K004820,1,Fti,LV Distribution Panel,2025-04-25 11:16:38,Ben Reynolds,2026-02-03 18:03:03,Najah Robertson,,,2026-05-29 18:44:35,Najah Robertson,,,,,,,,,L2 Yellow Tag,2026-05-29 18:44:35,Najah Robertson,2026-09-09T00:25:35.989077+00:00
42472,9320072,EDCATL11RPPEC119,RPP,Electrical,,,3110,Cx Lvl 2 Complete,Bcei,,VERTIV.,RVN2E1AN5NNS01D,M25L004583,1,Fti,LV Distribution Panel,2025-04-25 11:16:38,Ben Reynolds,2026-02-02 17:55:20,Najah Robertson,,,2026-05-28 14:57:37,Najah Robertson,,,,,,,,,L2 Yellow Tag,2026-05-28 14:57:37,Najah Robertson,2026-09-09T00:25:35.989077+00:00
42472,9320073,EDCATL11RPPEC129,RPP,Electrical,,,3110,Cx Lvl 2 Complete,Bcei,,VERTIV,RVN2E1AN5NNS01D,M25L004581,1,Fti,LV Distribution Panel,2025-04-25 11:16:38,Ben Reynolds,2026-02-02 17:55:20,Najah Robertson,,,2026-05-28 14:58:37,Najah Robertson,,,,,,,,,L2 Yellow Tag,2026-05-28 14:58:37,Najah Robertson,2026-09-09T00:25:35.989077+00:00
42472,9320074,EDCATL11RPPEC139,RPP,Electrical,,,3110,Cx Lvl 2 Complete,BCEI,,VERTIV,RVN2E1AN5NNS01D,M25L004579,1,FTI,LV Distribution Panel,2025-04-25 11:16:38,Ben Reynolds,2026-02-02 22:08:05,Najah Robertson,,,2026-05-28 17:34:37,Najah Robertson,,,,,,,,,L2 Yellow Tag,2026-05-28 17:34:37,Najah Robertson,2026-09-09T00:25:35.989077+00:00
42472,9320075,EDCATL11RPPEC149,RPP,Electrical,,,3110,Cx Lvl 2 Complete,BCEI,,VERTIV,RVN2E1AN5NNS01D,M25L004587,1,FTI,LV Distribution Panel,2025-04-25 11:16:38,Ben Reynolds,2026-02-02 22:08:05,Najah Robertson,,,2026-05-28 17:37:36,Najah Robertson,,,,,,,,,L2 Yellow Tag,2026-05-28 17:37:36,Najah Robertson,2026-09-09T00:25:35.989077+00:00
42472,9320080,EDCATL11RPPEC219,RPP,Electrical,,,3110,Cx Lvl 2 Complete,Bcei,,VERTIV,RVN2E1AN5NNS01D,M25L004604,1,Fti,LV Distribution Panel,2025-04-25 11:16:38,Ben Reynolds,2026-02-02 17:55:20,Najah Robertson,,,2026-05-28 14:51:37,Najah Robertson,,,,,,,,,L2 Yellow Tag,2026-05-28 14:51:37,Najah Robertson,2026-09-09T00:25:35.989077+00:00
42472,9320081,EDCATL11RPPEC229,RPP,Electrical,,,3110,Cx Lvl 2 Complete,Bcei,,VERTIV.,RVN2E1AN5NNS01D,M25L004591,1,Fti,LV Distribution Panel,2025-04-25 11:16:38,Ben Reynolds,2026-02-02 17:55:20,Najah Robertson,,,2026-05-28 14:55:37,Najah Robertson,,,,,,,,,L2 Yellow Tag,2026-05-28 14:55:37,Najah Robertson,2026-09-09T00:25:35.989077+00:00
42472,9320082,EDCATL11RPPEC239,RPP,Electrical,,,3110,Cx Lvl 2 Complete,BCEI,,VERTIV,RVN2E1AN5NNS01D,M25L004585,1,FTI,LV Distribution Panel,2025-04-25 11:16:38,Ben Reynolds,2026-02-02 22:08:05,Najah Robertson,,,2026-05-28 17:38:37,Najah Robertson,,,,,,,,,L2 Yellow Tag,2026-05-28 17:38:37,Najah Robertson,2026-09-09T00:25:35.989077+00:00
42472,9320083,EDCATL11RPPEC249,RPP,Electrical,,,3110,Cx Lvl 2 Complete,BCEI,,VERTIV,RVN2E1AN5NNS01D,M25L004329,1,FTI,LV Distribution Panel,2025-04-25 11:16:38,Ben Reynolds,2026-02-02 22:08:05,Najah Robertson,,,2026-05-28 17:38:37,Najah Robertson,,,,,,,,,L2 Yellow Tag,2026-05-28 17:38:37,Najah Robertson,2026-09-09T00:25:35.989077+00:00
42472,9320088,EDCATL11RPPEC319,RPP,Electrical,,,3110,Cx Lvl 2 Complete,Bcei,,VERTIV.,RVN2E1AN5NNS01D,M25L004560,1,Fti,LV Distribution Panel,2025-04-25 11:16:38,Ben Reynolds,2026-02-02 17:55:19,Najah Robertson,,,2026-05-28 14:49:37,Najah Robertson,,,,,,,,,L2 Yellow Tag,2026-05-28 14:49:37,Najah Robertson,2026-09-09T00:25:35.989077+00:00
42472,9320089,EDCATL11RPPEC329,RPP,Electrical,,,3110,Cx Lvl 2 Complete,Bcei,,VERTIV,RVN2E1AN5NNS01D,M25L004548,1,Fti,LV Distribution Panel,2025-04-25 11:16:38,Ben Reynolds,2026-02-02 17:55:20,Najah Robertson,,,2026-05-28 14:49:38,Najah Robertson,,,,,,,,,L2 Yellow Tag,2026-05-28 14:49:38,Najah Robertson,2026-09-09T00:25:35.989077+00:00
42472,9320090,EDCATL11RPPEC339,RPP,Electrical,,,3110,Cx Lvl 2 Complete,BCEI,,VERTIV.,RVN2E1AN5NNS01D,M25L004780,1,Fti,LV Distribution Panel,2025-04-25 11:16:38,Ben Reynolds,2026-02-02 22:08:04,Najah Robertson,,,2026-05-28 17:39:37,Najah Robertson,,,,,,,,,L2 Yellow Tag,2026-05-28 17:39:37,Najah Robertson,2026-09-09T00:25:35.989077+00:00
42472,9320091,EDCATL11RPPEC349,RPP,Electrical,,,3110,Cx Lvl 2 Complete,VERTIV.,,VERTIV.,RVN2E1AN5NN2N15NNNNANS01D,M25L004595,1,Fti,LV Distribution Panel,2025-04-25 11:16:38,Ben Reynolds,2026-02-02 22:08:05,Najah Robertson,,,2026-05-28 17:40:37,Najah Robertson,,,,,,,,,L2 Yellow Tag,2026-05-28 17:40:37,Najah Robertson,2026-09-09T00:25:35.989077+00:00
42472,9320096,EDCATL11RPPEC419,RPP,Electrical,,,3110,Cx Lvl 2 Complete,Bcei,,VERTIV,RVN2E1AN5NNS01D,M25L004784,1,Fti,LV Distribution Panel,2025-04-25 11:16:38,Ben Reynolds,2026-02-02 17:55:19,Najah Robertson,,,2026-05-28 14:45:37,Najah Robertson,,,,,,,,,L2 Yellow Tag,2026-05-28 14:45:37,Najah Robertson,2026-09-09T00:25:35.989077+00:00
42472,9320097,EDCATL11RPPEC429,RPP,Electrical,,,3110,Cx Lvl 2 Complete,Bcei,,VERTIV,RVN2E1AN5NNS01D,M25L004786,1,Fti,LV Distribution Panel,2025-04-25 11:16:38,Ben Reynolds,2026-02-02 17:55:19,Najah Robertson,,,2026-05-28 14:46:38,Najah Robertson,,,,,,,,,L2 Yellow Tag,2026-05-28 14:46:38,Najah Robertson,2026-09-09T00:25:35.989077+00:00
42472,9320098,EDCATL11RPPEC439,RPP,Electrical,,,3110,Cx Lvl 2 Complete,Bcei,,VERTIV,RVN2E1AN5NNS01D,M25L004779,1,Fti,LV Distribution Panel,2025-04-25 11:16:38,Ben Reynolds,2026-02-02 22:08:04,Najah Robertson,,,2026-09-01 15:46:54,Najah Robertson,,,,,,,,,L2 Yellow Tag,2026-09-01 15:46:54,Najah Robertson,2026-09-09T00:25:35.989077+00:00
42472,9320099,EDCATL11RPPEC449,RPP,Electrical,,,3110,Cx Lvl 2 Complete,Bcei,,VERTIV.,RVN2E1AN5NNS01D,M25L004778,1,Fti,LV Distribution Panel,2025-04-25 11:16:38,Ben Reynolds,2026-02-02 22:08:04,Najah Robertson,,,2026-05-28 17:43:36,Najah Robertson,,,,,,,,,L2 Yellow Tag,2026-05-28 17:43:36,Najah Robertson,2026-09-09T00:25:35.989077+00:00
42472,9320104,EDCATL11RPPEC519,RPP,Electrical,,,3110,Cx Lvl 2 Complete,Bcei,,VERTIV,RVN2E1AN5NNS01D,M25L004563,1,Fti,LV Distribution Panel,2025-04-25 11:16:38,Ben Reynolds,2026-02-02 17:55:19,Najah Robertson,,,2026-05-28 14:44:36,Najah Robertson,,,,,,,,,L2 Yellow Tag,2026-05-28 14:44:36,Najah Robertson,2026-09-09T00:25:35.989077+00:00
42472,9320105,EDCATL11RPPEC529,RPP,Electrical,,,3110,Cx Lvl 2 Complete,Bcei,,VERTIV,RVN2E1AN5NNS01D,M25L004785,1,Fti,LV Distribution Panel,2025-04-25 11:16:38,Ben Reynolds,2026-02-02 17:55:19,Najah Robertson,,,2026-05-28 14:37:37,Najah Robertson,,,,,,,,,L2 Yellow Tag,2026-05-28 14:37:37,Najah Robertson,2026-09-09T00:25:35.989077+00:00
42472,9320106,EDCATL11RPPEC539,RPP,Electrical,,,3110,Cx Lvl 2 Complete,BCEI,,VERTIV,RVN2E1AN5NNS01D,M25L004777,1,FTI,LV Distribution Panel,2025-04-25 11:16:38,Ben Reynolds,2026-02-02 22:08:04,Najah Robertson,,,2026-05-28 17:44:38,Najah Robertson,,,,,,,,,L2 Yellow Tag,2026-05-28 17:44:38,Najah Robertson,2026-09-09T00:25:35.989077+00:00
42472,9320107,EDCATL11RPPEC549,RPP,Electrical,,,3110,Cx Lvl 2 Complete,BCEI,,VERTIV,RVN2E1AN5NNS01D,M25L004781,1,FTI,LV Distribution Panel,2025-04-25 11:16:38,Ben Reynolds,2026-02-02 22:08:04,Najah Robertson,,,2026-05-28 17:45:36,Najah Robertson,,,,,,,,,L2 Yellow Tag,2026-05-28 17:45:36,Najah Robertson,2026-09-09T00:25:35.989077+00:00
42472,9320112,EDCATL11RPPEC650,RPP,Electrical,,,3033,Cx Lvl 2 Complete,BCEI,,VERTIV,RVN2E1AN5NNS01D,M25M005612,1,FTI,LV Distribution Panel,2025-04-25 11:16:38,Ben Reynolds,2026-03-18 18:00:57,Najah Robertson,,,2026-09-01 15:46:54,Najah Robertson,,,,,,,,,L2 Yellow Tag,2026-09-01 15:46:54,Najah Robertson,2026-09-09T00:25:35.989077+00:00
42472,9320113,EDCATL11RPPEC660,RPP,Electrical,,,3033,Cx Lvl 2 Complete,BCEI,,VERTIV,RVN2E1AN5NNS01D,M25M003622,1,FTI,LV Distribution Panel,2025-04-25 11:16:38,Ben Reynolds,2026-03-18 18:01:25,Najah Robertson,,,2026-09-01 15:46:54,Najah Robertson,,,,,,,,,L2 Yellow Tag,2026-09-01 15:46:54,Najah Robertson,2026-09-09T00:25:35.989077+00:00
42472,9320118,EDCATL11RPPED15A,RPP,Electrical,,,3120,Cx Lvl 2 Complete,BCEI,,VERTIV,RVN2E1AN5NNS01D,M25M000587,1,FTI,LV Distribution Panel,2025-04-25 11:16:38,Ben Reynolds,2026-02-03 14:10:57,Najah Robertson,,,2026-05-29 14:15:35,Najah Robertson,,,,,,,,,L2 Yellow Tag,2026-05-29 14:15:35,Najah Robertson,2026-09-09T00:25:35.989077+00:00
42472,9320119,EDCATL11RPPED16A,RPP,Electrical,,,3120,Cx Lvl 2 Complete,BCEI,,VERTIV,RVN2E1AN5NNS01D,M25M000590,1,FTI,LV Distribution Panel,2025-04-25 11:16:38,Ben Reynolds,2026-02-03 14:10:57,Najah Robertson,,,2026-05-29 14:15:35,Najah Robertson,,,,,,,,,L2 Yellow Tag,2026-05-29 14:15:35,Najah Robertson,2026-09-09T00:25:35.989077+00:00
42472,9320120,EDCATL11RPPED17A,RPP,Electrical,,,3120,Cx Lvl 2 Complete,BCEI,,VERTIV,RVN2E1AN5NN1N15NNNNANS003,M25K004821,1,FTI,LV Distribution Panel,2025-04-25 11:16:38,Ben Reynolds,2026-02-03 18:03:04,Najah Robertson,,,2026-05-29 18:49:35,Najah Robertson,,,,,,,,,L2 Yellow Tag,2026-05-29 18:49:35,Najah Robertson,2026-09-09T00:25:35.989077+00:00
42472,9320121,EDCATL11RPPED18A,RPP,Electrical,,,3120,Cx Lvl 2 Complete,BCEI,,VERTIV,RVN2E1AN5NN1N15NNNNANS003,M25K005036,1,FTI,LV Distribution Panel,2025-04-25 11:16:38,Ben Reynolds,2026-02-03 18:03:04,Najah Robertson,,,2026-05-29 18:53:35,Najah Robertson,,,,,,,,,L2 Yellow Tag,2026-05-29 18:53:35,Najah Robertson,2026-09-09T00:25:35.989077+00:00
42472,9320126,EDCATL11RPPED25A,RPP,Electrical,,,3120,Cx Lvl 2 Complete,BCEI,,VERTIV,RVN2E1AN5NNS01D,M25L004148,1,FTI,LV Distribution Panel,2025-04-25 11:16:38,Ben Reynolds,2026-02-03 14:10:57,Najah Robertson,,,2026-05-29 14:08:36,Najah Robertson,,,,,,,,,L2 Yellow Tag,2026-05-29 14:08:36,Najah Robertson,2026-09-09T00:25:35.989077+00:00
42472,9320127,EDCATL11RPPED26A,RPP,Electrical,,,3120,Cx Lvl 2 Complete,BCEI,,VERTIV,RVN2E1AN5NNS01D,M25M000593,1,FTI,LV Distribution Panel,2025-04-25 11:16:38,Ben Reynolds,2026-02-03 14:10:57,Najah Robertson,,,2026-05-29 14:08:36,Najah Robertson,,,,,,,,,L2 Yellow Tag,2026-05-29 14:08:36,Najah Robertson,2026-09-09T00:25:35.989077+00:00
42472,9320128,EDCATL11RPPED27A,RPP,Electrical,,,3120,Cx Lvl 2 Complete,BCEI,,VERTIV,RVN2E1AN5NNS003,M25K005037,1,FTI,LV Distribution Panel,2025-04-25 11:16:38,Ben Reynolds,2026-02-03 18:03:04,Najah Robertson,,,2026-05-29 18:56:35,Najah Robertson,,,,,,,,,L2 Yellow Tag,2026-05-29 18:56:35,Najah Robertson,2026-09-09T00:25:35.989077+00:00
42472,9320129,EDCATL11RPPED28A,RPP,Electrical,,,3120,Cx Lvl 2 Complete,BCEI,,VERTIV,RVN2E1AN5NNNNS003,M25K004819,1,FTI,LV Distribution Panel,2025-04-25 11:16:38,Ben Reynolds,2026-02-03 18:03:04,Najah Robertson,,,2026-05-29 18:58:35,Najah Robertson,,,,,,,,,L2 Yellow Tag,2026-05-29 18:58:35,Najah Robertson,2026-09-09T00:25:35.989077+00:00
42472,9320134,EDCATL11RPPED35A,RPP,Electrical,,,3120,Cx Lvl 2 Complete,BCEI,,VERTIV,RVN2E1AN5NNS01D,M25L004149,1,FTI,LV Distribution Panel,2025-04-25 11:16:38,Ben Reynolds,2026-02-03 14:10:56,Najah Robertson,,,2026-05-29 14:05:36,Najah Robertson,,,,,,,,,L2 Yellow Tag,2026-05-29 14:05:36,Najah Robertson,2026-09-09T00:25:35.989077+00:00
42472,9320135,EDCATL11RPPED36A,RPP,Electrical,,,3120,Cx Lvl 2 Complete,BCEI,,VERTIV,RVN2E1AN5NNS01D,M25L004152,1,FTI,LV Distribution Panel,2025-04-25 11:16:38,Ben Reynolds,2026-02-03 14:10:57,Najah Robertson,,,2026-05-29 14:06:36,Najah Robertson,,,,,,,,,L2 Yellow Tag,2026-05-29 14:06:36,Najah Robertson,2026-09-09T00:25:35.989077+00:00
42472,9320136,EDCATL11RPPED37A,RPP,Electrical,,,3120,Cx Lvl 2 Complete,BCEI,,VERTIV,RVN2E1AN5NNS003,M25K005028,1,FTI,LV Distribution Panel,2025-04-25 11:16:38,Ben Reynolds,2026-02-03 18:03:04,Najah Robertson,,,2026-05-29 19:00:35,Najah Robertson,,,,,,,,,L2 Yellow Tag,2026-05-29 19:00:35,Najah Robertson,2026-09-09T00:25:35.989077+00:00
42472,9320137,EDCATL11RPPED38A,RPP,Electrical,,,3120,Cx Lvl 2 Complete,BCEI,,VERTIV,RVN2E1AN5NNS003,M25K005032,1,FTI,LV Distribution Panel,2025-04-25 11:16:38,Ben Reynolds,2026-02-03 18:03:05,Najah Robertson,,,2026-05-29 19:02:35,Najah Robertson,,,,,,,,,L2 Yellow Tag,2026-05-29 19:02:35,Najah Robertson,2026-09-09T00:25:35.989077+00:00
42472,9320142,EDCATL11RPPED45A,RPP,Electrical,,,3120,Cx Lvl 2 Complete,BCEI,,VERTIV,RVN2E1AN5NNS003,M25K000628,1,FTI,LV Distribution Panel,2025-04-25 11:16:38,Ben Reynolds,2026-02-03 14:10:56,Najah Robertson,,,2026-05-29 13:58:36,Najah Robertson,,,,,,,,,L2 Yellow Tag,2026-05-29 13:58:36,Najah Robertson,2026-09-09T00:25:35.989077+00:00
42472,9320143,EDCATL11RPPED46A,RPP,Electrical,,,3120,Cx Lvl 2 Complete,BCEI,,VERTIV,RVN2E1AN5NNS003,M25K000624,1,FTI,LV Distribution Panel,2025-04-25 11:16:38,Ben Reynolds,2026-02-03 14:10:56,Najah Robertson,,,2026-05-29 13:59:36,Najah Robertson,,,,,,,,,L2 Yellow Tag,2026-05-29 13:59:36,Najah Robertson,2026-09-09T00:25:35.989077+00:00
42472,9320144,EDCATL11RPPED47A,RPP,Electrical,,,3120,Cx Lvl 2 Complete,BCEI,,VERTIV,RVN2E1AN5NNS003,M25K005035,1,FTI,LV Distribution Panel,2025-04-25 11:16:38,Ben Reynolds,2026-02-03 18:03:05,Najah Robertson,,,2026-05-29 19:05:35,Najah Robertson,,,,,,,,,L2 Yellow Tag,2026-05-29 19:05:35,Najah Robertson,2026-09-09T00:25:35.989077+00:00
42472,9320145,EDCATL11RPPED48A,RPP,Electrical,,,3120,Cx Lvl 2 Complete,BCEI,,VERTIV,RVN2E1AN5NNS003,M25K005029,1,FTI,LV Distribution Panel,2025-04-25 11:16:38,Ben Reynolds,2026-02-03 18:03:05,Najah Robertson,,,2026-05-29 19:07:35,Najah Robertson,,,,,,,,,L2 Yellow Tag,2026-05-29 19:07:35,Najah Robertson,2026-09-09T00:25:35.989077+00:00
42472,9320150,EDCATL11RPPED55A,RPP,Electrical,,,3120,Cx Lvl 2 Complete,BCEI,,VERTIV,RVN2E1AN5NNS003,M25K000629,1,FTI,LV Distribution Panel,2025-04-25 11:16:38,Ben Reynolds,2026-02-03 14:10:56,Najah Robertson,,,2026-05-29 13:56:36,Najah Robertson,,,,,,,,,L2 Yellow Tag,2026-05-29 13:56:36,Najah Robertson,2026-09-09T00:25:35.989077+00:00
42472,9320151,EDCATL11RPPED56A,RPP,Electrical,,,3120,Cx Lvl 2 Complete,BCEI,,VERTIV,RVN2E1AN5NNS003,M25K005026,1,FTI,LV Distribution Panel,2025-04-25 11:16:38,Ben Reynolds,2026-02-03 14:10:56,Najah Robertson,,,2026-05-29 13:56:36,Najah Robertson,,,,,,,,,L2 Yellow Tag,2026-05-29 13:56:36,Najah Robertson,2026-09-09T00:25:35.989077+00:00
42472,9320152,EDCATL11RPPED57A,RPP,Electrical,,,3120,Cx Lvl 2 Complete,BCEI,,VERTIV.,RVN2E1AN5NNS003,M25K005039,1,FTI,LV Distribution Panel,2025-04-25 11:16:38,Ben Reynolds,2026-02-03 18:03:05,Najah Robertson,,,2026-05-29 19:10:36,Najah Robertson,,,,,,,,,L2 Yellow Tag,2026-05-29 19:10:36,Najah Robertson,2026-09-09T00:25:35.989077+00:00
42472,9320153,EDCATL11RPPED58A,RPP,Electrical,,,3120,Cx Lvl 2 Complete,BCEI,,VERTIV.,RVN2E1AN5NNS003,M25K005038,1,FTI,LV Distribution Panel,2025-04-25 11:16:38,Ben Reynolds,2026-02-03 18:03:05,Najah Robertson,,,2026-05-29 19:11:36,Najah Robertson,,,,,,,,,L2 Yellow Tag,2026-05-29 19:11:36,Najah Robertson,2026-09-09T00:25:35.989077+00:00
42472,9320114,EDCATL11RPPED119,RPP,Electrical,,,3110,Cx Lvl 2 Complete,Bcei,,VERTIV,RVN2E1AN5NNS01D,M25L004577,1,Fti,LV Distribution Panel,2025-04-25 11:16:38,Ben Reynolds,2026-02-02 17:55:19,Najah Robertson,,,2026-05-28 14:31:37,Najah Robertson,,,,,,,,,L2 Yellow Tag,2026-05-28 14:31:37,Najah Robertson,2026-09-09T00:25:35.989077+00:00
42472,9320115,EDCATL11RPPED129,RPP,Electrical,,,3110,Cx Lvl 2 Complete,Bcei,,VERTIV.,RVN2E1AN5NNS01D,M25L004550,1,Fti,LV Distribution Panel,2025-04-25 11:16:38,Ben Reynolds,2026-02-02 17:55:19,Najah Robertson,,,2026-05-28 14:36:37,Najah Robertson,,,,,,,,,L2 Yellow Tag,2026-05-28 14:36:37,Najah Robertson,2026-09-09T00:25:35.989077+00:00
42472,9320116,EDCATL11RPPED139,RPP,Electrical,,,3110,Cx Lvl 2 Complete,BCEI,,VERTIV,RVN2E1AN5NNS01D,M25L004552,1,FTI,LV Distribution Panel,2025-04-25 11:16:38,Ben Reynolds,2026-02-02 22:08:04,Najah Robertson,,,2026-05-28 17:46:37,Najah Robertson,,,,,,,,,L2 Yellow Tag,2026-05-28 17:46:37,Najah Robertson,2026-09-09T00:25:35.989077+00:00
42472,9320117,EDCATL11RPPED149,RPP,Electrical,,,3110,Cx Lvl 2 Complete,BCEI,,VERTIV,RVN2E1AN5NNS01D,M25L004341,1,FTI,LV Distribution Panel,2025-04-25 11:16:38,Ben Reynolds,2026-02-02 22:08:04,Najah Robertson,,,2026-05-28 17:46:38,Najah Robertson,,,,,,,,,L2 Yellow Tag,2026-05-28 17:46:38,Najah Robertson,2026-09-09T00:25:35.989077+00:00
42472,9320122,EDCATL11RPPED219,RPP,Electrical,,,3110,Cx Lvl 2 Complete,Bcei,,VERTIV.,RVN2E1AN5NNS01D,M25L004569,1,Fti,LV Distribution Panel,2025-04-25 11:16:38,Ben Reynolds,2026-02-02 17:55:18,Najah Robertson,,,2026-05-28 14:26:37,Najah Robertson,,,,,,,,,L2 Yellow Tag,2026-05-28 14:26:37,Najah Robertson,2026-09-09T00:25:35.989077+00:00
42472,9320123,EDCATL11RPPED229,RPP,Electrical,,,3110,Cx Lvl 2 Complete,Bcei,,VERTIV.,RVN2E1AN5NNS01D,M25L004557,1,Fti,LV Distribution Panel,2025-04-25 11:16:38,Ben Reynolds,2026-02-02 17:55:19,Najah Robertson,,,2026-05-28 14:28:36,Najah Robertson,,,,,,,,,L2 Yellow Tag,2026-05-28 14:28:36,Najah Robertson,2026-09-09T00:25:35.989077+00:00
42472,9320124,EDCATL11RPPED239,RPP,Electrical,,,3110,Cx Lvl 2 Complete,BCEI,,VERTIV,RVN2E1AN5NNS01D,M25L004311,1,FTI,LV Distribution Panel,2025-04-25 11:16:38,Ben Reynolds,2026-02-02 22:08:04,Najah Robertson,,,2026-05-28 17:48:37,Najah Robertson,,,,,,,,,L2 Yellow Tag,2026-05-28 17:48:37,Najah Robertson,2026-09-09T00:25:35.989077+00:00
42472,9320125,EDCATL11RPPED249,RPP,Electrical,,,3110,Cx Lvl 2 Complete,BCEI,,VERTIV,RVN2E1AN5NNS01D,M25L004317,1,FTI,LV Distribution Panel,2025-04-25 11:16:38,Ben Reynolds,2026-02-02 22:08:04,Najah Robertson,,,2026-05-28 17:50:38,Najah Robertson,,,,,,,,,L2 Yellow Tag,2026-05-28 17:50:38,Najah Robertson,2026-09-09T00:25:35.989077+00:00
42472,9320130,EDCATL11RPPED319,RPP,Electrical,,,3110,Cx Lvl 2 Complete,Bcei,,VERTIV.,RVN2E1AN5NNS01D,M25L004576,1,Fti,LV Distribution Panel,2025-04-25 11:16:38,Ben Reynolds,2026-02-02 17:55:18,Najah Robertson,,,2026-05-28 14:22:37,Najah Robertson,,,,,,,,,L2 Yellow Tag,2026-05-28 14:22:37,Najah Robertson,2026-09-09T00:25:35.989077+00:00
42472,9320131,EDCATL11RPPED329,RPP,Electrical,,,3110,Cx Lvl 2 Complete,Bcei,,VERTIV,RVN2E1AN5NNS01D,M25L004586,1,Fti,LV Distribution Panel,2025-04-25 11:16:38,Ben Reynolds,2026-02-02 17:55:18,Najah Robertson,,,2026-05-28 14:24:36,Najah Robertson,,,,,,,,,L2 Yellow Tag,2026-05-28 14:24:36,Najah Robertson,2026-09-09T00:25:35.989077+00:00
42472,9320132,EDCATL11RPPED339,RPP,Electrical,,,3110,Cx Lvl 2 Complete,BCEI,,VERTIV,RVN2E1AN5NNS01D,M25L004323,1,FTI,LV Distribution Panel,2025-04-25 11:16:38,Ben Reynolds,2026-02-02 22:08:03,Najah Robertson,,,2026-05-28 18:37:38,Najah Robertson,,,,,,,,,L2 Yellow Tag,2026-05-28 18:37:38,Najah Robertson,2026-09-09T00:25:35.989077+00:00
42472,9320133,EDCATL11RPPED349,RPP,Electrical,,,3110,Cx Lvl 2 Complete,BCEI,,VERTIV,RVN2E1AN5NNS01D,M25L004330,1,FTI,LV Distribution Panel,2025-04-25 11:16:38,Ben Reynolds,2026-02-02 22:08:03,Najah Robertson,,,2026-05-28 18:41:36,Najah Robertson,,,,,,,,,L2 Yellow Tag,2026-05-28 18:41:36,Najah Robertson,2026-09-09T00:25:35.989077+00:00
42472,9320138,EDCATL11RPPED419,RPP,Electrical,,,3110,Cx Lvl 2 Complete,Bcei,,VERTIV.,RVN2E1AN5NNS01D,M25M000279,1,Fti,LV Distribution Panel,2025-04-25 11:16:38,Ben Reynolds,2026-02-02 17:55:18,Najah Robertson,,,2026-05-28 14:16:37,Najah Robertson,,,,,,,,,L2 Yellow Tag,2026-05-28 14:16:37,Najah Robertson,2026-09-09T00:25:35.989077+00:00
42472,9320139,EDCATL11RPPED429,RPP,Electrical,,,3110,Cx Lvl 2 Complete,Bcei,,VERTIV,RVN2E1AN5NNS01D,M25L004578,1,FTI,LV Distribution Panel,2026-01-13 13:41:19,Randle Hite,2026-02-02 17:55:18,Najah Robertson,,,2026-05-28 14:18:37,Najah Robertson,,,,,,,,,L2 Yellow Tag,2026-05-28 14:18:37,Najah Robertson,2026-09-09T00:25:35.989077+00:00
42472,9320140,EDCATL11RPPED439,RPP,Electrical,,,3110,Cx Lvl 2 Complete,BCEI,,VERTIV,RVN2E1AN5NNS01D,M25L004575,1,FTI,LV Distribution Panel,2025-04-25 11:16:38,Ben Reynolds,2026-02-02 22:08:03,Najah Robertson,,,2026-05-28 18:42:37,Najah Robertson,,,,,,,,,L2 Yellow Tag,2026-05-28 18:42:37,Najah Robertson,2026-09-09T00:25:35.989077+00:00
42472,9320141,EDCATL11RPPED449,RPP,Electrical,,,3110,Cx Lvl 2 Complete,BCEI,,VERTIV,RVN2E1AN5NNS01D,M25L004335,1,FTI,LV Distribution Panel,2025-04-25 11:16:38,Ben Reynolds,2026-02-02 22:08:03,Najah Robertson,,,2026-05-28 18:43:38,Najah Robertson,,,,,,,,,L2 Yellow Tag,2026-05-28 18:43:38,Najah Robertson,2026-09-09T00:25:35.989077+00:00
42472,9320146,EDCATL11RPPED519,RPP,Electrical,,,3110,Cx Lvl 2 Complete,Bcei,,VERTIV.,RVN2E1AN5NNS01D,M25M000281,1,Fti,LV Distribution Panel,2025-04-25 11:16:38,Ben Reynolds,2026-02-02 17:55:18,Najah Robertson,,,2026-05-28 14:10:37,Najah Robertson,,,,,,,,,L2 Yellow Tag,2026-05-28 14:10:37,Najah Robertson,2026-09-09T00:25:35.989077+00:00
42472,9320147,EDCATL11RPPED529,RPP,Electrical,,,3110,Cx Lvl 2 Complete,Bcei,,VERTIV.,RVN2E1AN5NNS01D,M25M000282,1,Fti,LV Distribution Panel,2025-04-25 11:16:38,Ben Reynolds,2026-02-02 17:55:18,Najah Robertson,,,2026-05-28 14:14:37,Najah Robertson,,,,,,,,,L2 Yellow Tag,2026-05-28 14:14:37,Najah Robertson,2026-09-09T00:25:35.989077+00:00
42472,9320148,EDCATL11RPPED539,RPP,Electrical,,,3110,Cx Lvl 2 Complete,BCEI,,VERTIV,RVN2E1AN5NNS01D,M25L004555,1,FTI,LV Distribution Panel,2025-04-25 11:16:38,Ben Reynolds,2026-02-02 22:08:03,Najah Robertson,,,2026-05-28 18:46:37,Najah Robertson,,,,,,,,,L2 Yellow Tag,2026-05-28 18:46:37,Najah Robertson,2026-09-09T00:25:35.989077+00:00
42472,9320149,EDCATL11RPPED549,RPP,Electrical,,,3110,Cx Lvl 2 Complete,BCEI,,VERTIV,RVN2E1AN5NNS01D,M25L004568,1,FTI,LV Distribution Panel,2025-04-25 11:16:38,Ben Reynolds,2026-02-02 22:08:03,Najah Robertson,,,2026-05-28 18:47:37,Najah Robertson,,,,,,,,,L2 Yellow Tag,2026-05-28 18:47:37,Najah Robertson,2026-09-09T00:25:35.989077+00:00
42472,9320154,EDCATL11RPPED650,RPP,Electrical,,,3033,Cx Lvl 2 Complete,BCEI,,VERTIV,RVN2E1AN5NNS01D,M25M003621,1,FTI,LV Distribution Panel,2025-04-25 11:16:38,Ben Reynolds,2026-03-18 18:00:52,Najah Robertson,,,2026-09-01 15:46:54,Najah Robertson,,,,,,,,,L2 Yellow Tag,2026-09-01 15:46:54,Najah Robertson,2026-09-09T00:25:35.989077+00:00
42472,9320155,EDCATL11RPPED660,RPP,Electrical,,,3033,Cx Lvl 2 Complete,BCEI,,VERTIV,RVN2E1AN5NNS01D,M25M003620,1,FTI,LV Distribution Panel,2025-04-25 11:16:39,Ben Reynolds,2026-03-18 18:00:52,Najah Robertson,,,2026-09-01 15:46:54,Najah Robertson,,,,,,,,,L2 Yellow Tag,2026-09-01 15:46:54,Najah Robertson,2026-09-09T00:25:35.989077+00:00
42472,9320162,EDCATL11RPPEE15A,RPP,Electrical,,,3120,Cx Lvl 2 Complete,BCEI,,VERTIV,RVN2E1AN5NNS003,M25L000751,1,FTI,LV Distribution Panel,2025-04-25 11:16:39,Ben Reynolds,2026-02-03 14:10:56,Najah Robertson,,,2026-05-29 13:52:37,Najah Robertson,,,,,,,,,L2 Yellow Tag,2026-05-29 13:52:37,Najah Robertson,2026-09-09T00:25:35.989077+00:00
42472,9320163,EDCATL11RPPEE16A,RPP,Electrical,,,3120,Cx Lvl 2 Complete,BCEI,,VERTIV,RVN2E1AN5NNS003,M25K009623,1,FTI,LV Distribution Panel,2025-04-25 11:16:39,Ben Reynolds,2026-03-23 19:11:59,Najah Robertson,,,2026-05-29 13:54:36,Najah Robertson,,,,,,,,,L2 Yellow Tag,2026-05-29 13:54:36,Najah Robertson,2026-09-09T00:25:35.989077+00:00
42472,9320164,EDCATL11RPPEE17A,RPP,Electrical,,,3120,Cx Lvl 2 Complete,BCEI,,VERTIV.,RVN2E1AN5NNS01D,M25M000617,1,FTI,LV Distribution Panel,2025-04-25 11:16:39,Ben Reynolds,2026-02-03 18:03:05,Najah Robertson,,,2026-05-29 19:13:35,Najah Robertson,,,,,,,,,L2 Yellow Tag,2026-05-29 19:13:35,Najah Robertson,2026-09-09T00:25:35.989077+00:00
42472,9320165,EDCATL11RPPEE18A,RPP,Electrical,,,3120,Cx Lvl 2 Complete,BCEI,,VERTIV.,RVN2E1AN5NNS01D,M25M000594,1,FTI,LV Distribution Panel,2025-04-25 11:16:39,Ben Reynolds,2026-02-03 18:03:06,Najah Robertson,,,2026-05-29 19:15:35,Najah Robertson,,,,,,,,,L2 Yellow Tag,2026-05-29 19:15:35,Najah Robertson,2026-09-09T00:25:35.989077+00:00
42472,9320170,EDCATL11RPPEE25A,RPP,Electrical,,,3120,Cx Lvl 2 Complete,BCEI,,VERTIV,RVN2E1AN5NNS003,M25k009607,1,FTI,LV Distribution Panel,2025-04-25 11:16:39,Ben Reynolds,2026-02-03 14:10:55,Najah Robertson,,,2026-05-29 13:48:36,Najah Robertson,,,,,,,,,L2 Yellow Tag,2026-05-29 13:48:36,Najah Robertson,2026-09-09T00:25:35.989077+00:00
42472,9320171,EDCATL11RPPEE26A,RPP,Electrical,,,3120,Cx Lvl 2 Complete,BCEI,,VERTIV,RVN2E1AN5NNS003,M25K005041,1,FTI,LV Distribution Panel,2025-04-25 11:16:39,Ben Reynolds,2026-02-03 14:10:56,Najah Robertson,,,2026-05-29 13:51:35,Najah Robertson,,,,,,,,,L2 Yellow Tag,2026-05-29 13:51:35,Najah Robertson,2026-09-09T00:25:35.989077+00:00
42472,9320172,EDCATL11RPPEE27A,RPP,Electrical,,,3120,Cx Lvl 2 Complete,BCEI,,VERTIV.,RVN2E1AN5NNS01D,M25M000585,1,FTI,LV Distribution Panel,2025-04-25 11:16:39,Ben Reynolds,2026-02-03 18:03:06,Najah Robertson,,,2026-05-29 19:17:35,Najah Robertson,,,,,,,,,L2 Yellow Tag,2026-05-29 19:17:35,Najah Robertson,2026-09-09T00:25:35.989077+00:00
42472,9320173,EDCATL11RPPEE28A,RPP,Electrical,,,3120,Cx Lvl 2 Complete,BCEI,,VERTIV.,RVN2E1AN5NNS003,M25K000703,1,FTI,LV Distribution Panel,2025-04-25 11:16:39,Ben Reynolds,2026-02-03 18:03:06,Najah Robertson,,,2026-05-29 19:18:35,Najah Robertson,,,,,,,,,L2 Yellow Tag,2026-05-29 19:18:35,Najah Robertson,2026-09-09T00:25:35.989077+00:00
42472,9320178,EDCATL11RPPEE35A,RPP,Electrical,,,3120,Cx Lvl 2 Complete,BCEI,,VERTIV,RVN2E1AN5NNS003,M25K000745,1,FTI,LV Distribution Panel,2025-04-25 11:16:39,Ben Reynolds,2026-02-03 14:10:55,Najah Robertson,,,2026-05-29 13:34:36,Najah Robertson,,,,,,,,,L2 Yellow Tag,2026-05-29 13:34:36,Najah Robertson,2026-09-09T00:25:35.989077+00:00
42472,9320179,EDCATL11RPPEE36A,RPP,Electrical,,,3120,Cx Lvl 2 Complete,BCEI,,VERTIV,RVN2E1AN5NNS003,M25K009605,1,FTI,LV Distribution Panel,2025-04-25 11:16:39,Ben Reynolds,2026-02-03 14:10:55,Najah Robertson,,,2026-05-29 13:47:36,Najah Robertson,,,,,,,,,L2 Yellow Tag,2026-05-29 13:47:36,Najah Robertson,2026-09-09T00:25:35.989077+00:00
42472,9320180,EDCATL11RPPEE37A,RPP,Electrical,,,3120,Cx Lvl 2 Complete,BCEI,,VERTIV.,RVN2E1AN5NNS003,M25K000733,1,FTI,LV Distribution Panel,2025-04-25 11:16:39,Ben Reynolds,2026-02-03 18:03:06,Najah Robertson,,,2026-05-29 19:22:35,Najah Robertson,,,,,,,,,L2 Yellow Tag,2026-05-29 19:22:35,Najah Robertson,2026-09-09T00:25:35.989077+00:00
42472,9320181,EDCATL11RPPEE38A,RPP,Electrical,,,3120,Cx Lvl 2 Complete,BCEI,,VERTIV.,RVN2E1AN5NNS003,M25K000728,1,FTI,LV Distribution Panel,2025-04-25 11:16:39,Ben Reynolds,2026-02-03 18:03:06,Najah Robertson,,,2026-05-29 19:24:35,Najah Robertson,,,,,,,,,L2 Yellow Tag,2026-05-29 19:24:35,Najah Robertson,2026-09-09T00:25:35.989077+00:00
42472,9320187,EDCATL11RPPEE45A,RPP,Electrical,,,3120,Cx Lvl 2 Complete,BCEI,, VERTIV,RVN2E1AN5NNS01D,M25M000418,1,FTI,LV Distribution Panel,2025-04-25 11:16:39,Ben Reynolds,2026-02-03 14:10:55,Najah Robertson,,,2026-05-29 13:27:35,Najah Robertson,,,,,,,,,L2 Yellow Tag,2026-05-29 13:27:35,Najah Robertson,2026-09-09T00:25:35.989077+00:00
42472,9320188,EDCATL11RPPEE46A,RPP,Electrical,,,3120,Cx Lvl 2 Complete,BCEI,,VERTIV,RVN2E1AN5NNS01D,M25M000414,1,FTI,LV Distribution Panel,2025-04-25 11:16:39,Ben Reynolds,2026-02-03 14:10:55,Najah Robertson,,,2026-05-29 13:33:35,Najah Robertson,,,,,,,,,L2 Yellow Tag,2026-05-29 13:33:35,Najah Robertson,2026-09-09T00:25:35.989077+00:00
42472,9320189,EDCATL11RPPEE47A,RPP,Electrical,,,3120,Cx Lvl 2 Complete,BCEI,,VERTIV.,RVN2E1AN5NNS003,M25K000740,1,FTI,LV Distribution Panel,2025-04-25 11:16:39,Ben Reynolds,2026-02-03 18:03:06,Najah Robertson,,,2026-05-29 19:31:35,Najah Robertson,,,,,,,,,L2 Yellow Tag,2026-05-29 19:31:35,Najah Robertson,2026-09-09T00:25:35.989077+00:00
42472,9320190,EDCATL11RPPEE48A,RPP,Electrical,,,3120,Cx Lvl 2 Complete,BCEI,,VERTIV,RVN2E1AN5NNS003,M25K000735,1,FTI,LV Distribution Panel,2025-04-25 11:16:39,Ben Reynolds,2026-02-03 18:03:07,Najah Robertson,,,2026-05-29 19:32:35,Najah Robertson,,,,,,,,,L2 Yellow Tag,2026-05-29 19:32:35,Najah Robertson,2026-09-09T00:25:35.989077+00:00
42472,9320195,EDCATL11RPPEE55A,RPP,Electrical,,,3120,Cx Lvl 2 Complete,BCEI,,VERTIV,RVN2E1AN5NNS01D,M25L004147,1,FTI,LV Distribution Panel,2025-04-25 11:16:39,Ben Reynolds,2026-02-03 14:10:55,Najah Robertson,,,2026-05-29 13:23:35,Najah Robertson,,,,,,,,,L2 Yellow Tag,2026-05-29 13:23:35,Najah Robertson,2026-09-09T00:25:35.989077+00:00
42472,9320196,EDCATL11RPPEE56A,RPP,Electrical,,,3120,Cx Lvl 2 Complete,BCEI,,VERTIV,RVN2E1AN5NNS01D,M25M000417,1,FTI,LV Distribution Panel,2025-04-25 11:16:39,Ben Reynolds,2026-02-03 14:10:55,Najah Robertson,,,2026-05-29 13:24:36,Najah Robertson,,,,,,,,,L2 Yellow Tag,2026-05-29 13:24:36,Najah Robertson,2026-09-09T00:25:35.989077+00:00
42472,9320197,EDCATL11RPPEE57A,RPP,Electrical,,,3120,Cx Lvl 2 Complete,BCEI,,VERTIV.,RVN2E1AN5NNS003,M25K000626,1,FTI,LV Distribution Panel,2025-04-25 11:16:39,Ben Reynolds,2026-02-03 18:03:07,Najah Robertson,,,2026-05-29 19:35:36,Najah Robertson,,,,,,,,,L2 Yellow Tag,2026-05-29 19:35:36,Najah Robertson,2026-09-09T00:25:35.989077+00:00
42472,9320198,EDCATL11RPPEE58A,RPP,Electrical,,,3120,Cx Lvl 2 Complete,BCEI,,VERTIV.,RVN2E1AN5NNS003,M25K000631,1,FTI,LV Distribution Panel,2025-04-25 11:16:39,Ben Reynolds,2026-02-03 18:03:07,Najah Robertson,,,2026-05-29 19:36:35,Najah Robertson,,,,,,,,,L2 Yellow Tag,2026-05-29 19:36:35,Najah Robertson,2026-09-09T00:25:35.989077+00:00
42472,9320158,EDCATL11RPPEE119,RPP,Electrical,,,3110,Cx Lvl 2 Complete,Bcei,,VERTIV.,RVN2E1AN5NNS01D,M25M000286,1,Fti,LV Distribution Panel,2025-04-25 11:16:39,Ben Reynolds,2026-02-02 17:55:17,Najah Robertson,,,2026-05-28 14:02:37,Najah Robertson,,,,,,,,,L2 Yellow Tag,2026-05-28 14:02:37,Najah Robertson,2026-09-09T00:25:35.989077+00:00
42472,9320159,EDCATL11RPPEE129,RPP,Electrical,,,3110,Cx Lvl 2 Complete,Bcei,,VERTIV.,RVN2E1AN5NNS01D,M25M000413,1,Fti,LV Distribution Panel,2025-04-25 11:16:39,Ben Reynolds,2026-02-02 17:55:18,Najah Robertson,,,2026-05-28 14:07:37,Najah Robertson,,,,,,,,,L2 Yellow Tag,2026-05-28 14:07:37,Najah Robertson,2026-09-09T00:25:35.989077+00:00
42472,9320160,EDCATL11RPPEE139,RPP,Electrical,,,3110,Cx Lvl 2 Complete,BCEI,,VERTIV,RVN2E1AN5NNS01D,M25L004589,1,FTI,LV Distribution Panel,2025-04-25 11:16:39,Ben Reynolds,2026-02-02 22:08:03,Najah Robertson,,,2026-05-28 18:48:37,Najah Robertson,,,,,,,,,L2 Yellow Tag,2026-05-28 18:48:37,Najah Robertson,2026-09-09T00:25:35.989077+00:00
42472,9320161,EDCATL11RPPEE149,RPP,Electrical,,,3110,Cx Lvl 2 Complete,BCEI,,VERTIV.,RVN2E1AN5NNS01D,M25L004592,1,FTI,LV Distribution Panel,2025-04-25 11:16:39,Ben Reynolds,2026-02-02 22:08:03,Najah Robertson,,,2026-05-28 18:49:37,Najah Robertson,,,,,,,,,L2 Yellow Tag,2026-05-28 18:49:37,Najah Robertson,2026-09-09T00:25:35.989077+00:00
42472,9320166,EDCATL11RPPEE219,RPP,Electrical,,,3110,Cx Lvl 2 Complete,Bcei,,VERTIV.,RVN2E1AN5NNS01D,M25L004312,1,Fti,LV Distribution Panel,2025-04-25 11:16:39,Ben Reynolds,2026-02-02 17:55:16,Najah Robertson,,,2026-05-28 13:55:37,Najah Robertson,,,,,,,,,L2 Yellow Tag,2026-05-28 13:55:37,Najah Robertson,2026-09-09T00:25:35.989077+00:00
42472,9320167,EDCATL11RPPEE229,RPP,Electrical,,,3110,Cx Lvl 2 Complete,Bcei,,VERTIV.,RVN2E1AN5NNS01D,M25M000420,1,Fti,LV Distribution Panel,2025-04-25 11:16:39,Ben Reynolds,2026-02-02 17:55:17,Najah Robertson,,,2026-05-28 13:57:37,Najah Robertson,,,,,,,,,L2 Yellow Tag,2026-05-28 13:57:37,Najah Robertson,2026-09-09T00:25:35.989077+00:00
42472,9320168,EDCATL11RPPEE239,RPP,Electrical,,,3110,Cx Lvl 2 Complete,BCEI,,VERTIV.,RVN2E1AN5NNS01D,M25L004783,1,FTI,LV Distribution Panel,2025-04-25 11:16:39,Ben Reynolds,2026-02-02 22:08:02,Najah Robertson,,,2026-05-28 18:50:37,Najah Robertson,,,,,,,,,L2 Yellow Tag,2026-05-28 18:50:37,Najah Robertson,2026-09-09T00:25:35.989077+00:00
42472,9320169,EDCATL11RPPEE249,RPP,Electrical,,,3110,Cx Lvl 2 Complete,BCEI,,VERTIV,RVN2E1AN5NNS01D,M25L004561,1,FTI,LV Distribution Panel,2025-04-25 11:16:39,Ben Reynolds,2026-02-02 22:08:02,Najah Robertson,,,2026-09-01 15:46:54,Najah Robertson,,,,,,,,,L2 Yellow Tag,2026-09-01 15:46:54,Najah Robertson,2026-09-09T00:25:35.989077+00:00
42472,9320174,EDCATL11RPPEE319,RPP,Electrical,,,3110,Cx Lvl 2 Complete,BCEI,,VERTIV,RVN2E1AN5NNS01D,M25L004334,1,FTI,LV Distribution Panel,2025-04-25 11:16:39,Ben Reynolds,2026-02-02 17:55:16,Najah Robertson,,,2026-05-28 13:50:37,Najah Robertson,,,,,,,,,L2 Yellow Tag,2026-05-28 13:50:37,Najah Robertson,2026-09-09T00:25:35.989077+00:00
42472,9320175,EDCATL11RPPEE329,RPP,Electrical,,,3110,Cx Lvl 2 Complete,Bcei,,VERTIV.,RVN2E1AN5NNS01D,M25L004310,1,Fti,LV Distribution Panel,2025-04-25 11:16:39,Ben Reynolds,2026-02-02 17:55:16,Najah Robertson,,,2026-05-28 13:52:36,Najah Robertson,,,,,,,,,L2 Yellow Tag,2026-05-28 13:52:36,Najah Robertson,2026-09-09T00:25:35.989077+00:00
42472,9320176,EDCATL11RPPEE339,RPP,Electrical,,,3110,Cx Lvl 2 Complete,BCEI,,VERTIV.,RVN2E1AN5NNS01D,M25L004566,1,FTI,LV Distribution Panel,2025-04-25 11:16:39,Ben Reynolds,2026-02-02 22:08:02,Najah Robertson,,,2026-05-28 18:52:38,Najah Robertson,,,,,,,,,L2 Yellow Tag,2026-05-28 18:52:38,Najah Robertson,2026-09-09T00:25:35.989077+00:00
42472,9320177,EDCATL11RPPEE349,RPP,Electrical,,,3110,Cx Lvl 2 Complete,BCEI,,Vertiv,RVN2E1AN5NNS01D,M25L004546,1,FTI,LV Distribution Panel,2025-04-25 11:16:39,Ben Reynolds,2026-02-02 22:08:02,Najah Robertson,,,2026-09-01 15:46:54,Najah Robertson,,,,,,,,,L2 Yellow Tag,2026-09-01 15:46:54,Najah Robertson,2026-09-09T00:25:35.989077+00:00
42472,9320182,EDCATL11RPPEE419,RPP,Electrical,,,3110,Cx Lvl 2 Complete,BCEI,,VERTIV,RVN2E1AN5NNS01D,M25L004603,1,FTI,LV Distribution Panel,2025-04-25 11:16:39,Ben Reynolds,2026-02-02 17:55:16,Najah Robertson,,,2026-05-28 13:46:37,Najah Robertson,,,,,,,,,L2 Yellow Tag,2026-05-28 13:46:37,Najah Robertson,2026-09-09T00:25:35.989077+00:00
42472,9320183,EDCATL11RPPEE429,RPP,Electrical,,,3110,Cx Lvl 2 Complete,BCEI,,VERTIV,RVN2E1AN5NNS01D,M25L004151,1,FTI,LV Distribution Panel,2025-04-25 11:16:39,Ben Reynolds,2026-02-02 17:55:16,Najah Robertson,,,2026-05-28 13:48:37,Najah Robertson,,,,,,,,,L2 Yellow Tag,2026-05-28 13:48:37,Najah Robertson,2026-09-09T00:25:35.989077+00:00
42472,9320184,EDCATL11RPPEE439,RPP,Electrical,,,3110,Cx Lvl 2 Complete,BCEI,,VERTIV.,RVN2E1AN5NNS01D,M25L004549,1,FTI,LV Distribution Panel,2025-04-25 11:16:39,Ben Reynolds,2026-02-02 22:08:02,Najah Robertson,,,2026-05-28 18:53:37,Najah Robertson,,,,,,,,,L2 Yellow Tag,2026-05-28 18:53:37,Najah Robertson,2026-09-09T00:25:35.989077+00:00
42472,9320186,EDCATL11RPPEE449,RPP,Electrical,,,3110,Cx Lvl 2 Complete,BCEI,,VERTIV.,RVN2E1AN5NNS01D,M25L004565,1,FTI,LV Distribution Panel,2025-04-25 11:16:39,Ben Reynolds,2026-02-02 22:08:02,Najah Robertson,,,2026-05-28 18:54:37,Najah Robertson,,,,,,,,,L2 Yellow Tag,2026-05-28 18:54:37,Najah Robertson,2026-09-09T00:25:35.989077+00:00
42472,9320191,EDCATL11RPPEE519,RPP,Electrical,,,3110,Cx Lvl 2 Complete,Bcei,,-VERTIV.,RVN2E1AN5NNS01D,M25L004337,1,Fti,LV Distribution Panel,2025-04-25 11:16:39,Ben Reynolds,2026-02-02 22:08:00,Najah Robertson,,,2026-05-28 19:07:37,Najah Robertson,,,,,,,,,L2 Yellow Tag,2026-05-28 19:07:37,Najah Robertson,2026-09-09T00:25:35.989077+00:00
42472,9320192,EDCATL11RPPEE529,RPP,Electrical,,,3110,Cx Lvl 2 Complete,BCEI,,VERTIV,RVN2E1AN5NNS01D,M25L004336,1,FTI,LV Distribution Panel,2025-04-25 11:16:39,Ben Reynolds,2026-02-02 17:55:16,Najah Robertson,,,2026-05-28 13:15:37,Najah Robertson,,,,,,,,,L2 Yellow Tag,2026-05-28 13:15:37,Najah Robertson,2026-09-09T00:25:35.989077+00:00
42472,9320193,EDCATL11RPPEE539,RPP,Electrical,,,3110,Cx Lvl 2 Complete,BCEI,,VERTIV,RVN2E1AN5NNS01D,M25L004340,1,FTI,LV Distribution Panel,2025-04-25 11:16:39,Ben Reynolds,2026-02-02 17:55:16,Najah Robertson,,,2026-05-27 19:54:46,Najah Robertson,,,,,,,,,L2 Yellow Tag,2026-05-27 19:54:46,Najah Robertson,2026-09-09T00:25:35.989077+00:00
42472,9320194,EDCATL11RPPEE549,RPP,Electrical,,,3110,Cx Lvl 2 Complete,Bcei,,VERTIV,RVN2E1AN5NNS01D,M25L004590,1,Fti,LV Distribution Panel,2025-04-25 11:16:39,Ben Reynolds,2026-02-02 22:08:00,Najah Robertson,,,2026-05-28 19:08:37,Najah Robertson,,,,,,,,,L2 Yellow Tag,2026-05-28 19:08:37,Najah Robertson,2026-09-09T00:25:35.989077+00:00
42472,9320199,EDCATL11RPPEE650,RPP,Electrical,,,3112,Cx Lvl 2 Complete,BCEI,,schneider,290051326135003550,020254688206,1,FTI,LV Distribution Panel,2025-04-25 11:16:39,Ben Reynolds,2026-01-08 22:10:28,Najah Robertson,,,2026-06-09 13:17:39,Najah Robertson,,,,,,,,,L2 Yellow Tag,2026-06-09 13:17:39,Najah Robertson,2026-09-09T00:25:35.989077+00:00
42472,9320204,EDCATL11RPPEF15A,RPP,Electrical,,,3120,Cx Lvl 2 Complete,BCEI,,VERTIV,RVN2E1AN5NNS003,M25K000627,1,FTI,LV Distribution Panel,2025-04-25 11:16:39,Ben Reynolds,2026-02-03 14:10:54,Najah Robertson,,,2026-05-29 13:18:36,Najah Robertson,,,,,,,,,L2 Yellow Tag,2026-05-29 13:18:36,Najah Robertson,2026-09-09T00:25:35.989077+00:00
42472,9320205,EDCATL11RPPEF16A,RPP,Electrical,,,3120,Cx Lvl 2 Complete,BCEI,,VERTIV,RVN2E1AN5NNS003,M25K000625,1,FTI,LV Distribution Panel,2025-04-25 11:16:39,Ben Reynolds,2026-02-03 14:10:54,Najah Robertson,,,2026-05-29 13:20:35,Najah Robertson,,,,,,,,,L2 Yellow Tag,2026-05-29 13:20:35,Najah Robertson,2026-09-09T00:25:35.989077+00:00
42472,9320206,EDCATL11RPPEF17A,RPP,Electrical,,,3120,Cx Lvl 2 Complete,BCEI,,VERTIV.,RVN2E1AN5NNS003,M25K000630,1,FTI,LV Distribution Panel,2025-04-25 11:16:39,Ben Reynolds,2026-02-03 18:03:07,Najah Robertson,,,2026-05-29 19:38:35,Najah Robertson,,,,,,,,,L2 Yellow Tag,2026-05-29 19:38:35,Najah Robertson,2026-09-09T00:25:35.989077+00:00
42472,9320207,EDCATL11RPPEF18A,RPP,Electrical,,,3120,Cx Lvl 2 Complete,BCEI,,VERTIV.,RVN2E1AN5NNS003,M25K000731,1,FTI,LV Distribution Panel,2025-04-25 11:16:39,Ben Reynolds,2026-02-03 18:03:07,Najah Robertson,,,2026-05-29 19:39:36,Najah Robertson,,,,,,,,,L2 Yellow Tag,2026-05-29 19:39:36,Najah Robertson,2026-09-09T00:25:35.989077+00:00
42472,9320212,EDCATL11RPPEF25A,RPP,Electrical,,,3120,Cx Lvl 2 Complete,BCEI,,VERTIV,RVN2E1AN5NNS003,M25K000734,1,FTI,LV Distribution Panel,2025-04-25 11:16:39,Ben Reynolds,2026-02-03 14:10:54,Najah Robertson,,,2026-05-29 13:16:35,Najah Robertson,,,,,,,,,L2 Yellow Tag,2026-05-29 13:16:35,Najah Robertson,2026-09-09T00:25:35.989077+00:00
42472,9320213,EDCATL11RPPEF26A,RPP,Electrical,,,3120,Cx Lvl 2 Complete,BCEI,,VERTIV,RVN2E1AN5NNS003,M25K000623,1,FTI,LV Distribution Panel,2025-04-25 11:16:39,Ben Reynolds,2026-02-03 14:10:54,Najah Robertson,,,2026-05-29 13:17:35,Najah Robertson,,,,,,,,,L2 Yellow Tag,2026-05-29 13:17:35,Najah Robertson,2026-09-09T00:25:35.989077+00:00
42472,9320214,EDCATL11RPPEF27A,RPP,Electrical,,,3120,Cx Lvl 2 Complete,BCEI,,VERTIV.,RVN2F1AN5NNS003,M25K004814,1,FTI,LV Distribution Panel,2025-04-25 11:16:39,Ben Reynolds,2026-02-03 18:03:07,Najah Robertson,,,2026-05-29 19:40:35,Najah Robertson,,,,,,,,,L2 Yellow Tag,2026-05-29 19:40:35,Najah Robertson,2026-09-09T00:25:35.989077+00:00
42472,9320215,EDCATL11RPPEF28A,RPP,Electrical,,,3120,Cx Lvl 2 Complete,BCEI,,VERTIV.,RVN2E1AN5NNS003,M25K000743,1,FTI,LV Distribution Panel,2025-04-25 11:16:39,Ben Reynolds,2026-02-03 18:03:08,Najah Robertson,,,2026-05-29 19:41:36,Najah Robertson,,,,,,,,,L2 Yellow Tag,2026-05-29 19:41:36,Najah Robertson,2026-09-09T00:25:35.989077+00:00
42472,9320220,EDCATL11RPPEF35A,RPP,Electrical,,,3120,Cx Lvl 2 Complete,BCEI,,VERTIV,RVN2E1AN5NNS003,M25K000727,1,FTI,LV Distribution Panel,2025-04-25 11:16:39,Ben Reynolds,2026-02-03 14:10:54,Najah Robertson,,,2026-05-29 13:14:36,Najah Robertson,,,,,,,,,L2 Yellow Tag,2026-05-29 13:14:36,Najah Robertson,2026-09-09T00:25:35.989077+00:00
42472,9320221,EDCATL11RPPEF36A,RPP,Electrical,,,3120,Cx Lvl 2 Complete,BCEI,,VERTIV,RVN2E1AN5NNS003,M25K000736,1,FTI,LV Distribution Panel,2025-04-25 11:16:39,Ben Reynolds,2026-02-03 14:10:54,Najah Robertson,,,2026-05-29 13:15:35,Najah Robertson,,,,,,,,,L2 Yellow Tag,2026-05-29 13:15:35,Najah Robertson,2026-09-09T00:25:35.989077+00:00
42472,9320222,EDCATL11RPPEF37A,RPP,Electrical,,,3120,Cx Lvl 2 Complete,BCEI,,VERTIV.,RVN2E1AN5NNS01D,M25M000547,1,FTI,LV Distribution Panel,2025-04-25 11:16:39,Ben Reynolds,2026-02-03 18:03:08,Najah Robertson,,,2026-05-29 19:43:35,Najah Robertson,,,,,,,,,L2 Yellow Tag,2026-05-29 19:43:35,Najah Robertson,2026-09-09T00:25:35.989077+00:00
42472,9320223,EDCATL11RPPEF38A,RPP,Electrical,,,3120,Cx Lvl 2 Complete,BCEI,,VERTIV.,RVN2E1AN5NNS01D,M25M000550,1,FTI,LV Distribution Panel,2025-04-25 11:16:39,Ben Reynolds,2026-02-03 18:03:08,Najah Robertson,,,2026-05-29 19:44:36,Najah Robertson,,,,,,,,,L2 Yellow Tag,2026-05-29 19:44:36,Najah Robertson,2026-09-09T00:25:35.989077+00:00
42472,9320227,EDCATL11RPPEF45A,RPP,Electrical,,,3120,Cx Lvl 2 Complete,BCEI,,VERTIV.,RVN2E1AN5NNS01D,M25M000551,1,FTI,LV Distribution Panel,2025-04-25 11:16:39,Ben Reynolds,2026-02-03 18:03:08,Najah Robertson,,,2026-05-29 19:46:35,Najah Robertson,,,,,,,,,L2 Yellow Tag,2026-05-29 19:46:35,Najah Robertson,2026-09-09T00:25:35.989077+00:00
42472,9320228,EDCATL11RPPEF46A,RPP,Electrical,,,3120,Cx Lvl 2 Complete,BCEI,,VERTIV,RVN2E1AN5NNS003,M25K009642,1,FTI,LV Distribution Panel,2025-04-25 11:16:39,Ben Reynolds,2026-02-03 14:10:53,Najah Robertson,,,2026-05-29 13:01:36,Najah Robertson,,,,,,,,,L2 Yellow Tag,2026-05-29 13:01:36,Najah Robertson,2026-09-09T00:25:35.989077+00:00
42472,9320229,EDCATL11RPPEF47A,RPP,Electrical,,,3120,Cx Lvl 2 Complete,BCEI,,VERTIV,RVN2E1AN5NNS003,M25K009644,1,FTI,LV Distribution Panel,2025-04-25 11:16:39,Ben Reynolds,2026-02-03 14:10:53,Najah Robertson,,,2026-05-29 13:11:36,Najah Robertson,,,,,,,,,L2 Yellow Tag,2026-05-29 13:11:36,Najah Robertson,2026-09-09T00:25:35.989077+00:00
42472,9320230,EDCATL11RPPEF48A,RPP,Electrical,,,3120,Cx Lvl 2 Complete,BCEI,,VERTIV.,RVN2E1AN5NNS003,M25K009625,1,FTI,LV Distribution Panel,2025-04-25 11:16:39,Ben Reynolds,2026-02-03 18:03:08,Najah Robertson,,,2026-05-29 19:49:35,Najah Robertson,,,,,,,,,L2 Yellow Tag,2026-05-29 19:49:35,Najah Robertson,2026-09-09T00:25:35.989077+00:00
42472,9320235,EDCATL11RPPEF55A,RPP,Electrical,,,3120,Cx Lvl 2 Complete,BGA,,Vertiv,RVN2E1AN5NNS01D,M25M005611,1,FTI,LV Distribution Panel,2025-04-25 11:16:39,Ben Reynolds,2026-04-28 14:51:57,Najah Robertson,,,2026-05-29 13:08:36,Najah Robertson,,,,,,,,,L2 Yellow Tag,2026-05-29 13:08:36,Najah Robertson,2026-09-09T00:25:35.989077+00:00
42472,9320236,EDCATL11RPPEF56A,RPP,Electrical,,,3120,Cx Lvl 2 Complete,BGA,,Vertiv,RVN2E1AN5NNS01D,M25M005609,1,FTI,LV Distribution Panel,2025-04-25 11:16:39,Ben Reynolds,2026-04-28 14:55:58,Najah Robertson,,,2026-05-29 13:03:35,Najah Robertson,,,,,,,,,L2 Yellow Tag,2026-05-29 13:03:35,Najah Robertson,2026-09-09T00:25:35.989077+00:00
42472,9320237,EDCATL11RPPEF57A,RPP,Electrical,,,3120,Cx Lvl 2 Complete,BCEI,,VERTIV.,RVN2E1AN5NNS01D,M25M000586,1,FTI,LV Distribution Panel,2025-04-25 11:16:39,Ben Reynolds,2026-02-03 18:03:09,Najah Robertson,,,2026-05-29 19:51:35,Najah Robertson,,,,,,,,,L2 Yellow Tag,2026-05-29 19:51:35,Najah Robertson,2026-09-09T00:25:35.989077+00:00
42472,9320238,EDCATL11RPPEF58A,RPP,Electrical,,,3120,Cx Lvl 2 Complete,BCEI,,VERTIV.,RVN2E1AN5NNS01D,M25M003617,1,FTI,LV Distribution Panel,2025-04-25 11:16:39,Ben Reynolds,2026-02-03 18:03:09,Najah Robertson,,,2026-05-29 19:52:36,Najah Robertson,,,,,,,,,L2 Yellow Tag,2026-05-29 19:52:36,Najah Robertson,2026-09-09T00:25:35.989077+00:00
42472,9320200,EDCATL11RPPEF119,RPP,Electrical,,,3110,Cx Lvl 2 Complete,BCEI,,VERTIV,RVN2E1AN5NNS003,M25K009622,1,FTI,LV Distribution Panel,2025-04-25 11:16:39,Ben Reynolds,2026-02-02 17:55:17,Najah Robertson,,,2026-05-28 13:36:37,Najah Robertson,,,,,,,,,L2 Yellow Tag,2026-05-28 13:36:37,Najah Robertson,2026-09-09T00:25:35.989077+00:00
42472,9320201,EDCATL11RPPEF129,RPP,Electrical,,,3110,Cx Lvl 2 Complete,BCEI,,VERTIV,RVN2E1AN5NNS01D,M25L004551,1,FTI,LV Distribution Panel,2025-04-25 11:16:39,Ben Reynolds,2026-02-02 17:55:17,Najah Robertson,,,2026-05-28 13:39:37,Najah Robertson,,,,,,,,,L2 Yellow Tag,2026-05-28 13:39:37,Najah Robertson,2026-09-09T00:25:35.989077+00:00
42472,9320202,EDCATL11RPPEF139,RPP,Electrical,,,3110,Cx Lvl 2 Complete,BCEI,,VERTIV,RVN2E1AN5NNS01D,M25L004601,1,FTI,LV Distribution Panel,2025-04-25 11:16:39,Ben Reynolds,2026-02-02 22:08:02,Najah Robertson,,,2026-09-01 15:46:54,Najah Robertson,,,,,,,,,L2 Yellow Tag,2026-09-01 15:46:54,Najah Robertson,2026-09-09T00:25:35.989077+00:00
42472,9320203,EDCATL11RPPEF149,RPP,Electrical,,,3110,Cx Lvl 2 Complete,BCEI,,VERTIV,RVN2E1AN5NNS01D,M25L004596,1,FTI,LV Distribution Panel,2025-04-25 11:16:39,Ben Reynolds,2026-02-02 22:08:02,Najah Robertson,,,2026-05-28 19:00:37,Najah Robertson,,,,,,,,,L2 Yellow Tag,2026-05-28 19:00:37,Najah Robertson,2026-09-09T00:25:35.989077+00:00
42472,9320208,EDCATL11RPPEF219,RPP,Electrical,,,3110,Cx Lvl 2 Complete,BCEI,,VERTIV,RVN2E1AN5NNS003,M25K009627,1,FTI,LV Distribution Panel,2025-04-25 11:16:39,Ben Reynolds,2026-02-02 17:55:17,Najah Robertson,,,2026-05-28 13:32:37,Najah Robertson,,,,,,,,,L2 Yellow Tag,2026-05-28 13:32:37,Najah Robertson,2026-09-09T00:25:35.989077+00:00
42472,9320209,EDCATL11RPPEF229,RPP,Electrical,,,3110,Cx Lvl 2 Complete,BCEI,,VERTIV,RVN2E1AN5NNS003,M25K009629,1,FTI,LV Distribution Panel,2025-04-25 11:16:39,Ben Reynolds,2026-02-02 17:55:17,Najah Robertson,,,2026-05-28 13:35:37,Najah Robertson,,,,,,,,,L2 Yellow Tag,2026-05-28 13:35:37,Najah Robertson,2026-09-09T00:25:35.989077+00:00
42472,9320210,EDCATL11RPPEF239,RPP,Electrical,,,3110,Cx Lvl 2 Complete,BCEI,,VERTIV.,RVN2E1AN5NNS01D,M25L004553,1,FTI,LV Distribution Panel,2025-04-25 11:16:39,Ben Reynolds,2026-02-02 22:08:01,Najah Robertson,,,2026-05-28 19:02:39,Najah Robertson,,,,,,,,,L2 Yellow Tag,2026-05-28 19:02:39,Najah Robertson,2026-09-09T00:25:35.989077+00:00
42472,9320211,EDCATL11RPPEF249,RPP,Electrical,,,3110,Cx Lvl 2 Complete,BCEI,,VERTIV.,RVN2E1AN5NNS01D,M25L004571,1,FTI,LV Distribution Panel,2025-04-25 11:16:39,Ben Reynolds,2026-02-02 22:08:01,Najah Robertson,,,2026-05-28 19:02:41,Najah Robertson,,,,,,,,,L2 Yellow Tag,2026-05-28 19:02:41,Najah Robertson,2026-09-09T00:25:35.989077+00:00
42472,9320216,EDCATL11RPPEF319,RPP,Electrical,,,3110,Cx Lvl 2 Complete,BCEI,,VERTIV,RVN2E1AN5NNS01D,M25L004314,1,FTI,LV Distribution Panel,2025-04-25 11:16:39,Ben Reynolds,2026-02-02 17:55:17,Najah Robertson,,,2026-05-28 13:26:37,Najah Robertson,,,,,,,,,L2 Yellow Tag,2026-05-28 13:26:37,Najah Robertson,2026-09-09T00:25:35.989077+00:00
42472,9320217,EDCATL11RPPEF329,RPP,Electrical,,,3110,Cx Lvl 2 Complete,BCEI,,VERTIV,RVN2E1AN5NNS01D,M25L004554,1,FTI,LV Distribution Panel,2025-04-25 11:16:39,Ben Reynolds,2026-02-02 17:55:17,Najah Robertson,,,2026-05-28 13:29:37,Najah Robertson,,,,,,,,,L2 Yellow Tag,2026-05-28 13:29:37,Najah Robertson,2026-09-09T00:25:35.989077+00:00
42472,9320218,EDCATL11RPPEF339,RPP,Electrical,,,3110,Cx Lvl 2 Complete,BCEI,,VERTIV.,RVN2E1AN5NNS01D,M25M000285,1,FTI,LV Distribution Panel,2025-04-25 11:16:39,Ben Reynolds,2026-02-02 22:08:01,Najah Robertson,,,2026-05-28 19:05:37,Najah Robertson,,,,,,,,,L2 Yellow Tag,2026-05-28 19:05:37,Najah Robertson,2026-09-09T00:25:35.989077+00:00
42472,9320219,EDCATL11RPPEF349,RPP,Electrical,,,3110,Cx Lvl 2 Complete,BCEI,,VERTIV,RVN2E1AN5NNS01D,M25M000277,1,FTI,LV Distribution Panel,2025-04-25 11:16:39,Ben Reynolds,2026-02-02 22:08:01,Najah Robertson,,,2026-05-28 19:05:37,Najah Robertson,,,,,,,,,L2 Yellow Tag,2026-05-28 19:05:37,Najah Robertson,2026-09-09T00:25:35.989077+00:00
42472,9320224,EDCATL11RPPEF419,RPP,Electrical,,,3110,Cx Lvl 2 Complete,BCEI,,VERTIV,RVN2E1AN5NNS01D,M25L004333,1,FTI,LV Distribution Panel,2025-04-25 11:16:39,Ben Reynolds,2026-03-23 19:18:00,Najah Robertson,,,2026-05-28 13:18:37,Najah Robertson,,,,,,,,,L2 Yellow Tag,2026-05-28 13:18:37,Najah Robertson,2026-09-09T00:25:35.989077+00:00
42472,9320225,EDCATL11RPPEF429,RPP,Electrical,,,3110,Cx Lvl 2 Complete,BCEI,,VERTIV,RVN2E1AN5NNS01D,M25L004562,1,FTI,LV Distribution Panel,2025-04-25 11:16:39,Ben Reynolds,2026-03-23 19:18:01,Najah Robertson,,,2026-05-28 13:21:37,Najah Robertson,,,,,,,,,L2 Yellow Tag,2026-05-28 13:21:37,Najah Robertson,2026-09-09T00:25:35.989077+00:00
42472,9320185,EDCATL11RPPEF439,RPP,Electrical,,,3110,Cx Lvl 2 Complete,BCEI,,VERTIV,RVN2E1AN5NNS01D,M25L004564,1,FTI,LV Distribution Panel,2025-04-25 11:16:39,Ben Reynolds,2026-02-02 22:08:01,Najah Robertson,,,2026-09-01 15:46:54,Najah Robertson,,,,,,,,,L2 Yellow Tag,2026-09-01 15:46:54,Najah Robertson,2026-09-09T00:25:35.989077+00:00
42472,9320226,EDCATL11RPPEF449,RPP,Electrical,,,3110,Cx Lvl 2 Complete,BCEI,,VERTIV,RVN2E1AN5NNS01D,M25M000278,1,FTI,LV Distribution Panel,2025-04-25 11:16:39,Ben Reynolds,2026-02-02 22:08:01,Najah Robertson,,,2026-05-28 19:06:37,Najah Robertson,,,,,,,,,L2 Yellow Tag,2026-05-28 19:06:37,Najah Robertson,2026-09-09T00:25:35.989077+00:00
42472,9320231,EDCATL11RPPEF519,RPP,Electrical,,,3110,Cx Lvl 2 Complete,BGA,,VERTIV.,,M25L004324,1,FTI,LV Distribution Panel,2025-04-25 11:16:39,Ben Reynolds,2026-03-23 16:29:03,Najah Robertson,,,2026-05-27 19:51:28,Najah Robertson,,,,,,,,,L2 Yellow Tag,2026-05-27 19:51:28,Najah Robertson,2026-09-09T00:25:35.989077+00:00
42472,9320232,EDCATL11RPPEF529,RPP,Electrical,,,3110,Cx Lvl 2 Complete,Bcei,,VERTIV,RVN2E1AN5NNS01D,M25L004331,1,Fti,LV Distribution Panel,2025-04-25 11:16:39,Ben Reynolds,2026-03-20 13:01:58,Najah Robertson,,,2026-05-27 19:54:46,Najah Robertson,,,,,,,,,L2 Yellow Tag,2026-05-27 19:54:46,Najah Robertson,2026-09-09T00:25:35.989077+00:00
42472,9320233,EDCATL11RPPEF539,RPP,Electrical,,,3110,Cx Lvl 2 Complete,Bcei,,VERTIV.,RVN2E1AN5NNS01D,M25L004153,1,Fti,LV Distribution Panel,2025-04-25 11:16:39,Ben Reynolds,2026-02-02 22:08:01,Najah Robertson,,,2026-05-29 11:15:15,Najah Robertson,,,,,,,,,L2 Yellow Tag,2026-05-29 11:15:15,Najah Robertson,2026-09-09T00:25:35.989077+00:00
42472,9320234,EDCATL11RPPEF549,RPP,Electrical,,,3110,Cx Lvl 2 Complete,Bcei,,VERTIV.,RVN2E1AN5NNS01D,M25L004344,1,Fti,LV Distribution Panel,2025-12-11 20:05:23,Richard Sanders,2026-02-02 22:08:01,Najah Robertson,,,2026-05-29 11:15:15,Najah Robertson,,,,,,,,,L2 Yellow Tag,2026-05-29 11:15:15,Najah Robertson,2026-09-09T00:25:35.989077+00:00
42472,9320239,EDCATL11RPPEF610,RPP,Electrical,,,3121,Cx Lvl 2 Complete,BCEI,,Schneider Electric,290051326135002660,020254507971,1,FTI,LV Distribution Panel,2025-04-25 11:16:39,Ben Reynolds,2025-12-15 17:58:17,Najah Robertson,,,2026-06-09 13:38:39,Najah Robertson,,,,,,,,,L2 Yellow Tag,2026-06-09 13:38:39,Najah Robertson,2026-09-09T00:25:35.989077+00:00
42472,9320805,EDCATL11RPPF-DHC,RPP,Electrical,,,3140,Not Installed,,,,,,2,,LV Distribution Panel,2025-04-25 11:16:46,Ben Reynolds,,,,,,,,,,,,,,,No Tag,2025-04-25 11:16:46,Ben Reynolds,2026-09-09T00:25:35.989077+00:00
42472,9940359,EDCATL11STS-BATTERY EA,Skids,Electrical,,,3151,Cx Lvl 2 Complete,,,,,,,,LV Switchgear System,2025-08-04 19:12:57,Najah Robertson,2026-03-06 13:02:10,Najah Robertson,,,2026-06-17 19:01:18,Najah Robertson,,,,,,,,,L2 Yellow Tag,2026-06-17 19:01:18,Najah Robertson,2026-09-09T00:25:35.989077+00:00
42472,9940364,EDCATL11STS-BATTERY EB,Skids,Electrical,,,3152,Cx Lvl 2 Complete,,,,,,,,LV Switchgear System,2025-08-04 19:12:57,Najah Robertson,2026-03-06 13:02:10,Najah Robertson,,,2026-06-17 19:01:18,Najah Robertson,,,,,,,,,L2 Yellow Tag,2026-06-17 19:01:18,Najah Robertson,2026-09-09T00:25:35.989077+00:00
42472,9940369,EDCATL11STS-BATTERY EC,Skids,Electrical,,,3153,Cx Lvl 2 Complete,,,,,,,,LV Switchgear System,2025-08-04 19:12:57,Najah Robertson,2026-03-06 13:02:10,Najah Robertson,,,2026-06-17 19:01:18,Najah Robertson,,,,,,,,,L2 Yellow Tag,2026-06-17 19:01:18,Najah Robertson,2026-09-09T00:25:35.989077+00:00
42472,9940378,EDCATL11STS-BATTERY ED,Skids,Electrical,,,3155,Cx Lvl 2 Complete,,,,,,,,LV Switchgear System,2025-08-04 19:12:57,Najah Robertson,2026-03-06 13:02:10,Najah Robertson,,,2026-06-17 19:01:18,Najah Robertson,,,,,,,,,L2 Yellow Tag,2026-06-17 19:01:18,Najah Robertson,2026-09-09T00:25:35.989077+00:00
42472,9940383,EDCATL11STS-BATTERY EE,Skids,Electrical,,,3156,Cx Lvl 2 Complete,,,,,,,,LV Switchgear System,2025-08-04 19:12:57,Najah Robertson,2026-03-06 13:02:10,Najah Robertson,,,2026-06-17 19:01:18,Najah Robertson,,,,,,,,,L2 Yellow Tag,2026-06-17 19:01:18,Najah Robertson,2026-09-09T00:25:35.989077+00:00
42472,9940388,EDCATL11STS-BATTERY EF,Skids,Electrical,,,3157,Cx Lvl 2 Complete,,,,,,,,LV Distribution System,2025-08-04 19:12:57,Najah Robertson,2026-03-06 13:02:10,Najah Robertson,,,2026-06-17 19:01:18,Najah Robertson,,,,,,,,,L2 Yellow Tag,2026-06-17 19:01:18,Najah Robertson,2026-09-09T00:25:35.989077+00:00
42472,9940360,EDCATL11STS-UPS EA,Skids,Electrical,,,3152,Cx Lvl 2 Complete,,,,,,,,LV Switchgear System,2025-08-04 19:12:57,Najah Robertson,2026-03-06 13:02:10,Najah Robertson,,,2026-06-17 19:01:18,Najah Robertson,,,,,,,,,L2 Yellow Tag,2026-06-17 19:01:18,Najah Robertson,2026-09-09T00:25:35.989077+00:00
42472,9940365,EDCATL11STS-UPS EB,Skids,Electrical,,,3152,Cx Lvl 2 Complete,,,,,,,,LV Switchgear System,2025-08-04 19:12:57,Najah Robertson,2026-03-06 13:02:10,Najah Robertson,,,2026-06-17 19:01:18,Najah Robertson,,,,,,,,,L2 Yellow Tag,2026-06-17 19:01:18,Najah Robertson,2026-09-09T00:25:35.989077+00:00
42472,9940370,EDCATL11STS-UPS EC,Skids,Electrical,,,3153,Cx Lvl 2 Complete,,,,,,,,LV Switchgear System,2025-08-04 19:12:57,Najah Robertson,2026-03-06 13:02:10,Najah Robertson,,,2026-06-17 19:01:18,Najah Robertson,,,,,,,,,L2 Yellow Tag,2026-06-17 19:01:18,Najah Robertson,2026-09-09T00:25:35.989077+00:00
42472,9940379,EDCATL11STS-UPS ED,Skids,Electrical,,,3155,Cx Lvl 2 Complete,,,,,,,,LV Switchgear System,2025-08-04 19:12:57,Najah Robertson,2026-03-06 13:02:10,Najah Robertson,,,2026-06-17 19:01:18,Najah Robertson,,,,,,,,,L2 Yellow Tag,2026-06-17 19:01:18,Najah Robertson,2026-09-09T00:25:35.989077+00:00
42472,9940384,EDCATL11STS-UPS EE,Skids,Electrical,,,3156,Cx Lvl 2 Complete,,,,,,,,LV Switchgear System,2025-08-04 19:12:57,Najah Robertson,2026-03-06 13:02:10,Najah Robertson,,,2026-06-17 19:01:18,Najah Robertson,,,,,,,,,L2 Yellow Tag,2026-06-17 19:01:18,Najah Robertson,2026-09-09T00:25:35.989077+00:00
42472,9940389,EDCATL11STS-UPS EF,Skids,Electrical,,,3157,Cx Lvl 2 Complete,,,,,,,,LV Switchgear System,2025-08-04 19:12:57,Najah Robertson,2026-03-06 13:02:10,Najah Robertson,,,2026-06-17 19:01:18,Najah Robertson,,,,,,,,,L2 Yellow Tag,2026-06-17 19:01:18,Najah Robertson,2026-09-09T00:25:35.989077+00:00
42472,9320240,EDCATL11STSEA110,STS,Electrical,,,3151,Cx Lvl 2 Complete,BCEI,,ABB,"49-4100-00003414, heatsink cabinet 49-4100-00003417,",6810000049522-01,1,FTI,LV Switchgear System,2025-04-25 11:16:39,Ben Reynolds,2026-03-02 17:08:59,Najah Robertson,,,2026-05-27 19:00:13,Najah Robertson,,,,,,,,,L2 Yellow Tag,2026-05-27 19:00:13,Najah Robertson,2026-09-09T00:25:35.989077+00:00
42472,9320241,EDCATL11STSEA210,STS,Electrical,,,3151,Cx Lvl 2 Complete,BCEI,,ABB,"SS4AF023-65L-2NM-0000T1E00-000, breaker cabinet 49-4100-00003414,",049522-02,1,FTI,LV Switchgear System,2025-04-25 11:16:39,Ben Reynolds,2026-03-02 17:08:59,Najah Robertson,,,2026-05-27 19:00:13,Najah Robertson,,,,,,,,,L2 Yellow Tag,2026-05-27 19:00:13,Najah Robertson,2026-09-09T00:25:35.989077+00:00
42472,9320242,EDCATL11STSEB110,STS,Electrical,,,3152,Cx Lvl 2 Complete,BCEI,,ABB,SS4AF023-65L-2NM-0000T1E00-000,049522-03,1,FTI,LV Switchgear System,2025-04-25 11:16:39,Ben Reynolds,2026-01-19 16:28:31,Najah Robertson,,,2026-09-02 14:17:34,Johnny Houston,,,,,,,,,L2 Yellow Tag,2026-09-02 14:17:34,Johnny Houston,2026-09-09T00:25:35.989077+00:00
42472,9320243,EDCATL11STSEB210,STS,Electrical,,,3152,Cx Lvl 2 Complete,BCEI,,ABB,SSAF023-64L-2NM-0000T1E00-000,049522-04,1,FTI,LV Switchgear System,2025-04-25 11:16:39,Ben Reynolds,2026-01-19 16:28:31,Najah Robertson,,,2026-05-27 17:09:25,Najah Robertson,,,,,,,,,L2 Yellow Tag,2026-05-27 17:09:25,Najah Robertson,2026-09-09T00:25:35.989077+00:00
42472,9320244,EDCATL11STSEC110,STS,Electrical,,,3153,Cx Lvl 2 Complete,BCEI,,ABB,SS4AF023-65L-2NM-0000T1E00-000,049187-02,1,FTI,LV Switchgear System,2025-04-25 11:16:39,Ben Reynolds,2026-01-19 16:28:31,Najah Robertson,,,2026-05-27 16:59:23,Najah Robertson,,,,,,,,,L2 Yellow Tag,2026-05-27 16:59:23,Najah Robertson,2026-09-09T00:25:35.989077+00:00
42472,9320245,EDCATL11STSEC210,STS,Electrical,,,3153,Cx Lvl 2 Complete,BCEI,,ABB,SS4AF023-65L-2NM-0000TE00-000,049187-01,1,FTI,LV Switchgear System,2025-04-25 11:16:40,Ben Reynolds,2026-01-19 16:28:31,Najah Robertson,,,2026-05-27 16:57:41,Najah Robertson,,,,,,,,,L2 Yellow Tag,2026-05-27 16:57:41,Najah Robertson,2026-09-09T00:25:35.989077+00:00
42472,9320246,EDCATL11STSED110,STS,Electrical,,,3155,Cx Lvl 2 Complete,BCEI,,ABB,SS4AF023-65L-2NM-0000T1E00-000,049187-03,1,FTI,LV Switchgear System,2025-04-25 11:16:40,Ben Reynolds,2026-03-02 17:39:56,Najah Robertson,,,2026-05-27 16:45:26,Najah Robertson,,,,,,,,,L2 Yellow Tag,2026-05-27 16:45:26,Najah Robertson,2026-09-09T00:25:35.989077+00:00
42472,9320247,EDCATL11STSED210,STS,Electrical,,,3155,Cx Lvl 2 Complete,BCEI,,ABB,SS4AF023-65L-2NM-0000T1E00-000,049187-04,1,FTI,LV Switchgear System,2025-04-25 11:16:40,Ben Reynolds,2026-03-02 17:39:57,Najah Robertson,,,2026-05-27 16:45:25,Najah Robertson,,,,,,,,,L2 Yellow Tag,2026-05-27 16:45:25,Najah Robertson,2026-09-09T00:25:35.989077+00:00
42472,9320248,EDCATL11STSEE110,STS,Electrical,,,3156,Cx Lvl 2 Complete,BCEI,,ABB,SS4AF023-65L-2NM-0000T1E00-000,049187-05,1,FTI,LV Switchgear System,2025-04-25 11:16:40,Ben Reynolds,2026-03-02 17:59:38,Najah Robertson,,,2026-05-27 16:31:39,Najah Robertson,,,,,,,,,L2 Yellow Tag,2026-05-27 16:31:39,Najah Robertson,2026-09-09T00:25:35.989077+00:00
42472,9320249,EDCATL11STSEE210,STS,Electrical,,,3156,Cx Lvl 2 Complete,BCEI,,ABB,SS4AF023-65L-2NM-0000T1E00-000,049187-06,1,FTI,LV Switchgear System,2025-04-25 11:16:40,Ben Reynolds,2026-03-02 17:59:38,Najah Robertson,,,2026-05-27 16:31:39,Najah Robertson,,,,,,,,,L2 Yellow Tag,2026-05-27 16:31:39,Najah Robertson,2026-09-09T00:25:35.989077+00:00
42472,9320250,EDCATL11STSEF110,STS,Electrical,,,3157,Cx Lvl 2 Complete,BCEI,,ABB,SS4AF023-65L-2NM-0000T1E00-000,681000049419-01,1,FTI,LV Switchgear System,2025-04-25 11:16:40,Ben Reynolds,2026-01-19 16:28:30,Najah Robertson,,,2026-05-27 16:14:38,Najah Robertson,,,,,,,,,L2 Yellow Tag,2026-05-27 16:14:38,Najah Robertson,2026-09-09T00:25:35.989077+00:00
42472,9320251,EDCATL11STSEF210,STS,Electrical,,,3157,Cx Lvl 2 Complete,BCEI,,ABB,SS4AF023-65L-2NM-0000T1E00-000,681000049419-02,1,FTI,LV Switchgear System,2025-04-25 11:16:40,Ben Reynolds,2026-01-19 16:28:30,Najah Robertson,,,2026-05-27 16:17:39,Najah Robertson,,,,,,,,,L2 Yellow Tag,2026-05-27 16:17:39,Najah Robertson,2026-09-09T00:25:35.989077+00:00
42472,9323585,EDCATL11SUM00100,SUM,,,,1036,Cx Lvl 2 Complete,Art Plumbing,,Zoeller,Z9400013,PN153-0027,AH,Art Plumbing,,2025-04-25 11:17:16,Ben Reynolds,2026-05-04 20:54:41,Najah Robertson,,,2026-08-13 11:17:03,Najah Robertson,,,,,,,,,L2 Yellow Tag,2026-08-13 11:17:03,Najah Robertson,2026-09-09T00:25:35.989077+00:00
42472,9323586,EDCATL11SUM00200,SUM,,,,1086,Cx Lvl 2 Complete,,,,,,AH,,,2025-04-25 11:17:16,Ben Reynolds,,,,,2026-08-13 11:17:06,Najah Robertson,,,,,,,,,L2 Yellow Tag,2026-08-13 11:17:06,Najah Robertson,2026-09-09T00:25:35.989077+00:00
42472,9323749,EDCATL11SUM00300,SUM,,,,1041,Cx Lvl 2 Complete,Art Plumbing,,Zoeller,,PN153-0005,BH,Art Plumbing,,2025-04-25 11:17:18,Ben Reynolds,,,,,2026-07-31 11:22:11,Najah Robertson,,,,,,,,,L2 Yellow Tag,2026-07-31 11:22:11,Najah Robertson,2026-09-09T00:25:35.989077+00:00
42472,9320252,EDCATL11TESA00100,TES,Mechanical,,,ROOF,Cx Lvl 3 Complete,Kenimer Knox Mechanical,Roof,Wessels,,CBT-3000-16F,1,Kenimer Knox Mechanical,Chilled Water System,2025-04-25 11:16:40,Ben Reynolds,2025-10-16 16:08:33,Najah Robertson,,,2026-05-12 19:29:09,Najah Robertson,,,2026-07-31 12:36:28,Eric Harrison,,,,,L3 Green Tag,2026-07-31 12:36:28,Eric Harrison,2026-09-09T00:25:35.989077+00:00
42472,9320253,EDCATL11TESA00200,TES,Mechanical,,,ROOF,Cx Lvl 3 Complete,Kenimer Knox Mechanical,Roof,Wessels,,CBT-3000-16F,1,Kenimer Knox Mechanical,Chilled Water System,2025-04-25 11:16:40,Ben Reynolds,2025-10-16 16:08:33,Najah Robertson,,,2026-05-12 19:29:09,Najah Robertson,,,2026-07-31 12:36:28,Eric Harrison,,,,,L3 Green Tag,2026-07-31 12:36:28,Eric Harrison,2026-09-09T00:25:35.989077+00:00
42472,9320254,EDCATL11TESA00300,TES,Mechanical,,,ROOF,Cx Lvl 3 Complete,Kenimer Knox Mechanical,Roof,Wessels,,CBT-3000-16F,1,Kenimer Knox Mechanical,Chilled Water System,2025-04-25 11:16:40,Ben Reynolds,2025-10-16 16:08:33,Najah Robertson,,,2026-05-12 19:29:09,Najah Robertson,,,2026-07-31 12:36:28,Eric Harrison,,,,,L3 Green Tag,2026-07-31 12:36:28,Eric Harrison,2026-09-09T00:25:35.989077+00:00
42472,9320255,EDCATL11TESB00100,TES,Mechanical,,,ROOF,Cx Lvl 3 Complete,Kenimer Knox Mechanical,Roof,Wessels,,CBT-3000-16F,1,Kenimer Knox Mechanical,Chilled Water System,2025-04-25 11:16:40,Ben Reynolds,2026-01-20 15:21:10,Najah Robertson,,,2026-06-17 19:02:19,Najah Robertson,,,2026-07-31 12:36:28,Eric Harrison,,,,,L3 Green Tag,2026-07-31 12:36:28,Eric Harrison,2026-09-09T00:25:35.989077+00:00
42472,9320256,EDCATL11TESB00200,TES,Mechanical,,,ROOF,Cx Lvl 3 Complete,Kenimer Knox Mechanical,Roof,Wessels,,CBT-3000-16F,1,Kenimer Knox Mechanical,Chilled Water System,2025-04-25 11:16:40,Ben Reynolds,2026-01-20 15:21:10,Najah Robertson,,,2026-06-17 19:02:26,Najah Robertson,,,2026-07-31 12:36:28,Eric Harrison,,,,,L3 Green Tag,2026-07-31 12:36:28,Eric Harrison,2026-09-09T00:25:35.989077+00:00
42472,9320257,EDCATL11TESB00300,TES,Mechanical,,,ROOF,Cx Lvl 3 Complete,Kenimer Knox Mechanical,Roof,Wessels,,CBT-3000-16F,1,Kenimer Knox Mechanical,Chilled Water System,2025-04-25 11:16:40,Ben Reynolds,2026-01-20 15:22:42,Najah Robertson,,,2026-06-17 19:03:31,Najah Robertson,,,2026-07-31 12:36:28,Eric Harrison,,,,,L3 Green Tag,2026-07-31 12:36:28,Eric Harrison,2026-09-09T00:25:35.989077+00:00
42472,9323588,EDCATL11TRNAH110,TRN,,,,EXT WEST,Cx Lvl 3 Complete,Vanjen,,MADDOX,MODEL # MT 37689,C2414044776,AH,FTI,MV Switchgear System,2025-04-25 11:17:16,Ben Reynolds,2025-11-17 20:53:09,Najah Robertson,,,2026-06-01 02:01:57,Najah Robertson,,,2026-09-08 11:47:32,Najah Robertson,,,,,L3 Green Tag,2026-09-08 11:47:32,Najah Robertson,2026-09-09T00:25:35.989077+00:00
42472,9323589,EDCATL11TRNAH210,TRN,,,,1061,Cx Lvl 3 Complete,BCEI,,MGM,HT75A3B2-D16,AA5034 - 75YS - 2504 - 5 - 25 - E,AH,RODGERS E.,LV Distribution System,2025-04-25 11:17:16,Ben Reynolds,2026-01-06 21:27:44,Najah Robertson,,,2026-06-02 13:54:32,Najah Robertson,,,2026-09-08 11:47:32,Najah Robertson,,,,,L3 Green Tag,2026-09-08 11:47:32,Najah Robertson,2026-09-09T00:25:35.989077+00:00
42472,9323590,EDCATL11TRNAH310,TRN,,,,1061,Cx Lvl 3 Complete,BCEI,,MGM,HT75A3B2 - D16,AA5034 - 75YS - 2504 - 5 - 20 - E,AH,RODGERS E.,LV Distribution System,2025-04-25 11:17:16,Ben Reynolds,2026-01-06 21:27:44,Najah Robertson,,,2026-06-02 13:56:31,Najah Robertson,,,2026-09-08 11:47:32,Najah Robertson,,,,,L3 Green Tag,2026-09-08 11:47:32,Najah Robertson,2026-09-09T00:25:35.989077+00:00
42472,9323591,EDCATL11TRNAH440,TRN,,,,1087,Cx Lvl 3 Complete,Rodgers,,MGM,HT75A3B2-D16,AA5034-75YS-2504-5-23-E,AH,Fti,LV Distribution System,2025-04-25 11:17:16,Ben Reynolds,2026-03-05 20:38:52,Najah Robertson,,,2026-06-17 19:25:05,Najah Robertson,,,2026-09-08 11:47:32,Najah Robertson,,,,,L3 Green Tag,2026-09-08 11:47:32,Najah Robertson,2026-09-09T00:25:35.989077+00:00
42472,9323592,EDCATL11TRNAH510,TRN,,,,1087,Cx Lvl 3 Complete,Bcei,,MGM,HT75A3B2-D16,AA5034 - 75YS - 2504 - 5 - 33 - E,AH,Fti,LV Distribution System,2025-04-25 11:17:16,Ben Reynolds,2026-03-05 20:38:51,Najah Robertson,,,2026-06-17 19:33:28,Najah Robertson,,,2026-09-08 11:47:32,Najah Robertson,,,,,L3 Green Tag,2026-09-08 11:47:32,Najah Robertson,2026-09-09T00:25:35.989077+00:00
42472,9323593,EDCATL11TRNAH670,TRN,,,,2061,Cx Lvl 3 Complete,Bcei,,MGM,HT75A3B2-D16,AA5034-75YS-2504-5-38-E,AH,Rodgers,LV Distribution System,2025-07-15 14:50:22,Roclun Barber,2026-02-09 19:48:29,Najah Robertson,,,2026-06-17 19:33:40,Najah Robertson,,,2026-09-08 11:47:33,Najah Robertson,,,,,L3 Green Tag,2026-09-08 11:47:33,Najah Robertson,2026-09-09T00:25:35.989077+00:00
42472,9323594,EDCATL11TRNAH710,TRN,,,,2061,Cx Lvl 3 Complete,Bcei,,MGM,HT75A3B2-D16,AA5034-75YS-2504-5-34-E,AH,Rodgers,LV Distribution System,2025-04-25 11:17:16,Ben Reynolds,2026-02-09 19:47:59,Najah Robertson,,,2026-06-17 19:51:02,Najah Robertson,,,2026-09-08 11:47:33,Najah Robertson,,,,,L3 Green Tag,2026-09-08 11:47:33,Najah Robertson,2026-09-09T00:25:35.989077+00:00
42472,9323595,EDCATL11TRNAH880,TRN,,,,2087,Cx Lvl 3 Complete,BCEI,,MGM,HT75A3B2-D16,AA5034–75YS-2504-5-37-E,AH,FTI,LV Distribution System,2025-04-25 11:17:16,Ben Reynolds,2026-02-04 21:23:59,Najah Robertson,,,2026-06-17 19:53:22,Najah Robertson,,,2026-09-08 11:47:33,Najah Robertson,,,,,L3 Green Tag,2026-09-08 11:47:33,Najah Robertson,2026-09-09T00:25:35.989077+00:00
42472,9323596,EDCATL11TRNAH910,TRN,,,,2087,Cx Lvl 3 Complete,BCIE,,MGM,HT75A3B2-D16,AA5033-75YS-2504-5-3-E,AH,FTI,LV Distribution System,2025-04-25 11:17:16,Ben Reynolds,2026-02-04 21:23:59,Najah Robertson,,,2026-06-17 19:57:00,Najah Robertson,,,2026-09-08 11:47:33,Najah Robertson,,,,,L3 Green Tag,2026-09-08 11:47:33,Najah Robertson,2026-09-09T00:25:35.989077+00:00
42472,9323597,EDCATL11TRNAHAD0,TRN,,,,3061,Cx Lvl 3 Complete,BCEI,,MGM,HT75A3B2-D16,AA5033-75YS-2504-5-28-E,AH,ROGERS ELECTRIC,LV Distribution System,2025-04-25 11:17:16,Ben Reynolds,2026-03-06 13:40:50,Najah Robertson,,,2026-06-17 20:00:56,Najah Robertson,,,2026-09-08 11:47:33,Najah Robertson,,,,,L3 Green Tag,2026-09-08 11:47:33,Najah Robertson,2026-09-09T00:25:35.989077+00:00
42472,9323598,EDCATL11TRNAHB10,TRN,,,,3061,Cx Lvl 3 Complete,BCEI,,MGM,HT75A3B2 - D16,AA5033 - 75YS - 2504 - 5 - 22 - E,AH,FTI,LV Distribution System,2025-04-25 11:17:16,Ben Reynolds,2026-03-06 13:40:50,Najah Robertson,,,2026-06-17 20:08:08,Najah Robertson,,,2026-09-08 11:47:33,Najah Robertson,,,,,L3 Green Tag,2026-09-08 11:47:33,Najah Robertson,2026-09-09T00:25:35.989077+00:00
42472,9323599,EDCATL11TRNAHCE0,TRN,,,,3088,Cx Lvl 3 Complete,BCEI,,MGM,HT75A3B2 - D16,AA5033 - 75YS - 2504 - 5 - 10 - E,AH,FTI,LV Distribution System,2025-04-25 11:17:16,Ben Reynolds,2026-03-05 16:01:11,Najah Robertson,,,2026-06-17 20:14:04,Najah Robertson,,,2026-09-08 11:47:33,Najah Robertson,,,,,L3 Green Tag,2026-09-08 11:47:33,Najah Robertson,2026-09-09T00:25:35.989077+00:00
42472,9323600,EDCATL11TRNAHD10,TRN,,,,3088,Cx Lvl 3 Complete,BCEI,,MGM,HT75A3B2-D16,AA5033-75YS-2504-5-18-E,AH,FTI,LV Distribution System,2025-04-25 11:17:16,Ben Reynolds,2026-03-05 16:01:10,Najah Robertson,,,2026-06-17 20:19:27,Najah Robertson,,,2026-09-08 11:47:33,Najah Robertson,,,,,L3 Green Tag,2026-09-08 11:47:33,Najah Robertson,2026-09-09T00:25:35.989077+00:00
42472,9323601,EDCATL11TRNAHE10,TRN,,,,GENERATOR AH,Cx Lvl 3 Complete,Mustang CAT,,Square D,PHA9586703,1032025011,AH,Coastline,LV Distribution System,2025-04-25 11:17:16,Ben Reynolds,2025-10-03 11:34:00,Darshan Lunawat,,,2026-06-17 20:20:38,Najah Robertson,,,2026-09-08 11:47:33,Najah Robertson,,,,,L3 Green Tag,2026-09-08 11:47:33,Najah Robertson,2026-09-09T00:25:35.989077+00:00
42472,9323757,EDCATL11TRNBH8A0,TRN,,,,2014,Cx Lvl 3 Complete,BCEI,,MGM,HT75A3B2 - D16,AA5033 - 75YS - 2504 - 5 - 21 - E,BH,FTI,LV Distribution System,2025-04-25 11:17:18,Ben Reynolds,2026-06-17 20:35:15,Najah Robertson,,,2026-09-01 15:47:12,Najah Robertson,,,2026-09-08 11:47:33,Najah Robertson,,,,,L3 Green Tag,2026-09-08 11:47:33,Najah Robertson,2026-09-09T00:25:35.989077+00:00
42472,9323750,EDCATL11TRNBH110,TRN,,,,EXT SOUTH,Cx Lvl 3 Complete,Vanjen,,Maddox,MT37688,C2414044775,BH,FTI,MV Switchgear System,2025-04-25 11:17:18,Ben Reynolds,2025-11-17 20:53:28,Najah Robertson,,,2026-06-04 13:31:26,Najah Robertson,,,2026-09-08 11:47:33,Najah Robertson,,,,,L3 Green Tag,2026-09-08 11:47:33,Najah Robertson,2026-09-09T00:25:35.989077+00:00
42472,9323751,EDCATL11TRNBH210,TRN,,,,1064,Cx Lvl 3 Complete,BCEI,,MGM,HT75A3B2 - D16,AA5034 - 75YS - 2504 - 5 - 40 - E,BH,ROGERS,LV Distribution System,2025-04-25 11:17:18,Ben Reynolds,2026-01-06 21:27:46,Najah Robertson,,,2026-06-02 13:38:33,Najah Robertson,,,2026-09-08 11:47:33,Najah Robertson,,,,,L3 Green Tag,2026-09-08 11:47:33,Najah Robertson,2026-09-09T00:25:35.989077+00:00
42472,9323752,EDCATL11TRNBH310,TRN,,,,1064,Cx Lvl 3 Complete,BCEI,,MGM,HT75A3B2-D16,AA5034-75YS-2504-5-19-E,BH,FTI,LV Distribution System,2025-04-25 11:17:18,Ben Reynolds,2026-01-06 21:27:45,Najah Robertson,,,2026-06-02 13:38:34,Najah Robertson,,,2026-09-08 11:47:33,Najah Robertson,,,,,L3 Green Tag,2026-09-08 11:47:33,Najah Robertson,2026-09-09T00:25:35.989077+00:00
42472,9323753,EDCATL11TRNBH440,TRN,,,,1014,Cx Lvl 3 Complete,BCEI,,MGM,HT75A3B2-D16,AA822-75YS-2505-4-2-,BH,FTI,LV Distribution System,2025-04-25 11:17:18,Ben Reynolds,2026-03-04 19:33:54,Najah Robertson,,,2026-06-17 20:26:41,Najah Robertson,,,2026-09-08 11:47:33,Najah Robertson,,,,,L3 Green Tag,2026-09-08 11:47:33,Najah Robertson,2026-09-09T00:25:35.989077+00:00
42472,9323754,EDCATL11TRNBH510,TRN,,,,1014,Cx Lvl 3 Complete,BCEI,,MGM,HT75A3B2 - D16,AA822 - 75YS - 2505 - 4 - 3,BH,FTI,LV Distribution System,2025-04-25 11:17:18,Ben Reynolds,2026-03-04 19:33:54,Najah Robertson,,,2026-06-17 20:28:55,Najah Robertson,,,2026-09-08 11:47:33,Najah Robertson,,,,,L3 Green Tag,2026-09-08 11:47:33,Najah Robertson,2026-09-09T00:25:35.989077+00:00
42472,9323755,EDCATL11TRNBH670,TRN,,,,2064,Cx Lvl 3 Complete,BCEI,,MGM,HT75A3B2-D16,AA5034-75YS-2504-5-42-E,BH,FTI,LV Distribution System,2025-04-25 11:17:18,Ben Reynolds,2026-03-17 18:59:04,Najah Robertson,,,2026-06-17 20:29:58,Najah Robertson,,,2026-09-08 11:47:33,Najah Robertson,,,,,L3 Green Tag,2026-09-08 11:47:33,Najah Robertson,2026-09-09T00:25:35.989077+00:00
42472,9323756,EDCATL11TRNBH710,TRN,,,,2064,Cx Lvl 3 Complete,BCEI,,MGM,HT75A3B2 - D16,AA5034 - 75YS - 2504 - 5-43 - E,BH,FTI,LV Distribution System,2025-04-25 11:17:18,Ben Reynolds,2026-03-17 19:00:00,Najah Robertson,,,2026-06-17 20:31:02,Najah Robertson,,,2026-09-08 11:47:33,Najah Robertson,,,,,L3 Green Tag,2026-09-08 11:47:33,Najah Robertson,2026-09-09T00:25:35.989077+00:00
42472,9323758,EDCATL11TRNBH910,TRN,,,,2014,Cx Lvl 3 Complete,Bcei,,MGM,HT75A3B2 - D16,AA5033 - 75YS - 2504 - 5 - 17 - E,BH,Rodgers,LV Distribution System,2025-04-25 11:17:18,Ben Reynolds,2026-03-05 20:38:51,Najah Robertson,,,2026-06-17 20:32:46,Najah Robertson,,,2026-09-08 11:47:33,Najah Robertson,,,,,L3 Green Tag,2026-09-08 11:47:33,Najah Robertson,2026-09-09T00:25:35.989077+00:00
42472,9323759,EDCATL11TRNBHAB0,TRN,,,,3064,Cx Lvl 3 Complete,BCEI,,MGM,HT75A3B2-D16,AA5033-75YS-2504-5-19-E,BH,ROGERS,LV Distribution System,2025-04-25 11:17:18,Ben Reynolds,2026-03-24 18:39:58,Najah Robertson,,,2026-06-17 20:33:49,Najah Robertson,,,2026-09-08 11:47:33,Najah Robertson,,,,,L3 Green Tag,2026-09-08 11:47:33,Najah Robertson,2026-09-09T00:25:35.989077+00:00
42472,9323760,EDCATL11TRNBHB10,TRN,,,,3064,Cx Lvl 3 Complete,BCEI,,MGM,HT75A3B2-D16,AA5033-75YS-2504-5-20-E,BH,ROGERS,LV Distribution System,2025-04-25 11:17:18,Ben Reynolds,2026-03-24 18:40:57,Najah Robertson,,,2026-06-17 20:35:34,Najah Robertson,,,2026-09-08 11:47:33,Najah Robertson,,,,,L3 Green Tag,2026-09-08 11:47:33,Najah Robertson,2026-09-09T00:25:35.989077+00:00
42472,9323761,EDCATL11TRNBHCE0,TRN,,,,3014,Cx Lvl 3 Complete,FTI,,MGM,HT75A3B2 - D16,AA966 - 75YS - 2506 - 3 - 56 - E,BH,ROGERS,LV Distribution System,2025-04-25 11:17:18,Ben Reynolds,2026-03-05 20:19:37,Najah Robertson,,,2026-06-17 20:36:36,Najah Robertson,,,2026-09-08 11:47:33,Najah Robertson,,,,,L3 Green Tag,2026-09-08 11:47:33,Najah Robertson,2026-09-09T00:25:35.989077+00:00
42472,9323762,EDCATL11TRNBHD10,TRN,,,,3014,Cx Lvl 3 Complete,BCEI,,MGM,HT75A3B2 - D16,AA966 - 75YS - 2506 - 3 - 62 - E,BH,ROGERS,LV Distribution System,2025-04-25 11:17:18,Ben Reynolds,2026-03-05 20:10:22,Najah Robertson,,,2026-06-17 20:37:38,Najah Robertson,,,2026-09-08 11:47:33,Najah Robertson,,,,,L3 Green Tag,2026-09-08 11:47:33,Najah Robertson,2026-09-09T00:25:35.989077+00:00
42472,9323763,EDCATL11TRNBHE10,TRN,,,,1014,Cx Lvl 3 Complete,Mustang Cat,,MGM,PHASS85703,AA966-75YS-2506-3-68-E,BH,FTI,LV Distribution System,2025-04-25 11:17:18,Ben Reynolds,2025-11-17 20:58:58,Najah Robertson,,,2026-06-17 20:38:50,Najah Robertson,,,2026-09-08 11:47:33,Najah Robertson,,,,,L3 Green Tag,2026-09-08 11:47:33,Najah Robertson,2026-09-09T00:25:35.989077+00:00
42472,9323764,EDCATL11TRNBHF10,TRN,,,,GENERATOR BH,Cx Lvl 3 Complete,FTI,,Square D,,1100623037,BH,FTI,LV Distribution System,2025-04-25 11:17:18,Ben Reynolds,,,,,2026-06-17 20:41:12,Najah Robertson,,,2026-09-08 11:47:33,Najah Robertson,,,,,L3 Green Tag,2026-09-08 11:47:33,Najah Robertson,2026-09-09T00:25:35.989077+00:00
42472,9323766,EDCATL11TRNBHHI0,TRN,,,,SECURITY GUARD SHACK,Cx Lvl 3 Complete,MGM,,MGM,HT30A3B2-D16,AA546-30YS-2412-2-1-E,BH,FTI,LV Distribution System,2025-04-25 11:17:18,Ben Reynolds,2026-06-17 20:43:01,Najah Robertson,,,2026-09-01 15:47:12,Najah Robertson,,,2026-09-08 11:47:33,Najah Robertson,,,,,L3 Green Tag,2026-09-08 11:47:33,Najah Robertson,2026-09-09T00:25:35.989077+00:00
42472,9320258,EDCATL11TRNEA110,TRN,,,,LEVEL 3 GANTRY,Cx Lvl 3 Complete,Vanjen,3rd floor tranche 1 gantry,Maddox,MT37652,C2414034797,1,FTI,MV Switchgear System,2025-04-25 11:16:40,Ben Reynolds,2025-08-19 19:01:34,Ben Reynolds,,,2026-05-27 15:56:38,Najah Robertson,,,2026-08-03 11:08:01,Najah Robertson,,,,,L3 Green Tag,2026-08-03 11:08:01,Najah Robertson,2026-09-09T00:25:35.989077+00:00
42472,9320259,EDCATL11TRNEA210,TRN,,,,3171,Cx Lvl 3 Complete,BCEI,GEN RM EA,MGM,HT45A3B2-D16,AA1020-45YS-2507-3-22-E,1,FTI,LV Distribution System,2025-04-25 11:16:40,Ben Reynolds,2025-11-17 20:59:21,Najah Robertson,,,2026-04-14 14:59:34,Najah Robertson,,,2026-08-03 11:08:01,Najah Robertson,,,,,L3 Green Tag,2026-08-03 11:08:01,Najah Robertson,2026-09-09T00:25:35.989077+00:00
42472,9320260,EDCATL11TRNEA310,TRN,,,,3121,Cx Lvl 3 Complete,BCEI,PDU A1,MGM,HT75A3B2 - D16,AA966 - 75YS - 2506 - 3 - 70 - E,1,FTI,LV Distribution System,2025-04-25 11:16:40,Ben Reynolds,2026-01-07 20:33:41,Najah Robertson,,,2026-06-09 13:34:39,Najah Robertson,,,2026-08-03 11:08:01,Najah Robertson,,,,,L3 Green Tag,2026-08-03 11:08:01,Najah Robertson,2026-09-09T00:25:35.989077+00:00
42472,9320261,EDCATL11TRNEA410,TRN,,,,3112,Cx Lvl 3 Complete,BCEI,PDU 92,MGM,AD370-E1390,25-07-25-85840F-19,1,FTI,LV Distribution System,2025-04-25 11:16:40,Ben Reynolds,2026-01-08 22:10:33,Najah Robertson,,,2026-06-17 20:43:30,Najah Robertson,,,2026-08-03 11:08:01,Najah Robertson,,,,,L3 Green Tag,2026-08-03 11:08:01,Najah Robertson,2026-09-09T00:25:35.989077+00:00
42472,9320262,EDCATL11TRNEB110,TRN,,,,LEVEL 3 GANTRY,Cx Lvl 3 Complete,Vanjen,3rd floor tranche  1 gantry,Maddox,MT-37651,C2414034796,1,FTI,MV Switchgear System,2025-04-25 11:16:40,Ben Reynolds,2025-08-19 19:01:34,Ben Reynolds,,,2026-05-27 15:55:39,Najah Robertson,,,2026-08-03 11:08:01,Najah Robertson,,,,,L3 Green Tag,2026-08-03 11:08:01,Najah Robertson,2026-09-09T00:25:35.989077+00:00
42472,9320263,EDCATL11TRNEB210,TRN,,,,3172,Cx Lvl 3 Complete,BCEI,GEN ROOM EB,MGM,HT45A3B2-D16,AA1020-45YS-2507-3-23-E,1,FTI,LV Distribution System,2025-04-25 11:16:40,Ben Reynolds,2025-11-17 20:59:21,Najah Robertson,,,2026-04-14 14:59:34,Najah Robertson,,,2026-08-03 11:08:01,Najah Robertson,,,,,L3 Green Tag,2026-08-03 11:08:01,Najah Robertson,2026-09-09T00:25:35.989077+00:00
42472,9320264,EDCATL11TRNEB310,TRN,,,,3152,Cx Lvl 3 Complete,BCEI,ELE RM EB,MGM,HT45A3B2-D16,AA1020-45YS-2507-3-18-E,1,FTI,LV Distribution System,2025-04-25 11:16:40,Ben Reynolds,2026-03-02 17:08:59,Najah Robertson,,,2026-05-27 17:05:00,Najah Robertson,,,2026-08-03 11:08:01,Najah Robertson,,,,,L3 Green Tag,2026-08-03 11:08:01,Najah Robertson,2026-09-09T00:25:35.989077+00:00
42472,9320265,EDCATL11TRNEB410,TRN,,,,3121,Cx Lvl 3 Complete,BCEI,PDU A1,MGM,HT30A3D2-D16,AA1016-30AD-25-E,1,FTI,LV Distribution System,2025-04-25 11:16:40,Ben Reynolds,2026-01-07 20:33:41,Najah Robertson,,,2026-06-09 13:33:39,Najah Robertson,,,2026-08-03 11:08:01,Najah Robertson,,,,,L3 Green Tag,2026-08-03 11:08:01,Najah Robertson,2026-09-09T00:25:35.989077+00:00
42472,9320266,EDCATL11TRNEB550,TRN,,,,3121,Cx Lvl 3 Complete,BCEI,PDU A1,MGM,AD370-E1390,25-07-25-85840F-12,1,FTI,LV Distribution System,2025-04-25 11:16:40,Ben Reynolds,2026-01-07 20:33:41,Najah Robertson,,,2026-06-17 20:44:53,Najah Robertson,,,2026-08-03 11:08:01,Najah Robertson,,,,,L3 Green Tag,2026-08-03 11:08:01,Najah Robertson,2026-09-09T00:25:35.989077+00:00
42472,9320267,EDCATL11TRNEC110,TRN,,,,LEVEL 3 GANTRY,Cx Lvl 3 Complete,Vanjen,3rd floor tranche 1 gantry,Maddox,MT-37657,C2414034802,1,FTI,MV Switchgear System,2025-04-25 11:16:40,Ben Reynolds,2025-08-19 19:01:34,Ben Reynolds,,,2026-05-27 15:54:40,Najah Robertson,,,2026-08-03 11:08:01,Najah Robertson,,,,,L3 Green Tag,2026-08-03 11:08:01,Najah Robertson,2026-09-09T00:25:35.989077+00:00
42472,9320268,EDCATL11TRNEC210,TRN,,,,3173,Cx Lvl 3 Complete,BCEI,GEN ROOM EC,MGM,HT45A3B2-D16,AA1020-45YS-2507-3-7-E,1,FTI,LV Distribution System,2025-04-25 11:16:40,Ben Reynolds,2025-11-17 20:59:21,Najah Robertson,,,2026-04-14 14:59:34,Najah Robertson,,,2026-08-03 11:08:01,Najah Robertson,,,,,L3 Green Tag,2026-08-03 11:08:01,Najah Robertson,2026-09-09T00:25:35.989077+00:00
42472,9320269,EDCATL11TRNEC310,TRN,,,,3112,Cx Lvl 3 Complete,BCEI,PDU 92,MGM,HT30A3D2-D16,AA1016-30AD-23-E,1,FTI,LV Distribution System,2025-04-25 11:16:40,Ben Reynolds,2026-01-08 22:10:29,Najah Robertson,,,2026-06-09 13:20:39,Najah Robertson,,,2026-08-03 11:08:01,Najah Robertson,,,,,L3 Green Tag,2026-08-03 11:08:01,Najah Robertson,2026-09-09T00:25:35.989077+00:00
42472,9320270,EDCATL11TRNED110,TRN,,,,LEVEL 3 GANTRY,Cx Lvl 3 Complete,Vanjen,3rd floor tranche 1 gantry,Maddox,MT-37650,C2414034795,1,FTI,MV Switchgear System,2025-04-25 11:16:40,Ben Reynolds,2025-08-19 19:01:34,Ben Reynolds,,,2026-05-27 15:52:39,Najah Robertson,,,2026-08-03 11:08:01,Najah Robertson,,,,,L3 Green Tag,2026-08-03 11:08:01,Najah Robertson,2026-09-09T00:25:35.989077+00:00
42472,9320271,EDCATL11TRNED210,TRN,,,,3175,Cx Lvl 3 Complete,BCEI,ED GEN ROOM,MGM,HT45A3B2-D16,AA1020-45YS-2507-3-4-E,1,FTI,LV Distribution System,2025-04-25 11:16:40,Ben Reynolds,2025-11-17 20:59:39,Najah Robertson,,,2026-04-14 14:59:34,Najah Robertson,,,2026-08-03 11:08:01,Najah Robertson,,,,,L3 Green Tag,2026-08-03 11:08:01,Najah Robertson,2026-09-09T00:25:35.989077+00:00
42472,9320272,EDCATL11TRNED310,TRN,,,,3121,Cx Lvl 3 Complete,BCEI,PDU A1,MGM,HT30A3D2-D16,AA1016-30AD-26-E,1,FTI,LV Distribution System,2025-04-25 11:16:40,Ben Reynolds,2026-01-07 20:33:40,Najah Robertson,,,2026-06-09 13:57:39,Najah Robertson,,,2026-08-03 11:08:01,Najah Robertson,,,,,L3 Green Tag,2026-08-03 11:08:01,Najah Robertson,2026-09-09T00:25:35.989077+00:00
42472,9320273,EDCATL11TRNEE110,TRN,,,,LEVEL 3 GANTRY,Cx Lvl 3 Complete,Vanjen,3rd floor tranche 1 gantry,Maddox,MT-37648,C2414044772,1,FTI,MV Switchgear System,2025-04-25 11:16:40,Ben Reynolds,2025-08-19 19:01:34,Ben Reynolds,,,2026-05-27 15:51:39,Najah Robertson,,,2026-08-03 11:08:01,Najah Robertson,,,,,L3 Green Tag,2026-08-03 11:08:01,Najah Robertson,2026-09-09T00:25:35.989077+00:00
42472,9320274,EDCATL11TRNEE210,TRN,,,,3176,Cx Lvl 3 Complete,MGM TRANSFORMERS,GEN RM EE,MGM,HT45A3B2-D16,AA1020-45YS-2507-3-10-E,1,FTI,LV Distribution System,2025-04-25 11:16:40,Ben Reynolds,2025-11-17 21:05:14,Najah Robertson,,,2026-04-14 14:59:34,Najah Robertson,,,2026-08-03 11:08:01,Najah Robertson,,,,,L3 Green Tag,2026-08-03 11:08:01,Najah Robertson,2026-09-09T00:25:35.989077+00:00
42472,9320275,EDCATL11TRNEE310,TRN,,,,3112,Cx Lvl 3 Complete,BCEI,PDU 92,MGM,HT30A3D2-D16,AA1016-30AD-2-E,1,FTI,LV Distribution System,2025-04-25 11:16:40,Ben Reynolds,2026-02-05 18:02:56,Najah Robertson,,,2026-06-09 13:12:39,Najah Robertson,,,2026-08-03 11:08:01,Najah Robertson,,,,,L3 Green Tag,2026-08-03 11:08:01,Najah Robertson,2026-09-09T00:25:35.989077+00:00
42472,9320276,EDCATL11TRNEE450,TRN,,,,3112,Cx Lvl 3 Complete,BCEI,PDU 92,MGM,AD370-E1390,25-07-25-85840F-21,1,FTI,LV Distribution System,2025-11-24 13:14:22,Ronald Thomas,2026-01-08 22:10:28,Najah Robertson,,,2026-06-09 13:16:39,Najah Robertson,,,2026-08-03 11:08:01,Najah Robertson,,,,,L3 Green Tag,2026-08-03 11:08:01,Najah Robertson,2026-09-09T00:25:35.989077+00:00
42472,9320277,EDCATL11TRNEF110,TRN,,,,LEVEL 3 GANTRY,Cx Lvl 3 Complete,Vanjen,3rd floor tranche 1 gantry,Maddox,MT-37654,C2414034799,1,FTI,MV Switchgear System,2025-04-25 11:16:40,Ben Reynolds,2025-08-19 19:01:34,Ben Reynolds,,,2026-05-27 15:49:39,Najah Robertson,,,2026-08-03 11:08:01,Najah Robertson,,,,,L3 Green Tag,2026-08-03 11:08:01,Najah Robertson,2026-09-09T00:25:35.989077+00:00
42472,9320278,EDCATL11TRNEF210,TRN,,,,3177,Cx Lvl 3 Complete,BCEI,GEN RM EF,MGM,HT45A3B2-D16,AA1020-45YS-2507-3-29-E,1,FTI,LV Distribution System,2025-04-25 11:16:40,Ben Reynolds,2026-01-06 13:58:46,Najah Robertson,,,2026-04-14 14:59:34,Najah Robertson,,,2026-08-03 11:08:01,Najah Robertson,,,,,L3 Green Tag,2026-08-03 11:08:01,Najah Robertson,2026-09-09T00:25:35.989077+00:00
42472,9320279,EDCATL11TRNEF310,TRN,,,,3112,Cx Lvl 3 Complete,BCEI,PDU 92,MGM,HT75A3B2 - D16,AA966-75YS - 2506 - 3 - 69 - E,1,FTI,LV Distribution System,2025-04-25 11:16:40,Ben Reynolds,2026-02-05 18:01:57,Najah Robertson,,,2026-06-09 13:13:39,Najah Robertson,,,2026-08-03 11:08:01,Najah Robertson,,,,,L3 Green Tag,2026-08-03 11:08:01,Najah Robertson,2026-09-09T00:25:35.989077+00:00
42472,9320280,EDCATL11TRNEF410,TRN,,,,3121,Cx Lvl 3 Complete,BCEI,PDU A1,MGM,AD370-E1390,25-07-85840F-20,1,FTI,LV Distribution System,2025-04-25 11:16:40,Ben Reynolds,2026-03-06 16:35:54,Najah Robertson,,,2026-06-09 13:32:39,Najah Robertson,,,2026-08-03 11:08:01,Najah Robertson,,,,,L3 Green Tag,2026-08-03 11:08:01,Najah Robertson,2026-09-09T00:25:35.989077+00:00
42472,9320281,EDCATL11TRNEZ110,TRN,,,,LEVEL 3 GANTRY,Cx Lvl 3 Complete,Vanjen,3rd floor tranche 1 gantry,Maddox,MT-37649,C2414044773,1,FTI,MV Switchgear System,2025-04-25 11:16:40,Ben Reynolds,2025-08-19 19:28:12,Nick Eleftheriou,,,2026-05-27 15:53:40,Najah Robertson,,,2026-08-03 11:08:01,Najah Robertson,,,,,L3 Green Tag,2026-08-03 11:08:01,Najah Robertson,2026-09-09T00:25:35.989077+00:00
42472,9320282,EDCATL11TRNEZ210,TRN,,,,3174,Cx Lvl 3 Complete,BCEI,GEN ROOM EZ,MGM,HT45A3B2-D16,AA1020-45YS-2507-3-27-E,1,FTI,LV Distribution System,2025-04-25 11:16:40,Ben Reynolds,2026-01-06 13:58:47,Najah Robertson,,,2026-04-14 14:59:34,Najah Robertson,,,2026-08-03 11:08:01,Najah Robertson,,,,,L3 Green Tag,2026-08-03 11:08:01,Najah Robertson,2026-09-09T00:25:35.989077+00:00
42472,9320303,EDCATL11UBP00100,UBP,Mechanical,,,EXT EAST,Cx Lvl 3 Complete,UST Fuel,,ISP Automation,ISP-DEF-25-DTP,S24928-1,1,Kenimer Knox Mechanical,Fuel Oil System,2025-04-25 11:16:40,Ben Reynolds,2025-08-28 18:37:44,Najah Robertson,,,2026-07-31 16:32:21,Najah Robertson,,,2026-08-25 14:48:24,Najah Robertson,,,,,L3 Green Tag,2026-08-25 14:48:24,Najah Robertson,2026-09-09T00:25:35.989077+00:00
42472,9320304,EDCATL11UBP00200,UBP,Mechanical,,,EXT EAST,Cx Lvl 2 Complete,UST Fuel,,ISP Automation,ISP-DEF-25-DTP,S24928-C2,1,Kenimer Knox Mechanical,Fuel Oil System,2025-04-25 11:16:40,Ben Reynolds,2026-07-31 16:32:24,Najah Robertson,,,2026-08-27 14:02:40,Najah Robertson,,,,,,,,,L2 Yellow Tag,2026-08-27 14:02:40,Najah Robertson,2026-09-09T00:25:35.989077+00:00
42472,9320285,EDCATL11UDPEA110,UDP,Electrical,,,3112,Cx Lvl 2 Complete,BCEI,,Anord Mardix,AMX891-16-43-65-30-SQ-1,26309-02,1,Fti,LV Distribution System,2025-04-25 11:16:40,Ben Reynolds,2026-01-06 13:58:49,Najah Robertson,,,2026-06-08 19:43:39,Najah Robertson,,,,,,,,,L2 Yellow Tag,2026-06-08 19:43:39,Najah Robertson,2026-09-09T00:25:35.989077+00:00
42472,9320286,EDCATL11UDPEA220,UDP,Electrical,,,3121,Cx Lvl 2 Complete,BCEI,,Anord Mardix,AMX891-16-43-65-30-SQ-1,26478-03,1,FTI,LV Distribution System,2025-04-25 11:16:40,Ben Reynolds,2026-01-07 20:33:41,Najah Robertson,,,2026-06-09 19:13:39,Najah Robertson,,,,,,,,,L2 Yellow Tag,2026-06-09 19:13:39,Najah Robertson,2026-09-09T00:25:35.989077+00:00
42472,9320287,EDCATL11UDPEA310,UDP,Electrical,,,3112,Cx Lvl 2 Complete,Bcei,,ANORD mardix,AMX891-08-43-65-30-SQ-1,26310-03,1,Fti,LV Distribution System,2025-12-19 14:34:08,Randle Hite,2026-01-13 16:31:29,Najah Robertson,,,2026-06-08 19:45:01,Najah Robertson,,,,,,,,,L2 Yellow Tag,2026-06-08 19:45:01,Najah Robertson,2026-09-09T00:25:35.989077+00:00
42472,9320288,EDCATL11UDPEB110,UDP,Electrical,,,3112,Cx Lvl 2 Complete,Bcei,,Anord Mardix,AMX891-16-43-65-30-SQ-1,26309-05,1,Fti,LV Distribution System,2025-04-25 11:16:40,Ben Reynolds,2026-01-06 13:58:48,Najah Robertson,,,2026-06-08 19:34:39,Najah Robertson,,,,,,,,,L2 Yellow Tag,2026-06-08 19:34:39,Najah Robertson,2026-09-09T00:25:35.989077+00:00
42472,9320289,EDCATL11UDPEB220,UDP,Electrical,,,3121,Cx Lvl 2 Complete,BCEI,,ANORD MARDIX,AMX891-16-43-65-30-SQ-1,26478-04,1,FTI,LV Distribution System,2025-04-25 11:16:40,Ben Reynolds,2026-01-07 20:33:41,Najah Robertson,,,2026-06-09 19:02:39,Najah Robertson,,,,,,,,,L2 Yellow Tag,2026-06-09 19:02:39,Najah Robertson,2026-09-09T00:25:35.989077+00:00
42472,9320290,EDCATL11UDPEB310,UDP,Electrical,,,3112,Cx Lvl 2 Complete,Bcei,,Anord Mardix,AMX891-08-43-65-30-SQ-1,26310-06,1,Fti,LV Distribution System,2025-04-25 11:16:40,Ben Reynolds,2026-01-13 16:31:41,Najah Robertson,,,2026-06-08 19:35:40,Najah Robertson,,,,,,,,,L2 Yellow Tag,2026-06-08 19:35:40,Najah Robertson,2026-09-09T00:25:35.989077+00:00
42472,9320291,EDCATL11UDPEC110,UDP,Electrical,,,3112,Cx Lvl 2 Complete,BCEI,,Anord Mardix,AMX891-16-43-65-30-SQ-1,26309-06,1,FTI,LV Distribution System,2025-04-25 11:16:40,Ben Reynolds,2026-01-06 13:58:48,Najah Robertson,,,2026-06-08 19:24:39,Najah Robertson,,,,,,,,,L2 Yellow Tag,2026-06-08 19:24:39,Najah Robertson,2026-09-09T00:25:35.989077+00:00
42472,9320292,EDCATL11UDPEC220,UDP,Electrical,,,3121,Cx Lvl 2 Complete,BCEI,,Anord Mardix,AMX891-16-43-65-30-SQ-1,26478-05,1,FTI,LV Distribution System,2025-04-25 11:16:40,Ben Reynolds,2026-01-07 20:33:40,Najah Robertson,,,2026-06-09 18:50:38,Najah Robertson,,,,,,,,,L2 Yellow Tag,2026-06-09 18:50:38,Najah Robertson,2026-09-09T00:25:35.989077+00:00
42472,9320293,EDCATL11UDPEC310,UDP,Electrical,,,3112,Cx Lvl 2 Complete,Bcei,,ANORD MARDIX,AMX891-08-43-65-30-SQ-1,26310-02,1,Fti,LV Distribution System,2025-04-25 11:16:40,Ben Reynolds,2026-01-13 16:31:13,Najah Robertson,,,2026-06-08 19:26:39,Najah Robertson,,,,,,,,,L2 Yellow Tag,2026-06-08 19:26:39,Najah Robertson,2026-09-09T00:25:35.989077+00:00
42472,9320294,EDCATL11UDPED110,UDP,Electrical,,,3112,Cx Lvl 2 Complete,Bcei,,Anord Mardix,AMX891-16-43-65-30-SQ-1,26309-04,1,Fti,LV Distribution System,2025-04-25 11:16:40,Ben Reynolds,2026-01-06 13:58:48,Najah Robertson,,,2026-06-08 19:07:40,Najah Robertson,,,,,,,,,L2 Yellow Tag,2026-06-08 19:07:40,Najah Robertson,2026-09-09T00:25:35.989077+00:00
42472,9320295,EDCATL11UDPED210,UDP,Electrical,,,3121,Cx Lvl 2 Complete,Bcei,,ANORD MARDIX,AMX891-16-43-65-30-SQ-1,26478-02,1,Fti,LV Distribution System,2025-04-25 11:16:40,Ben Reynolds,2026-01-07 20:33:40,Najah Robertson,,,2026-06-09 18:38:40,Najah Robertson,,,,,,,,,L2 Yellow Tag,2026-06-09 18:38:40,Najah Robertson,2026-09-09T00:25:35.989077+00:00
42472,9320296,EDCATL11UDPED310,UDP,Electrical,,,3121,Cx Lvl 2 Complete,BCEI,,ANORD mardix,AMX891-08-43-65-30-SQ-1,26310-01,1,FTI,LV Distribution System,2025-04-25 11:16:40,Ben Reynolds,2026-01-13 16:30:22,Najah Robertson,,,2026-06-09 18:28:39,Najah Robertson,,,,,,,,,L2 Yellow Tag,2026-06-09 18:28:39,Najah Robertson,2026-09-09T00:25:35.989077+00:00
42472,9320297,EDCATL11UDPEE110,UDP,Electrical,,,3112,Cx Lvl 2 Complete,Bcei,,Anord Mardix,AMX891-16-43-65-30-SQ-1,26309-01,1,Fti,LV Distribution System,2025-04-25 11:16:40,Ben Reynolds,2026-01-06 13:58:48,Najah Robertson,,,2026-06-08 18:46:39,Najah Robertson,,,,,,,,,L2 Yellow Tag,2026-06-08 18:46:39,Najah Robertson,2026-09-09T00:25:35.989077+00:00
42472,9320298,EDCATL11UDPEE210,UDP,Electrical,,,3121,Cx Lvl 2 Complete,Bcei,,Anord Mardix,AMX891-16-43-65-30-SQ-1,26478-06,1,Fti,LV Distribution System,2025-04-25 11:16:40,Ben Reynolds,2026-01-07 20:33:39,Najah Robertson,,,2026-06-09 18:09:39,Najah Robertson,,,,,,,,,L2 Yellow Tag,2026-06-09 18:09:39,Najah Robertson,2026-09-09T00:25:35.989077+00:00
42472,9320299,EDCATL11UDPEE310,UDP,Electrical,,,3121,Cx Lvl 2 Complete,BCEI,,Anord Mardix,AMX891-08-43-65-30-SQ-1,26310-04,1,FTI,LV Distribution System,2025-12-31 15:02:51,Randle Hite,2026-01-08 22:14:39,Najah Robertson,,,2026-06-09 18:06:38,Najah Robertson,,,,,,,,,L2 Yellow Tag,2026-06-09 18:06:38,Najah Robertson,2026-09-09T00:25:35.989077+00:00
42472,9320300,EDCATL11UDPEF110,UDP,Electrical,,,3112,Cx Lvl 2 Complete,Bcei,,Anord Mardix,AMX891-16-43-65-30-SQ-1,26309-03,1,Fti,LV Distribution System,2025-04-25 11:16:40,Ben Reynolds,2026-03-31 20:30:55,Najah Robertson,,,2026-06-08 18:21:39,Najah Robertson,,,,,,,,,L2 Yellow Tag,2026-06-08 18:21:39,Najah Robertson,2026-09-09T00:25:35.989077+00:00
42472,9320301,EDCATL11UDPEF210,UDP,Electrical,,,3121,Cx Lvl 2 Complete,Bcei,,Anord Mardix,AMX891-16-43-65-30-SQ-1,26478-01,1,Fti,LV Distribution System,2025-04-25 11:16:40,Ben Reynolds,2026-01-06 13:58:47,Najah Robertson,,,2026-06-09 17:40:39,Najah Robertson,,,,,,,,,L2 Yellow Tag,2026-06-09 17:40:39,Najah Robertson,2026-09-09T00:25:35.989077+00:00
42472,9320302,EDCATL11UDPEF310,UDP,Electrical,,,3121,Cx Lvl 2 Complete,BCEI,,Anord Mardix,AMX891-08-43-65-30-SQ-1,26310-05,1,FTI,LV Distribution System,2025-04-25 11:16:40,Ben Reynolds,2026-01-13 16:32:05,Najah Robertson,,,2026-06-09 17:42:39,Najah Robertson,,,,,,,,,L2 Yellow Tag,2026-06-09 17:42:39,Najah Robertson,2026-09-09T00:25:35.989077+00:00
42472,9320305,EDCATL11UPBEA110,UPB,Mechanical,,,3151,Cx Lvl 2 Complete,BCEI,,SAMSUNG,PHR3462-001A,A0089631 068A 25,1,FTI,UPS,2025-04-25 11:16:40,Ben Reynolds,2026-03-02 17:08:59,Najah Robertson,,,2026-07-31 16:30:44,Najah Robertson,,,,,,,,,L2 Yellow Tag,2026-07-31 16:30:44,Najah Robertson,2026-09-09T00:25:35.989077+00:00
42472,9320306,EDCATL11UPBEA210,UPB,Mechanical,,,3151,Cx Lvl 2 Complete,Bcei,,SAMSUNG,PHR3462-001A,A0089631 068A 25 06 03 13901,1,Fti,UPS,2025-04-25 11:16:40,Ben Reynolds,2026-03-02 17:08:59,Najah Robertson,,,2026-07-31 16:30:44,Najah Robertson,,,,,,,,,L2 Yellow Tag,2026-07-31 16:30:44,Najah Robertson,2026-09-09T00:25:35.989077+00:00
42472,9320307,EDCATL11UPBEB110,UPB,Mechanical,,,3152,Cx Lvl 2 Complete,BCEI,,SAMSUNG,PHR3462-001A,A0089631 068A 25,1,FTI,UPS,2025-04-25 11:16:40,Ben Reynolds,2026-03-02 17:59:40,Najah Robertson,,,2026-07-31 16:30:44,Najah Robertson,,,,,,,,,L2 Yellow Tag,2026-07-31 16:30:44,Najah Robertson,2026-09-09T00:25:35.989077+00:00
42472,9320308,EDCATL11UPBEB210,UPB,Mechanical,,,3152,Cx Lvl 2 Complete,BCEI,,Samsung,PHR3462-01A,A0089631 068A 25,1,FTI,UPS,2025-04-25 11:16:40,Ben Reynolds,2026-03-02 18:13:20,Najah Robertson,,,2026-07-31 16:30:44,Najah Robertson,,,,,,,,,L2 Yellow Tag,2026-07-31 16:30:44,Najah Robertson,2026-09-09T00:25:35.989077+00:00
42472,9320309,EDCATL11UPBEC110,UPB,Mechanical,,,3153,Cx Lvl 2 Complete,BCEI,,SAMSUNG,PHR3462-001A,A0089631 068A 25,1,FTI,UPS,2025-04-25 11:16:40,Ben Reynolds,2026-03-02 18:14:19,Najah Robertson,,,2026-07-31 16:30:44,Najah Robertson,,,,,,,,,L2 Yellow Tag,2026-07-31 16:30:44,Najah Robertson,2026-09-09T00:25:35.989077+00:00
42472,9320310,EDCATL11UPBEC210,UPB,Mechanical,,,3153,Cx Lvl 2 Complete,Bcei,,SAMSUNG,PHR3462-001A,A0089631 068A 25 06 10 14336,1,Fti,UPS,2025-04-25 11:16:40,Ben Reynolds,2026-03-02 18:28:19,Najah Robertson,,,2026-07-31 16:30:44,Najah Robertson,,,,,,,,,L2 Yellow Tag,2026-07-31 16:30:44,Najah Robertson,2026-09-09T00:25:35.989077+00:00
42472,9320311,EDCATL11UPBED110,UPB,Mechanical,,,3155,Cx Lvl 2 Complete,BCEI,,Samsung,PHR3462-001A,A0089631 068A 25,1,FTI,UPS,2025-04-25 11:16:40,Ben Reynolds,2026-03-02 18:47:19,Najah Robertson,,,2026-07-31 16:30:44,Najah Robertson,,,,,,,,,L2 Yellow Tag,2026-07-31 16:30:44,Najah Robertson,2026-09-09T00:25:35.989077+00:00
42472,9320312,EDCATL11UPBED210,UPB,Mechanical,,,3155,Cx Lvl 2 Complete,BCEI,,Samsung,PHR2042-001A,A0089631 068A 25 06,1,FTI,UPS,2025-04-25 11:16:40,Ben Reynolds,2026-03-02 19:00:20,Najah Robertson,,,2026-07-31 16:30:44,Najah Robertson,,,,,,,,,L2 Yellow Tag,2026-07-31 16:30:44,Najah Robertson,2026-09-09T00:25:35.989077+00:00
42472,9320313,EDCATL11UPBEE110,UPB,Mechanical,,,3156,Cx Lvl 2 Complete,Beci,,SAMSUNG,PHR3462-001A,JSD68B24K27PZ00128,1,Fti,UPS,2025-04-25 11:16:40,Ben Reynolds,2026-03-02 19:12:19,Najah Robertson,,,2026-07-31 16:30:44,Najah Robertson,,,,,,,,,L2 Yellow Tag,2026-07-31 16:30:44,Najah Robertson,2026-09-09T00:25:35.989077+00:00
42472,9320314,EDCATL11UPBEE210,UPB,Mechanical,,,3156,Cx Lvl 2 Complete,Bcei,,SAMSUNG,PHR3462-001A,A0089631 068A 25 06 10 14350,1,Fti,UPS,2025-04-25 11:16:40,Ben Reynolds,2026-03-02 19:13:19,Najah Robertson,,,2026-07-31 16:30:44,Najah Robertson,,,,,,,,,L2 Yellow Tag,2026-07-31 16:30:44,Najah Robertson,2026-09-09T00:25:35.989077+00:00
42472,9320315,EDCATL11UPBEF110,UPB,Mechanical,,,3157,Cx Lvl 2 Complete,BCEI,,SAMSUNG,PHR3462-001A,A0089631 068A 25,1,FTI,UPS,2025-04-25 11:16:40,Ben Reynolds,2026-03-02 19:14:20,Najah Robertson,,,2026-07-31 16:30:44,Najah Robertson,,,,,,,,,L2 Yellow Tag,2026-07-31 16:30:44,Najah Robertson,2026-09-09T00:25:35.989077+00:00
42472,9320316,EDCATL11UPBEF210,UPB,Mechanical,,,3157,Cx Lvl 2 Complete,BCEI,,Samsung,PHR2852-001A,A0089631 068A 25 06,1,FTI,UPS,2025-04-25 11:16:40,Ben Reynolds,2026-03-02 19:16:19,Najah Robertson,,,2026-07-31 16:30:44,Najah Robertson,,,,,,,,,L2 Yellow Tag,2026-07-31 16:30:44,Najah Robertson,2026-09-09T00:25:35.989077+00:00
42472,9320317,EDCATL11UPBEZ110,UPB,Mechanical,,,3154,Cx Lvl 2 Complete,Bcei,,SAMSUNG,PHR3462-001A,A0089631 068A 25 04 02 11030,1,Fti,UPS,2025-04-25 11:16:40,Ben Reynolds,2026-03-02 19:16:19,Najah Robertson,,,2026-07-31 16:30:44,Najah Robertson,,,,,,,,,L2 Yellow Tag,2026-07-31 16:30:44,Najah Robertson,2026-09-09T00:25:35.989077+00:00
42472,9320318,EDCATL11UPBEZ210,UPB,Mechanical,,,3154,Cx Lvl 2 Complete,BCEI,,SAMSUNG,PHR3462-001A,A0089631 068A 25,1,FTI,UPS,2025-04-25 11:16:40,Ben Reynolds,2026-03-02 19:16:27,Najah Robertson,,,2026-07-31 16:30:44,Najah Robertson,,,,,,,,,L2 Yellow Tag,2026-07-31 16:30:44,Najah Robertson,2026-09-09T00:25:35.989077+00:00
42472,9940361,EDCATL11UPS-BATTERY EA,Skids,Electrical,,,3151,Cx Lvl 2 Complete,,,,,,,,UPS,2025-08-04 19:12:57,Najah Robertson,2026-03-06 13:02:10,Najah Robertson,,,2026-08-10 10:59:29,Najah Robertson,,,,,,,,,L2 Yellow Tag,2026-08-10 10:59:29,Najah Robertson,2026-09-09T00:25:35.989077+00:00
42472,9940366,EDCATL11UPS-BATTERY EB,Skids,Electrical,,,3152,Cx Lvl 2 Complete,,,,,,,,UPS,2025-08-04 19:12:57,Najah Robertson,2026-03-06 13:02:10,Najah Robertson,,,2026-08-10 10:59:29,Najah Robertson,,,,,,,,,L2 Yellow Tag,2026-08-10 10:59:29,Najah Robertson,2026-09-09T00:25:35.989077+00:00
42472,9940371,EDCATL11UPS-BATTERY EC,Skids,Electrical,,,3153,Cx Lvl 2 Complete,,,,,,,,UPS,2025-08-04 19:12:57,Najah Robertson,2026-03-06 13:02:10,Najah Robertson,,,2026-08-10 10:59:29,Najah Robertson,,,,,,,,,L2 Yellow Tag,2026-08-10 10:59:29,Najah Robertson,2026-09-09T00:25:35.989077+00:00
42472,9940380,EDCATL11UPS-BATTERY ED,Skids,Electrical,,,3155,Cx Lvl 2 Complete,,,,,,,,UPS,2025-08-04 19:12:57,Najah Robertson,2026-03-06 13:02:10,Najah Robertson,,,2026-08-10 10:59:29,Najah Robertson,,,,,,,,,L2 Yellow Tag,2026-08-10 10:59:29,Najah Robertson,2026-09-09T00:25:35.989077+00:00
42472,9940390,EDCATL11UPS-BATTERY EF,Skids,Electrical,,,3157,Cx Lvl 2 Complete,,,,,,,,UPS,2025-08-04 19:12:57,Najah Robertson,2026-03-06 13:02:10,Najah Robertson,,,2026-08-10 10:59:29,Najah Robertson,,,,,,,,,L2 Yellow Tag,2026-08-10 10:59:29,Najah Robertson,2026-09-09T00:25:35.989077+00:00
42472,9940375,EDCATL11UPS-BATTERY EZ,Skids,Electrical,,,3154,Cx Lvl 2 Complete,,,,,,,,UPS,2025-08-04 19:12:57,Najah Robertson,2026-03-06 13:02:10,Najah Robertson,,,2026-08-10 10:59:29,Najah Robertson,,,,,,,,,L2 Yellow Tag,2026-08-10 10:59:29,Najah Robertson,2026-09-09T00:25:35.989077+00:00
42472,9940374,EDCATL11UPS-BATTERY-BDT EZ,Skids,Electrical,,,,Cx Lvl 2 Complete,,,,,,,,UPS,2025-08-04 19:12:57,Najah Robertson,2026-03-06 13:02:10,Najah Robertson,,,2026-08-10 10:59:29,Najah Robertson,,,,,,,,,L2 Yellow Tag,2026-08-10 10:59:29,Najah Robertson,2026-09-09T00:25:35.989077+00:00
42472,9320319,EDCATL11UPSEA110,UPS,Electrical,,,3151,Cx Lvl 2 Complete,BCEI,,Vertiv,"52sa10mancbaskv, PHR3462-001A",D25E007485,1,FTI,UPS,2025-04-25 11:16:40,Ben Reynolds,2026-03-02 17:08:59,Najah Robertson,,,2026-06-04 14:24:29,Najah Robertson,,,,,,,,,L2 Yellow Tag,2026-06-04 14:24:29,Najah Robertson,2026-09-09T00:25:35.989077+00:00
42472,9320320,EDCATL11UPSEA210,UPS,Electrical,,,3151,Cx Lvl 2 Complete,BCEI,,Vertiv,52SA10MANCBASKV,D25G001841,1,FTI,UPS,2025-04-25 11:16:40,Ben Reynolds,2026-03-02 17:08:59,Najah Robertson,,,2026-06-04 14:23:29,Najah Robertson,,,,,,,,,L2 Yellow Tag,2026-06-04 14:23:29,Najah Robertson,2026-09-09T00:25:35.989077+00:00
42472,9320321,EDCATL11UPSEB110,UPS,Electrical,,,3152,Cx Lvl 2 Complete,BCEI,,Vertiv,"52SA10MANCBASKV, PHR3462-001A",D25E007483,1,FTI,UPS,2025-04-25 11:16:40,Ben Reynolds,2026-01-19 16:28:31,Najah Robertson,,,2026-06-04 14:38:29,Najah Robertson,,,,,,,,,L2 Yellow Tag,2026-06-04 14:38:29,Najah Robertson,2026-09-09T00:25:35.989077+00:00
42472,9320322,EDCATL11UPSEB210,UPS,Electrical,,,3152,Cx Lvl 2 Complete,BCEI,,Vertiv,52SA10MANCBASKV,D25F003702 ,1,FTI,UPS,2025-04-25 11:16:40,Ben Reynolds,2026-01-19 16:28:31,Najah Robertson,,,2026-06-04 14:41:29,Najah Robertson,,,,,,,,,L2 Yellow Tag,2026-06-04 14:41:29,Najah Robertson,2026-09-09T00:25:35.989077+00:00
42472,9320323,EDCATL11UPSEC110,UPS,Electrical,,,3153,Cx Lvl 2 Complete,BCEI,,Vertiv,"52SA10MANCBASKV, PHR3462-001A",D25E007482,1,FTI,UPS,2025-04-25 11:16:40,Ben Reynolds,2026-01-19 16:28:30,Najah Robertson,,,2026-06-04 14:42:29,Najah Robertson,,,,,,,,,L2 Yellow Tag,2026-06-04 14:42:29,Najah Robertson,2026-09-09T00:25:35.989077+00:00
42472,9320324,EDCATL11UPSEC210,UPS,Electrical,,,3153,Cx Lvl 2 Complete,BCEI,,VERTIV,"52SA10MANCBASKV, PHR3462-001A",D25F005674,1,FTI,UPS,2025-04-25 11:16:40,Ben Reynolds,2026-01-19 16:28:30,Najah Robertson,,,2026-06-04 14:43:30,Najah Robertson,,,,,,,,,L2 Yellow Tag,2026-06-04 14:43:30,Najah Robertson,2026-09-09T00:25:35.989077+00:00
42472,9320325,EDCATL11UPSED110,UPS,Electrical,,,3155,Cx Lvl 2 Complete,BCEI,,Vertiv,"5SA10MANCBASKV, PHR3462-001A",D25F003699,1,FTI,UPS,2025-04-25 11:16:40,Ben Reynolds,2026-03-02 17:33:29,Najah Robertson,,,2026-06-04 14:57:29,Najah Robertson,,,,,,,,,L2 Yellow Tag,2026-06-04 14:57:29,Najah Robertson,2026-09-09T00:25:35.989077+00:00
42472,9320326,EDCATL11UPSED210,UPS,Electrical,,,3155,Cx Lvl 2 Complete,BCEI,,Vertiv,"PHR3462-001A, 52SA10MANCBASKV",D25F005675,1,FTI,UPS,2025-04-25 11:16:40,Ben Reynolds,2026-03-02 17:39:56,Najah Robertson,,,2026-06-04 14:59:29,Najah Robertson,,,,,,,,,L2 Yellow Tag,2026-06-04 14:59:29,Najah Robertson,2026-09-09T00:25:35.989077+00:00
42472,9320327,EDCATL11UPSEE110,UPS,Electrical,,,3156,Cx Lvl 2 Complete,BCEI,,Vertiv,"52SA10MANCBASKV, PHR3462-001A",D25F001917,1,FTI,UPS,2025-04-25 11:16:40,Ben Reynolds,2026-03-02 17:59:38,Najah Robertson,,,2026-06-04 15:03:30,Najah Robertson,,,,,,,,,L2 Yellow Tag,2026-06-04 15:03:30,Najah Robertson,2026-09-09T00:25:35.989077+00:00
42472,9320328,EDCATL11UPSEE210,UPS,Electrical,,,3156,Cx Lvl 2 Complete,BCEI,,Vertiv,"52SA10MANCBASKV, PHR3462-001A",D25G001842 ,1,FTI,UPS,2025-04-25 11:16:40,Ben Reynolds,2026-03-02 17:59:38,Najah Robertson,,,2026-06-04 15:04:29,Najah Robertson,,,,,,,,,L2 Yellow Tag,2026-06-04 15:04:29,Najah Robertson,2026-09-09T00:25:35.989077+00:00
42472,9320329,EDCATL11UPSEF110,UPS,Electrical,,,3157,Cx Lvl 2 Complete,BCEI,,Vertiv,"52SA10MANCBASKV, PHR3462-001A",D25F003700,1,FTI,UPS,2025-04-25 11:16:40,Ben Reynolds,2026-01-19 16:28:30,Najah Robertson,,,2026-06-04 15:06:29,Najah Robertson,,,,,,,,,L2 Yellow Tag,2026-06-04 15:06:29,Najah Robertson,2026-09-09T00:25:35.989077+00:00
42472,9320330,EDCATL11UPSEF210,UPS,Electrical,,,3157,Cx Lvl 2 Complete,BCEI,,Vertiv,"PHR3462-001A, 52SA10MANCBASKV",D25f005673,1,FTI,UPS,2025-04-25 11:16:40,Ben Reynolds,2026-01-19 16:28:30,Najah Robertson,,,2026-06-04 15:06:29,Najah Robertson,,,,,,,,,L2 Yellow Tag,2026-06-04 15:06:29,Najah Robertson,2026-09-09T00:25:35.989077+00:00
42472,9320331,EDCATL11UPSEZ110,UPS,Electrical,,,3154,Cx Lvl 2 Complete,BCEI,,Vertiv,"52SA10MANCBASKV, PHR3462-001A",D25F003701,1,FTI,UPS,2025-04-25 11:16:40,Ben Reynolds,2026-03-02 17:30:03,Najah Robertson,,,2026-06-04 14:49:29,Najah Robertson,,,,,,,,,L2 Yellow Tag,2026-06-04 14:49:29,Najah Robertson,2026-09-09T00:25:35.989077+00:00
42472,9320332,EDCATL11UPSEZ210,UPS,Electrical,,,3154,Cx Lvl 2 Complete,BCEI,,Vertiv,"PHR3462-001A, 52SA10MANCBASKV",D25G001840,1,FTI,UPS,2025-04-25 11:16:40,Ben Reynolds,2026-03-02 17:30:03,Najah Robertson,,,2026-06-04 14:50:29,Najah Robertson,,,,,,,,,L2 Yellow Tag,2026-06-04 14:50:29,Najah Robertson,2026-09-09T00:25:35.989077+00:00
42472,9323772,EDCATL11VAV001A0,VAV,Mechanical,,,1015,Cx Lvl 2 Complete,KKM,,Price,SDV5-12,2303210-001-001,BH,KKM,Chilled Water System,2025-04-25 11:17:18,Ben Reynolds,2026-06-11 13:08:45,Najah Robertson,,,2026-07-31 16:29:18,Najah Robertson,,,,,,,,,L2 Yellow Tag,2026-07-31 16:29:18,Najah Robertson,2026-09-09T00:25:35.989077+00:00
42472,9323773,EDCATL11VAV001B0,VAV,Mechanical,,,1090,Cx Lvl 2 Complete,KKM,,prIce,SDV5-12,2303210-002-001,BH,KKM,Chilled Water System,2025-04-25 11:17:18,Ben Reynolds,2026-06-11 13:11:55,Najah Robertson,,,2026-07-31 16:29:18,Najah Robertson,,,,,,,,,L2 Yellow Tag,2026-07-31 16:29:18,Najah Robertson,2026-09-09T00:25:35.989077+00:00
42472,9323774,EDCATL11VAV001C0,VAV,Mechanical,,,1013,Cx Lvl 2 Complete,Kenimer & Knox Mechanical,,Price,,2303210-003-001,BH,KKM,Chilled Water System,2025-04-25 11:17:18,Ben Reynolds,2026-06-08 16:07:07,Najah Robertson,,,2026-07-31 16:29:18,Najah Robertson,,,,,,,,,L2 Yellow Tag,2026-07-31 16:29:18,Najah Robertson,2026-09-09T00:25:35.989077+00:00
42472,9323775,EDCATL11VAV001D0,VAV,Mechanical,,,1013,Cx Lvl 2 Complete,KKM,,Price,,2303210-004-001,BH,KKM,Chilled Water System,2025-04-25 11:17:18,Ben Reynolds,2026-04-16 16:47:11,Najah Robertson,,,2026-07-31 16:29:18,Najah Robertson,,,,,,,,,L2 Yellow Tag,2026-07-31 16:29:18,Najah Robertson,2026-09-09T00:25:35.989077+00:00
42472,9323606,EDCATL11VAV001E0,VAV,Mechanical,,,1040,Cx Lvl 2 Complete,KKM,,Price,,2303210-005-001,AH,KKM,Chilled Water System,2025-04-25 11:17:16,Ben Reynolds,2026-04-16 16:47:11,Najah Robertson,,,2026-07-31 16:29:18,Najah Robertson,,,,,,,,,L2 Yellow Tag,2026-07-31 16:29:18,Najah Robertson,2026-09-09T00:25:35.989077+00:00
42472,9323776,EDCATL11VAV001F0,VAV,Mechanical,,,1090,Cx Lvl 2 Complete,KKM,,Price,SDV5-12,2303210-006-001,BH,KKM,Chilled Water System,2025-04-25 11:17:18,Ben Reynolds,2026-06-11 13:13:09,Najah Robertson,,,2026-07-31 16:29:18,Najah Robertson,,,,,,,,,L2 Yellow Tag,2026-07-31 16:29:18,Najah Robertson,2026-09-09T00:25:35.989077+00:00
42472,9323777,EDCATL11VAV001G0,VAV,Mechanical,,,1013,Cx Lvl 2 Complete,KKM,,Price,,2303210-007-001,BH,KKM,Chilled Water System,2025-04-25 11:17:18,Ben Reynolds,2026-04-16 16:47:11,Najah Robertson,,,2026-07-31 16:29:18,Najah Robertson,,,,,,,,,L2 Yellow Tag,2026-07-31 16:29:18,Najah Robertson,2026-09-09T00:25:35.989077+00:00
42472,9323778,EDCATL11VAV001H0,VAV,Mechanical,,,1013,Cx Lvl 2 Complete,KKM,,Price,,2303210-008-001,BH,KKM,Chilled Water System,2025-04-25 11:17:18,Ben Reynolds,2026-04-16 16:47:11,Najah Robertson,,,2026-07-31 16:29:18,Najah Robertson,,,,,,,,,L2 Yellow Tag,2026-07-31 16:29:18,Najah Robertson,2026-09-09T00:25:35.989077+00:00
42472,9323779,EDCATL11VAV001I0,VAV,Mechanical,,,1013,Cx Lvl 2 Complete,KKM,,Price,,230321-009-001,BH,KKM,Chilled Water System,2025-04-25 11:17:18,Ben Reynolds,2026-04-16 16:47:11,Najah Robertson,,,2026-07-31 16:29:18,Najah Robertson,,,,,,,,,L2 Yellow Tag,2026-07-31 16:29:18,Najah Robertson,2026-09-09T00:25:35.989077+00:00
42472,9323787,EDCATL11VAV002A0,VAV,Mechanical,,,2026,Cx Lvl 2 Complete,KKM,,Price,,2303210-019-001,BH,KKM,Chilled Water System,2025-04-25 11:17:18,Ben Reynolds,2026-04-16 16:47:11,Najah Robertson,,,2026-07-31 16:29:18,Najah Robertson,,,,,,,,,L2 Yellow Tag,2026-07-31 16:29:18,Najah Robertson,2026-09-09T00:25:35.989077+00:00
42472,9323788,EDCATL11VAV002B0,VAV,Mechanical,,,2012,Cx Lvl 2 Complete,KKM,,Price,,230321-020-001,BH,KKM,Chilled Water System,2025-04-25 11:17:18,Ben Reynolds,2026-04-08 15:28:19,Najah Robertson,,,2026-07-31 16:29:18,Najah Robertson,,,,,,,,,L2 Yellow Tag,2026-07-31 16:29:18,Najah Robertson,2026-09-09T00:25:35.989077+00:00
42472,9323789,EDCATL11VAV002C0,VAV,Mechanical,,,2012,Cx Lvl 2 Complete,KKM,,Price,,2303210-021-001,BH,KKM,Chilled Water System,2025-04-25 11:17:18,Ben Reynolds,2026-04-08 15:28:19,Najah Robertson,,,2026-07-31 16:29:18,Najah Robertson,,,,,,,,,L2 Yellow Tag,2026-07-31 16:29:18,Najah Robertson,2026-09-09T00:25:35.989077+00:00
42472,9323790,EDCATL11VAV002D0,VAV,Mechanical,,,2012,Cx Lvl 2 Complete,KKM,,Price,,2303210-022-001,BH,KKM,Chilled Water System,2025-04-25 11:17:18,Ben Reynolds,2026-04-08 15:28:19,Najah Robertson,,,2026-07-31 16:29:18,Najah Robertson,,,,,,,,,L2 Yellow Tag,2026-07-31 16:29:18,Najah Robertson,2026-09-09T00:25:35.989077+00:00
42472,9323791,EDCATL11VAV002E0,VAV,Mechanical,,,2014,Cx Lvl 2 Complete,KKM,,Price,,2303210-023-001,BH,KKM,Chilled Water System,2025-04-25 11:17:18,Ben Reynolds,2026-04-08 15:28:19,Najah Robertson,,,2026-07-31 16:29:18,Najah Robertson,,,,,,,,,L2 Yellow Tag,2026-07-31 16:29:18,Najah Robertson,2026-09-09T00:25:35.989077+00:00
42472,9323609,EDCATL11VAV002F0,VAV,Mechanical,,,2058,Cx Lvl 2 Complete,KKM,,Price,SDV5-12,2303210-024-001,AH,RF Knox,Chilled Water System,2025-04-25 11:17:16,Ben Reynolds,2026-02-04 14:29:48,Najah Robertson,,,2026-07-31 16:29:18,Najah Robertson,,,,,,,,,L2 Yellow Tag,2026-07-31 16:29:18,Najah Robertson,2026-09-09T00:25:35.989077+00:00
42472,9323610,EDCATL11VAV002G0,VAV,Mechanical,,,2058,Cx Lvl 2 Complete,KKM,,Price,SDV5-12,2303210-025-001,AH,RF Knox,Chilled Water System,2025-04-25 11:17:16,Ben Reynolds,2026-03-26 18:45:08,Randle Hite,,,2026-07-31 16:29:18,Najah Robertson,,,,,,,,,L2 Yellow Tag,2026-07-31 16:29:18,Najah Robertson,2026-09-09T00:25:35.989077+00:00
42472,9323611,EDCATL11VAV002H0,VAV,Mechanical,,,2058,Cx Lvl 2 Complete,KKM,,Price,SDV5-12,2303210-026-001,AH,RF Knox,Chilled Water System,2025-04-25 11:17:16,Ben Reynolds,2026-04-08 15:37:27,Najah Robertson,,,2026-07-31 16:29:18,Najah Robertson,,,,,,,,,L2 Yellow Tag,2026-07-31 16:29:18,Najah Robertson,2026-09-09T00:25:35.989077+00:00
42472,9323612,EDCATL11VAV002I0,VAV,Mechanical,,,2058,Cx Lvl 2 Complete,KKM,,Price,SDV5-12,2303210-027-001,AH,KKM,Chilled Water System,2025-04-25 11:17:16,Ben Reynolds,2026-06-11 13:14:13,Najah Robertson,,,2026-07-31 16:29:18,Najah Robertson,,,,,,,,,L2 Yellow Tag,2026-07-31 16:29:18,Najah Robertson,2026-09-09T00:25:35.989077+00:00
42472,9323792,EDCATL11VAV002J0,VAV,Mechanical,,,2027,Cx Lvl 2 Complete,KKM,,Price,,2303210-028-001,BH,KKM,Chilled Water System,2025-04-25 11:17:18,Ben Reynolds,2026-04-08 15:28:30,Najah Robertson,,,2026-07-31 16:29:18,Najah Robertson,,,,,,,,,L2 Yellow Tag,2026-07-31 16:29:18,Najah Robertson,2026-09-09T00:25:35.989077+00:00
42472,9323800,EDCATL11VAV003A0,VAV,Mechanical,,,3013,Cx Lvl 3 Complete,Kenimer Knox Mechanical,,Price,SDV5-12,2303210-038-001,BH,RF Knox,Chilled Water System,2025-04-25 11:17:19,Ben Reynolds,2026-01-13 15:29:58,Najah Robertson,,,2026-07-31 16:29:18,Najah Robertson,,,2026-09-08 12:57:51,Najah Robertson,,,,,L3 Green Tag,2026-09-08 12:57:51,Najah Robertson,2026-09-09T00:25:35.989077+00:00
42472,9323801,EDCATL11VAV003B0,VAV,Mechanical,,,3013,Cx Lvl 3 Complete,Kenimer Knox Mechanical,,Price,SDV5-12,2303210-039-001,BH,RF Knox,Chilled Water System,2025-04-25 11:17:19,Ben Reynolds,2026-01-13 15:29:58,Najah Robertson,,,2026-07-31 16:29:18,Najah Robertson,,,2026-09-08 12:57:51,Najah Robertson,,,,,L3 Green Tag,2026-09-08 12:57:51,Najah Robertson,2026-09-09T00:25:35.989077+00:00
42472,9323802,EDCATL11VAV003C0,VAV,Mechanical,,,3013,Cx Lvl 3 Complete,Kenimer Knox Mechanical,,Price,SDV5-12,2303210-040-001,BH,RF Knox,Chilled Water System,2025-04-25 11:17:19,Ben Reynolds,2026-01-13 15:29:58,Najah Robertson,,,2026-07-31 16:29:18,Najah Robertson,,,2026-09-08 12:57:51,Najah Robertson,,,,,L3 Green Tag,2026-09-08 12:57:51,Najah Robertson,2026-09-09T00:25:35.989077+00:00
42472,9323803,EDCATL11VAV003D0,VAV,Mechanical,,,3013,Cx Lvl 3 Complete,KKM,,Price,SDV5-12,2303210-041-001,BH,RF Knox,Chilled Water System,2025-04-25 11:17:19,Ben Reynolds,2026-01-19 20:07:00,Najah Robertson,,,2026-07-31 16:29:18,Najah Robertson,,,2026-09-08 12:57:51,Najah Robertson,,,,,L3 Green Tag,2026-09-08 12:57:51,Najah Robertson,2026-09-09T00:25:35.989077+00:00
42472,9323615,EDCATL11VAV003E0,VAV,Mechanical,,,3031,Cx Lvl 3 Complete,KKM,,Price,,2303210-042-001,AH,KKM,Chilled Water System,2025-04-25 11:17:16,Ben Reynolds,2026-03-26 11:29:07,Randle Hite,,,2026-07-31 16:29:18,Najah Robertson,,,2026-09-08 12:57:51,Najah Robertson,,,,,L3 Green Tag,2026-09-08 12:57:51,Najah Robertson,2026-09-09T00:25:35.989077+00:00
42472,9323804,EDCATL11VAV003F0,VAV,Mechanical,,,3013,Cx Lvl 3 Complete,Kenimer Knox Mechanical,,Price,SDV5-12,2303210-0043-001,BH,RF Knox,Chilled Water System,2025-04-25 11:17:19,Ben Reynolds,2026-01-13 15:29:58,Najah Robertson,,,2026-07-31 16:29:18,Najah Robertson,,,2026-09-08 12:57:51,Najah Robertson,,,,,L3 Green Tag,2026-09-08 12:57:51,Najah Robertson,2026-09-09T00:25:35.989077+00:00
42472,9323805,EDCATL11VAV003G0,VAV,Mechanical,,,3026,Cx Lvl 3 Complete,KKM,,Price,SDV5-12,2303210-044-001,BH,RF Knox,Chilled Water System,2025-04-25 11:17:19,Ben Reynolds,2026-01-19 20:07:00,Najah Robertson,,,2026-07-31 16:29:18,Najah Robertson,,,2026-09-08 12:57:51,Najah Robertson,,,,,L3 Green Tag,2026-09-08 12:57:51,Najah Robertson,2026-09-09T00:25:35.989077+00:00
42472,9323616,EDCATL11VAV003H0,VAV,Mechanical,,,3031,Cx Lvl 3 Complete,KKM,,Price,SDV5-12,2303210-045-001,AH,RF Knox,Chilled Water System,2025-04-25 11:17:17,Ben Reynolds,2026-01-29 13:13:55,Najah Robertson,,,2026-07-31 16:29:18,Najah Robertson,,,2026-09-08 12:57:51,Najah Robertson,,,,,L3 Green Tag,2026-09-08 12:57:51,Najah Robertson,2026-09-09T00:25:35.989077+00:00
42472,9323806,EDCATL11VAV003I0,VAV,Mechanical,,,3013,Cx Lvl 3 Complete,KKM,,Price,SDV5-12,2303210-046-001,BH,RF Knox,Chilled Water System,2025-04-25 11:17:19,Ben Reynolds,2026-01-29 13:13:55,Najah Robertson,,,2026-07-31 16:29:18,Najah Robertson,,,2026-09-08 12:57:51,Najah Robertson,,,,,L3 Green Tag,2026-09-08 12:57:51,Najah Robertson,2026-09-09T00:25:35.989077+00:00
42472,9323617,EDCATL11VAV003J0,VAV,Mechanical,,,3031,Cx Lvl 3 Complete,KKM,,Price,SDV5-12,2303210-047-001,AH,KKM,Chilled Water System,2025-04-25 11:17:17,Ben Reynolds,2026-05-12 18:54:59,Quintin Jones,,,2026-07-31 16:29:18,Najah Robertson,,,2026-09-08 12:57:51,Najah Robertson,,,,,L3 Green Tag,2026-09-08 12:57:51,Najah Robertson,2026-09-09T00:25:35.989077+00:00
42472,9323767,EDCATL11VAV00110,VAV,Mechanical,,,1013,Cx Lvl 2 Complete,KKM,,Price,,2303210-010-01,BH,KKM,Chilled Water System,2025-04-25 11:17:18,Ben Reynolds,2026-04-16 16:47:11,Najah Robertson,,,2026-07-31 16:29:18,Najah Robertson,,,,,,,,,L2 Yellow Tag,2026-07-31 16:29:18,Najah Robertson,2026-09-09T00:25:35.989077+00:00
42472,9323602,EDCATL11VAV00120,VAV,Mechanical,,,1025,Cx Lvl 2 Complete,KKM,,Price,,2303210-011-001,AH,KKM,Chilled Water System,2025-04-25 11:17:16,Ben Reynolds,2026-04-16 16:47:11,Najah Robertson,,,2026-07-31 16:29:18,Najah Robertson,,,,,,,,,L2 Yellow Tag,2026-07-31 16:29:18,Najah Robertson,2026-09-09T00:25:35.989077+00:00
42472,9323768,EDCATL11VAV00130,VAV,Mechanical,,,1013,Cx Lvl 2 Complete,KKM,,Price,,2303210-012-001,BH,KKM,Chilled Water System,2025-04-25 11:17:18,Ben Reynolds,2026-06-11 13:14:42,Najah Robertson,,,2026-07-31 16:29:18,Najah Robertson,,,,,,,,,L2 Yellow Tag,2026-07-31 16:29:18,Najah Robertson,2026-09-09T00:25:35.989077+00:00
42472,9323603,EDCATL11VAV00140,VAV,Mechanical,,,1033,Cx Lvl 2 Complete,KKM,,Price,SDV,2303210-013-001,AH,RF Knox,Chilled Water System,2025-04-25 11:17:16,Ben Reynolds,2026-06-11 13:15:50,Najah Robertson,,,2026-07-31 16:29:18,Najah Robertson,,,,,,,,,L2 Yellow Tag,2026-07-31 16:29:18,Najah Robertson,2026-09-09T00:25:35.989077+00:00
42472,9323604,EDCATL11VAV00150,VAV,Mechanical,,,1025,Cx Lvl 2 Complete,KKM,,Price,,2303210-014-001,AH,KKM,Chilled Water System,2025-04-25 11:17:16,Ben Reynolds,2026-06-11 13:15:50,Najah Robertson,,,2026-07-31 16:29:18,Najah Robertson,,,,,,,,,L2 Yellow Tag,2026-07-31 16:29:18,Najah Robertson,2026-09-09T00:25:35.989077+00:00
42472,9323605,EDCATL11VAV00160,VAV,Mechanical,,,1040,Cx Lvl 2 Complete,KKM,,Price,SDV5-12,2303210-015-001,AH,KKM,Chilled Water System,2025-04-25 11:17:16,Ben Reynolds,2026-06-11 13:15:50,Najah Robertson,,,2026-07-31 16:29:18,Najah Robertson,,,,,,,,,L2 Yellow Tag,2026-07-31 16:29:18,Najah Robertson,2026-09-09T00:25:35.989077+00:00
42472,9323769,EDCATL11VAV00170,VAV,Mechanical,,,1006,Cx Lvl 2 Complete,KKM,,Price,,2303210-016-001,BH,KKM,Chilled Water System,2025-04-25 11:17:18,Ben Reynolds,2026-06-11 13:15:50,Najah Robertson,,,2026-07-31 16:29:18,Najah Robertson,,,,,,,,,L2 Yellow Tag,2026-07-31 16:29:18,Najah Robertson,2026-09-09T00:25:35.989077+00:00
42472,9323770,EDCATL11VAV00180,VAV,Mechanical,,,1005,Cx Lvl 2 Complete,KKM,,Price,,2303210-017-001,BH,KKM,Chilled Water System,2025-04-25 11:17:18,Ben Reynolds,2026-06-11 13:15:50,Najah Robertson,,,2026-07-31 16:29:18,Najah Robertson,,,,,,,,,L2 Yellow Tag,2026-07-31 16:29:18,Najah Robertson,2026-09-09T00:25:35.989077+00:00
42472,9323771,EDCATL11VAV00190,VAV,Mechanical,,,1002,Cx Lvl 2 Complete,KKM,,Price,,2303210-018-001,BH,KKM,Chilled Water System,2025-04-25 11:17:18,Ben Reynolds,2026-06-11 13:15:50,Najah Robertson,,,2026-07-31 16:29:18,Najah Robertson,,,,,,,,,L2 Yellow Tag,2026-07-31 16:29:18,Najah Robertson,2026-09-09T00:25:35.989077+00:00
42472,9323607,EDCATL11VAV00210,VAV,Mechanical,,,2058,Cx Lvl 2 Complete,KKM,,Price,SDV5-12,2303210-029-001,AH,RF Knox,Chilled Water System,2025-04-25 11:17:16,Ben Reynolds,2026-03-30 15:58:16,Najah Robertson,,,2026-07-31 16:29:18,Najah Robertson,,,,,,,,,L2 Yellow Tag,2026-07-31 16:29:18,Najah Robertson,2026-09-09T00:25:35.989077+00:00
42472,9323780,EDCATL11VAV00220,VAV,Mechanical,,,2026,Cx Lvl 2 Complete,KKM,,Price,,2303210-030-001,BH,KKM,Chilled Water System,2026-04-06 16:11:05,Jacob Billingsley,2026-04-08 15:38:51,Najah Robertson,,,2026-07-31 16:29:18,Najah Robertson,,,,,,,,,L2 Yellow Tag,2026-07-31 16:29:18,Najah Robertson,2026-09-09T00:25:35.989077+00:00
42472,9323781,EDCATL11VAV00230,VAV,Mechanical,,,2026,Cx Lvl 2 Complete,KKM,,Price,SDV5-12,2303210-31-01,BH,KKM,Chilled Water System,2025-04-25 11:17:18,Ben Reynolds,2026-06-11 13:15:50,Najah Robertson,,,2026-07-31 16:29:18,Najah Robertson,,,,,,,,,L2 Yellow Tag,2026-07-31 16:29:18,Najah Robertson,2026-09-09T00:25:35.989077+00:00
42472,9323782,EDCATL11VAV00240,VAV,Mechanical,,,2027,Cx Lvl 2 Complete,KKM,,Price,,2303210-032-001,BH,KKM,Chilled Water System,2025-04-25 11:17:18,Ben Reynolds,2026-03-30 15:59:16,Najah Robertson,,,2026-07-31 16:29:18,Najah Robertson,,,,,,,,,L2 Yellow Tag,2026-07-31 16:29:18,Najah Robertson,2026-09-09T00:25:35.989077+00:00
42472,9323783,EDCATL11VAV00250,VAV,Mechanical,,,2012,Cx Lvl 2 Complete,KKM,,Price,,2303210-033-001,BH,KKM,Chilled Water System,2025-04-25 11:17:18,Ben Reynolds,2026-04-16 16:47:11,Najah Robertson,,,2026-07-31 16:29:18,Najah Robertson,,,,,,,,,L2 Yellow Tag,2026-07-31 16:29:18,Najah Robertson,2026-09-09T00:25:35.989077+00:00
42472,9323784,EDCATL11VAV00260,VAV,Mechanical,,,2014,Cx Lvl 2 Complete,KKM,,Price ,,2303210-034-001,BH,KKM,Chilled Water System,2025-04-25 11:17:18,Ben Reynolds,2026-06-11 13:14:32,Najah Robertson,,,2026-07-31 16:29:18,Najah Robertson,,,,,,,,,L2 Yellow Tag,2026-07-31 16:29:18,Najah Robertson,2026-09-09T00:25:35.989077+00:00
42472,9323608,EDCATL11VAV00270,VAV,Mechanical,,,2058,Cx Lvl 2 Complete,KKM,,Price,,2303210-035-001,AH,KKM,Chilled Water System,2025-04-25 11:17:16,Ben Reynolds,2026-04-08 15:29:18,Najah Robertson,,,2026-07-31 16:29:18,Najah Robertson,,,,,,,,,L2 Yellow Tag,2026-07-31 16:29:18,Najah Robertson,2026-09-09T00:25:35.989077+00:00
42472,9323785,EDCATL11VAV00280,VAV,Mechanical,,,2012,Cx Lvl 2 Complete,KKM,,Price,,2303210-036-001,BH,KKM,Chilled Water System,2025-04-25 11:17:18,Ben Reynolds,2026-04-16 16:47:11,Najah Robertson,,,2026-07-31 16:29:18,Najah Robertson,,,,,,,,,L2 Yellow Tag,2026-07-31 16:29:18,Najah Robertson,2026-09-09T00:25:35.989077+00:00
42472,9323786,EDCATL11VAV00290,VAV,Mechanical,,,2012,Cx Lvl 2 Complete,KKM,,Price,,2303210-037-001,BH,KKM,Chilled Water System,2025-04-25 11:17:18,Ben Reynolds,2026-03-30 15:59:16,Najah Robertson,,,2026-07-31 16:29:18,Najah Robertson,,,,,,,,,L2 Yellow Tag,2026-07-31 16:29:18,Najah Robertson,2026-09-09T00:25:35.989077+00:00
42472,9323613,EDCATL11VAV00310,VAV,Mechanical,,,3060,Cx Lvl 3 Complete,KKM,,Price,SDV5-12,2303210-048-001,AH,RF Knox,Chilled Water System,2025-04-25 11:17:16,Ben Reynolds,2026-02-04 14:29:48,Najah Robertson,,,2026-07-31 16:29:18,Najah Robertson,,,2026-09-08 12:57:51,Najah Robertson,,,,,L3 Green Tag,2026-09-08 12:57:51,Najah Robertson,2026-09-09T00:25:35.989077+00:00
42472,9323614,EDCATL11VAV00320,VAV,Mechanical,,,3031,Cx Lvl 3 Complete,KKM,,Price,SDV5-12,2303210-049-001,AH,RF Knox,Chilled Water System,2025-04-25 11:17:16,Ben Reynolds,2026-02-04 14:29:48,Najah Robertson,,,2026-07-31 16:29:18,Najah Robertson,,,2026-09-08 12:57:51,Najah Robertson,,,,,L3 Green Tag,2026-09-08 12:57:51,Najah Robertson,2026-09-09T00:25:35.989077+00:00
42472,9323793,EDCATL11VAV00330,VAV,Mechanical,,,3013,Cx Lvl 3 Complete,KKM,,Price,SDV5-12,2303210-050-001,BH,RF Knox,Chilled Water System,2025-04-25 11:17:18,Ben Reynolds,2026-01-19 20:07:00,Najah Robertson,,,2026-07-31 16:29:18,Najah Robertson,,,2026-09-08 12:57:51,Najah Robertson,,,,,L3 Green Tag,2026-09-08 12:57:51,Najah Robertson,2026-09-09T00:25:35.989077+00:00
42472,9323794,EDCATL11VAV00340,VAV,Mechanical,,,3028,Cx Lvl 3 Complete,KKM,,Price,SDV5-12,2303210-051-001,BH,RF Knox,Chilled Water System,2025-04-25 11:17:18,Ben Reynolds,2026-01-19 20:07:00,Najah Robertson,,,2026-07-31 16:29:18,Najah Robertson,,,2026-09-08 12:57:51,Najah Robertson,,,,,L3 Green Tag,2026-09-08 12:57:51,Najah Robertson,2026-09-09T00:25:35.989077+00:00
42472,9323795,EDCATL11VAV00350,VAV,Mechanical,,,3031,Cx Lvl 3 Complete,KKM,,Price,SDV5-12,2303210-052-001,BH,RF Knox,Chilled Water System,2025-04-25 11:17:18,Ben Reynolds,2026-01-29 13:13:55,Najah Robertson,,,2026-07-31 16:29:18,Najah Robertson,,,2026-09-08 12:57:51,Najah Robertson,,,,,L3 Green Tag,2026-09-08 12:57:51,Najah Robertson,2026-09-09T00:25:35.989077+00:00
42472,9323796,EDCATL11VAV00360,VAV,Mechanical,,,3018,Cx Lvl 3 Complete,KKM,,Price,SDV5-12,2303210-053-001,BH,RF Knox,Chilled Water System,2025-04-25 11:17:18,Ben Reynolds,2026-01-19 20:07:00,Najah Robertson,,,2026-07-31 16:29:18,Najah Robertson,,,2026-09-08 12:57:51,Najah Robertson,,,,,L3 Green Tag,2026-09-08 12:57:51,Najah Robertson,2026-09-09T00:25:35.989077+00:00
42472,9323798,EDCATL11VAV00380,VAV,Mechanical,,,3013,Cx Lvl 3 Complete,Kenimer Knox Mechanical,,Price,SDV5-12,230310-054-001,BH,RF Knox,Chilled Water System,2025-04-25 11:17:18,Ben Reynolds,2026-01-13 15:29:58,Najah Robertson,,,2026-07-31 16:29:18,Najah Robertson,,,2026-09-08 12:57:51,Najah Robertson,,,,,L3 Green Tag,2026-09-08 12:57:51,Najah Robertson,2026-09-09T00:25:35.989077+00:00
42472,9323799,EDCATL11VAV00390,VAV,Mechanical,,,3013,Cx Lvl 3 Complete,Kenimer Knox Mechanical,,Price,SDV5-12,2303210-055-001,BH,RF Knox,Chilled Water System,2025-04-25 11:17:19,Ben Reynolds,2026-01-13 15:29:58,Najah Robertson,,,2026-07-31 16:29:18,Najah Robertson,,,2026-09-08 12:57:51,Najah Robertson,,,,,L3 Green Tag,2026-09-08 12:57:51,Najah Robertson,2026-09-09T00:25:35.989077+00:00
42472,9320334,EDCATL11VES0010A,VES,Fire Protection,,,3122,Cx Lvl 2 Complete,Nexus,,Honeywell,VEU-A10-NTF-VN,10963624,1,MC Dean,Fire Protection System,2025-04-25 11:16:40,Ben Reynolds,2026-03-24 19:00:49,Najah Robertson,,,2026-05-08 11:50:59,Najah Robertson,,,,,,,,,L2 Yellow Tag,2026-05-08 11:50:59,Najah Robertson,2026-09-09T00:25:35.989077+00:00
42472,9320336,EDCATL11VES0020A,VES,Fire Protection,,,3122,Cx Lvl 2 Complete,Nexus,,Honeywell,VEU-A10-NTF-VN,10963622,1,MC Dean,Fire Protection System,2025-04-25 11:16:41,Ben Reynolds,2026-03-24 19:00:49,Najah Robertson,,,2026-05-08 11:54:18,Najah Robertson,,,,,,,,,L2 Yellow Tag,2026-05-08 11:54:18,Najah Robertson,2026-09-09T00:25:35.989077+00:00
42472,9320338,EDCATL11VES0030A,VES,Fire Protection,,,3122,Cx Lvl 2 Complete,IFP,,Honeywell,VEU-A10-NTF-VN,10945347,1,MC Dean,Fire Protection System,2025-04-25 11:16:41,Ben Reynolds,2025-10-31 14:50:27,Najah Robertson,,,2026-05-08 11:54:18,Najah Robertson,,,,,,,,,L2 Yellow Tag,2026-05-08 11:54:18,Najah Robertson,2026-09-09T00:25:35.989077+00:00
42472,9320340,EDCATL11VES0040A,VES,Fire Protection,,,3122,Cx Lvl 2 Complete,IFP,,Honeywell,VEU-A10-NTF-VN,10947401,1,MC Dean,Fire Protection System,2025-04-25 11:16:41,Ben Reynolds,2025-10-31 14:50:27,Najah Robertson,,,2026-05-08 11:56:06,Najah Robertson,,,,,,,,,L2 Yellow Tag,2026-05-08 11:56:06,Najah Robertson,2026-09-09T00:25:35.989077+00:00
42472,9320342,EDCATL11VES0050A,VES,Fire Protection,,,3122,Cx Lvl 2 Complete,IFP,,Honeywell,VEU-A10-NTF-VN,10947410,1,MC Dean,Fire Protection System,2025-04-25 11:16:41,Ben Reynolds,2025-10-31 14:50:27,Najah Robertson,,,2026-05-08 11:56:12,Najah Robertson,,,,,,,,,L2 Yellow Tag,2026-05-08 11:56:12,Najah Robertson,2026-09-09T00:25:35.989077+00:00
42472,9320344,EDCATL11VES0060A,VES,Fire Protection,,,3121,Cx Lvl 2 Complete,Nexus,,Honeywell,VEP- A10-P-NTF-VN,10945259,1,MCD,Fire Protection System,2025-04-25 11:16:41,Ben Reynolds,2025-09-09 20:40:47,Najah Robertson,,,2026-05-08 12:01:36,Najah Robertson,,,,,,,,,L2 Yellow Tag,2026-05-08 12:01:36,Najah Robertson,2026-09-09T00:25:35.989077+00:00
42472,9320333,EDCATL11VES00109,VES,Fire Protection,,,3111,Cx Lvl 2 Complete,Nexus,,Honeywell,VEU-A10-NTF-VN,10948006,1,MC Dean,Fire Protection System,2025-04-25 11:16:40,Ben Reynolds,2025-09-09 20:40:47,Najah Robertson,,,2026-05-08 11:40:28,Najah Robertson,,,,,,,,,L2 Yellow Tag,2026-05-08 11:40:28,Najah Robertson,2026-09-09T00:25:35.989077+00:00
42472,9320335,EDCATL11VES00209,VES,Fire Protection,,,3111,Cx Lvl 2 Complete,Nexus,,Honeywell,Itelligent VESDA-E,10948008,1,MC Dean,Fire Protection System,2025-04-25 11:16:41,Ben Reynolds,2025-09-09 20:40:47,Najah Robertson,,,2026-05-08 11:41:54,Najah Robertson,,,,,,,,,L2 Yellow Tag,2026-05-08 11:41:54,Najah Robertson,2026-09-09T00:25:35.989077+00:00
42472,9320337,EDCATL11VES00309,VES,Fire Protection,,,3111,Cx Lvl 2 Complete,Nexus,,Honeywell,Itelligent VESDA-E,10945348,1,MC Dean,Fire Protection System,2025-04-25 11:16:41,Ben Reynolds,2025-09-09 20:40:47,Najah Robertson,,,2026-05-08 11:42:55,Najah Robertson,,,,,,,,,L2 Yellow Tag,2026-05-08 11:42:55,Najah Robertson,2026-09-09T00:25:35.989077+00:00
42472,9320339,EDCATL11VES00409,VES,Fire Protection,,,3111,Cx Lvl 2 Complete,Nexus,,Honeywell,VEU-A10-NTF-VN,10948071,1,MC Dean,Fire Protection System,2025-04-25 11:16:41,Ben Reynolds,2026-01-20 17:42:22,Najah Robertson,,,2026-05-08 11:44:02,Najah Robertson,,,,,,,,,L2 Yellow Tag,2026-05-08 11:44:02,Najah Robertson,2026-09-09T00:25:35.989077+00:00
42472,9320341,EDCATL11VES00509,VES,Fire Protection,,,3111,Cx Lvl 2 Complete,Nexus,,Honeywell,VEU-A10-NTF-VN,10963623,1,MC Dean,Fire Protection System,2025-04-25 11:16:41,Ben Reynolds,2026-01-20 17:42:22,Najah Robertson,,,2026-05-08 11:46:54,Najah Robertson,,,,,,,,,L2 Yellow Tag,2026-05-08 11:46:54,Najah Robertson,2026-09-09T00:25:35.989077+00:00
42472,9320343,EDCATL11VES00609,VES,Fire Protection,,,3112,Cx Lvl 2 Complete,Nexus,,Honeywell,VEP-NTF-VN,10957541,1,MCD,Fire Protection System,2025-04-25 11:16:41,Ben Reynolds,2025-09-09 20:41:03,Najah Robertson,,,2026-05-08 12:14:39,Najah Robertson,,,,,,,,,L2 Yellow Tag,2026-05-08 12:14:39,Najah Robertson,2026-09-09T00:25:35.989077+00:00
42472,9320345,EDCATL11VES02900,VES,,,,3151,Cx Lvl 2 Complete,Nexus,,Honeywell,VEP-A00-1P-NTF-VN,10947114,1,MC Dean,Fire Protection System,2025-04-25 11:16:41,Ben Reynolds,2025-09-09 20:41:03,Najah Robertson,,,2026-06-10 16:35:38,Najah Robertson,,,,,,,,,L2 Yellow Tag,2026-06-10 16:35:38,Najah Robertson,2026-09-09T00:25:35.989077+00:00
42472,9320346,EDCATL11VES03000,VES,,,,3152,Cx Lvl 2 Complete,Nexus,,Honeywell,VEP - A00-1P-NTF-VN,10947086,1,MCD,Fire Protection System,2025-04-25 11:16:41,Ben Reynolds,2025-09-09 20:41:03,Najah Robertson,,,2026-06-10 16:34:37,Najah Robertson,,,,,,,,,L2 Yellow Tag,2026-06-10 16:34:37,Najah Robertson,2026-09-09T00:25:35.989077+00:00
42472,13326945,EDCATL11VES03020,VES,Fire Alarm,,,,Cx Lvl 1 Complete,Nexus,,Honeywell,VEP-A00-1P-NTF-VN,10968971,,MC Dean,Fire Protection System,2026-06-30 15:37:44,Najah Robertson,2026-06-30 16:05:57,Najah Robertson,,,,,,,,,,,,,L1 Red Tag,2026-06-30 16:05:57,Najah Robertson,2026-09-09T00:25:35.989077+00:00
42472,10569775,EDCATL11VES03033,VES,Fire Alarm,,,3033,Cx Lvl 1 Complete,Nexus,,Honeywell,VEP-A10-P-NTF-VN,10957535,,MCD,Fire Protection System,2025-10-21 19:47:16,Najah Robertson,2026-03-18 18:09:16,Najah Robertson,,,,,,,,,,,,,L1 Red Tag,2026-03-18 18:09:16,Najah Robertson,2026-09-09T00:25:35.989077+00:00
42472,9320347,EDCATL11VES03100,VES,,,,3153,Cx Lvl 2 Complete,Nexus,,Honeywell,VEP-A00-1P-NTF-VN,10947135,1,MC Dean,Fire Protection System,2025-04-25 11:16:41,Ben Reynolds,2025-09-09 20:41:03,Najah Robertson,,,2026-06-10 16:33:38,Najah Robertson,,,,,,,,,L2 Yellow Tag,2026-06-10 16:33:38,Najah Robertson,2026-09-09T00:25:35.989077+00:00
42472,9320348,EDCATL11VES03200,VES,,,,3154,Cx Lvl 2 Complete,Nexus,,Honeywell,VEP-A00-1P-NTF-VN,10947117,1,MC Dean,Fire Protection System,2025-04-25 11:16:41,Ben Reynolds,2025-09-09 20:41:03,Najah Robertson,,,2026-06-10 16:32:38,Najah Robertson,,,,,,,,,L2 Yellow Tag,2026-06-10 16:32:38,Najah Robertson,2026-09-09T00:25:35.989077+00:00
42472,9320349,EDCATL11VES03300,VES,,,,3155,Cx Lvl 2 Complete,Nexus,,Honeywell,VEP-A00-1P-NTF-VN,10947085,1,MC Dean,Fire Protection System,2025-04-25 11:16:41,Ben Reynolds,2025-09-09 20:41:03,Najah Robertson,,,2026-06-10 16:31:38,Najah Robertson,,,,,,,,,L2 Yellow Tag,2026-06-10 16:31:38,Najah Robertson,2026-09-09T00:25:35.989077+00:00
42472,9320350,EDCATL11VES03400,VES,,,,3156,Cx Lvl 2 Complete,Nexus,,Honeywell,VEP-A00-1P-NTF-VN,10947118,1,MC Dean,Fire Protection System,2025-04-25 11:16:41,Ben Reynolds,2025-09-09 20:41:03,Najah Robertson,,,2026-06-10 16:30:39,Najah Robertson,,,,,,,,,L2 Yellow Tag,2026-06-10 16:30:39,Najah Robertson,2026-09-09T00:25:35.989077+00:00
42472,9320351,EDCATL11VES03500,VES,,,,3157,Cx Lvl 2 Complete,Nexus,,Honeywell,VEP-A00-1P-NTF-VN,10947152,1,MC Dean,Fire Protection System,2025-04-25 11:16:41,Ben Reynolds,2025-09-09 20:41:03,Najah Robertson,,,2026-06-10 16:29:38,Najah Robertson,,,,,,,,,L2 Yellow Tag,2026-06-10 16:29:38,Najah Robertson,2026-09-09T00:25:35.989077+00:00
42472,10569781,EDCATL11VES04030,VES,Fire Alarm,,,ROOF,Cx Lvl 1 Complete,Nexus,,Honeywell,VEP-A00-1P-NTF-VN,10968978,,MC Dean,Fire Protection System,2025-10-21 19:49:29,Najah Robertson,2026-05-13 15:40:59,Najah Robertson,,,,,,,,,,,,,L1 Red Tag,2026-05-13 15:40:59,Najah Robertson,2026-09-09T00:25:35.989077+00:00
42472,10569783,EDCATL11VES04086,VES,Fire Alarm,,,ROOF,Cx Lvl 1 Complete,Nexus,,Honeywell,VEP-A00-1P-NTF-VN,10951015,,MC Dean,Fire Protection System,2025-10-21 19:50:34,Najah Robertson,2026-05-13 15:45:58,Najah Robertson,,,,,,,,,,,,,L1 Red Tag,2026-05-13 15:45:58,Najah Robertson,2026-09-09T00:25:35.989077+00:00
42472,10837514,EDCATL11WCS00300,WCS,Plumbing,,,3081,Cx Lvl 2 Complete,Art plumbing,,Culligan,0103479,T205804139,,Art Plumbing,Chemical Feeder System,2025-12-03 14:43:07,Najah Robertson,2026-02-05 17:28:58,Najah Robertson,,,2026-07-21 14:47:24,Najah Robertson,,,,,,,,,L2 Yellow Tag,2026-07-21 14:47:24,Najah Robertson,2026-09-09T00:25:35.989077+00:00
42472,9534954,Faith Site Arrival checklist at integrator,,Electrical,,,Integrator,Not Installed,,,,,,,,,2025-06-02 19:58:00,Ben Reynolds,,,,,,,,,,,,,,,No Tag,2025-06-02 19:58:00,Ben Reynolds,2026-09-09T00:25:35.989077+00:00
